["{\"type\":\"list\",\"attributes\":{\"names\":{\"type\":\"character\",\"attributes\":{},\"value\":[\"method\",\"model\",\"level\",\"mean\",\"lower\",\"upper\",\"x\",\"series\",\"fitted\",\"residuals\"]},\"class\":{\"type\":\"character\",\"attributes\":{},\"value\":[\"forecast\"]}},\"value\":[{\"type\":\"character\",\"attributes\":{},\"value\":[\"ARIMA(0,1,0)\"]},{\"type\":\"list\",\"attributes\":{\"names\":{\"type\":\"character\",\"attributes\":{},\"value\":[\"coef\",\"sigma2\",\"var.coef\",\"mask\",\"loglik\",\"aic\",\"arma\",\"residuals\",\"call\",\"series\",\"code\",\"n.cond\",\"nobs\",\"model\",\"aicc\",\"bic\",\"x\",\"fitted\"]},\"class\":{\"type\":\"character\",\"attributes\":{},\"value\":[\"forecast_ARIMA\",\"ARIMA\",\"Arima\"]}},\"value\":[{\"type\":\"double\",\"attributes\":{},\"value\":[]},{\"type\":\"double\",\"attributes\":{},\"value\":[62.42344307]},{\"type\":\"double\",\"attributes\":{},\"value\":[]},{\"type\":\"logical\",\"attributes\":{},\"value\":[]},{\"type\":\"double\",\"attributes\":{},\"value\":[-1024.7732847]},{\"type\":\"double\",\"attributes\":{},\"value\":[2051.5465694]},{\"type\":\"integer\",\"attributes\":{},\"value\":[0,0,0,0,1,1,0]},{\"type\":\"double\",\"attributes\":{\"tsp\":{\"type\":\"double\",\"attributes\":{},\"value\":[1,372,1]},\"class\":{\"type\":\"character\",\"attributes\":{},\"value\":[\"ts\"]}},\"value\":[0.02499999,7,-2,6,-8,4,1,0,-2,2,8,1,-2,17,1,-23,13,-10,-3,-13,1,16,2,4,6,\"NA\",25.45584412,4,-36,-12,8,-2,-8,\"NA\",-5.65685425,9,5,-10,17,-4,\"NA\",-4.94974747,17,-25,-1,-5,3,4,12,1,6,\"NA\",-0.70710678,0,-13,-9,\"NA\",\"NA\",-16.74315781,13,2,-7,8,0,\"NA\",\"NA\",0.57735027,-2,1,\"NA\",4.24264069,5,\"NA\",-2.12132034,-4,\"NA\",\"NA\",1.73205081,0,6,\"NA\",\"NA\",-0.57735027,4,2,-3,\"NA\",\"NA\",1.73205081,0,-3,3,-10,-4,\"NA\",-6.36396103,11,-4,2,-2,10,3,1,-3,0,-3,-3,5,-11,0,-3,13,-6,0,-3,\"NA\",3.53553391,\"NA\",\"NA\",-5.77350269,-8,6,\"NA\",4.94974747,-10,\"NA\",\"NA\",1.73205081,\"NA\",0.70710678,-3,4,1,-5,8,-2,6,-1,13,-12,6,-6,\"NA\",-2.82842712,\"NA\",-8.48528137,11,-3,8,\"NA\",-2.82842712,-2,7,-5,9,-6,\"NA\",2.82842712,7,6,3,-3,5,-1,-3,2,3,-6,-16,-12,1,2,6,1,-2,6,-3,-5,3,-6,1,-1,-1,-2,-1,0,1,3,1,1,4,\"NA\",-4.24264069,\"NA\",0,\"NA\",2.12132034,\"NA\",3.53553391,-3,-1,2,2,\"NA\",-8.48528137,7,-4,1,2,\"NA\",\"NA\",10.96965511,-3,2,1,\"NA\",11.3137085,-1,-1,-5,4,1,21,-20,4,8,-5,-6,\"NA\",-8.48528137,\"NA\",-0.70710678,\"NA\",4.94974747,\"NA\",5.65685425,13,-6,-4,0,-3,-6,-3,-7,-2,3,-4,\"NA\",14.14213562,6,-12,-19,18,-4,1,-4,6,7,2,\"NA\",\"NA\",-0.57735027,-5,\"NA\",6.36396103,-15,-9,-5,4,0,8,\"NA\",\"NA\",10.96965511,1,-7,8,-19,-11,\"NA\",0,9,-1,0,\"NA\",\"NA\",\"NA\",3,1,-27,12,-8,-2,-1,0,5,\"NA\",\"NA\",\"NA\",6.5,-8,-10,-4,-4,-6,6,5,0,6,3,9,\"NA\",\"NA\",\"NA\",\"NA\",\"NA\",\"NA\",\"NA\",\"NA\",\"NA\",\"NA\",\"NA\",\"NA\",\"NA\",\"NA\",\"NA\",\"NA\",-5.57831938,\"NA\",\"NA\",\"NA\",5.5,8,2,0,8,7,-2,\"NA\",\"NA\",-5.19615242,-6,-2,-7,10,\"NA\",15.55634919,-7,15,-12,12,-1,-4,\"NA\",\"NA\",-5.19615242,18,\"NA\",-8.48528137,\"NA\",7.07106781,-19,2,6,-7,\"NA\",-2.82842712,-16,0,\"NA\",\"NA\",\"NA\"]},{\"type\":\"language\",\"attributes\":{},\"value\":[\"Arima(y = c(25L, 32L, 30L, 36L, 28L, 32L, 33L, 33L, 31L, 33L, \",\"41L, 42L, 40L, 57L, 58L, 35L, 48L, 38L, 35L, 22L, 23L, 39L, 41L, \",\"45L, 51L, NA, 87L, 91L, 55L, 43L, 51L, 49L, 41L, NA, 33L, 42L, \",\"47L, 37L, 54L, 50L, NA, 43L, 60L, 35L, 34L, 29L, 32L, 36L, 48L, \",\"49L, 55L, NA, 54L, 54L, 41L, 32L, NA, NA, 3L, 16L, 18L, 11L, \",\"19L, 19L, NA, NA, 20L, 18L, 19L, NA, 25L, 30L, NA, 27L, 23L, \",\"NA, NA, 26L, 26L, 32L, NA, NA, 31L, 35L, 37L, 34L, NA, NA, 37L, \",\"37L, 34L, 37L, 27L, 23L, NA, 14L, 25L, 21L, 23L, 21L, 31L, 34L, \",\"35L, 32L, 32L, 29L, 26L, 31L, 20L, 20L, 17L, 30L, 24L, 24L, 21L, \",\"NA, 26L, NA, NA, 16L, 8L, 14L, NA, 21L, 11L, NA, NA, 14L, NA, \",\"15L, 12L, 16L, 17L, 12L, 20L, 18L, 24L, 23L, 36L, 24L, 30L, 24L, \",\"NA, 20L, NA, 8L, 19L, 16L, 24L, NA, 20L, 18L, 25L, 20L, 29L, \",\"23L, NA, 27L, 34L, 40L, 43L, 40L, 45L, 44L, 41L, 43L, 46L, 40L, \",\"24L, 12L, 13L, 15L, 21L, 22L, 20L, 26L, 23L, 18L, 21L, 15L, 16L, \",\"15L, 14L, 12L, 11L, 11L, 12L, 15L, 16L, 17L, 21L, NA, 15L, NA, \",\"15L, NA, 18L, NA, 23L, 20L, 19L, 21L, 23L, NA, 11L, 18L, 14L, \",\"15L, 17L, NA, NA, 36L, 33L, 35L, 36L, NA, 52L, 51L, 50L, 45L, \",\"49L, 50L, 71L, 51L, 55L, 63L, 58L, 52L, NA, 40L, NA, 39L, NA, \",\"46L, NA, 54L, 67L, 61L, 57L, 57L, 54L, 48L, 45L, 38L, 36L, 39L, \",\"35L, NA, 55L, 61L, 49L, 30L, 48L, 44L, 45L, 41L, 47L, 54L, 56L, \",\"NA, NA, 55L, 50L, NA, 59L, 44L, 35L, 30L, 34L, 34L, 42L, NA, \",\"NA, 61L, 62L, 55L, 63L, 44L, 33L, NA, 33L, 42L, 41L, 41L, NA, \",\"NA, NA, 47L, 48L, 21L, 33L, 25L, 23L, 22L, 22L, 27L, NA, NA, \",\"NA, 40L, 32L, 22L, 18L, 14L, 8L, 14L, 19L, 19L, 25L, 28L, 37L, \",\"NA, NA, NA, NA, NA, NA, NA, NA, NA, NA, NA, NA, NA, NA, NA, NA, \",\"14L, NA, NA, NA, 25L, 33L, 35L, 35L, 43L, 50L, 48L, NA, NA, 39L, \",\"33L, 31L, 24L, 34L, NA, 56L, 49L, 64L, 52L, 64L, 63L, 59L, NA, \",\"NA, 50L, 68L, NA, 56L, NA, 66L, 47L, 49L, 55L, 48L, NA, 44L, \",\"28L, 28L, NA, NA, NA), order = c(0, 1, 0))\"]},{\"type\":\"character\",\"attributes\":{},\"value\":[\"c(25L, 32L, 30L, 36L, 28L, 32L, 33L, 33L, 31L, 33L, 41L, 42L, \",\"40L, 57L, 58L, 35L, 48L, 38L, 35L, 22L, 23L, 39L, 41L, 45L, 51L, \",\"NA, 87L, 91L, 55L, 43L, 51L, 49L, 41L, NA, 33L, 42L, 47L, 37L, \",\"54L, 50L, NA, 43L, 60L, 35L, 34L, 29L, 32L, 36L, 48L, 49L, 55L, \",\"NA, 54L, 54L, 41L, 32L, NA, NA, 3L, 16L, 18L, 11L, 19L, 19L, \",\"NA, NA, 20L, 18L, 19L, NA, 25L, 30L, NA, 27L, 23L, NA, NA, 26L, \",\"26L, 32L, NA, NA, 31L, 35L, 37L, 34L, NA, NA, 37L, 37L, 34L, \",\"37L, 27L, 23L, NA, 14L, 25L, 21L, 23L, 21L, 31L, 34L, 35L, 32L, \",\"32L, 29L, 26L, 31L, 20L, 20L, 17L, 30L, 24L, 24L, 21L, NA, 26L, \",\"NA, NA, 16L, 8L, 14L, NA, 21L, 11L, NA, NA, 14L, NA, 15L, 12L, \",\"16L, 17L, 12L, 20L, 18L, 24L, 23L, 36L, 24L, 30L, 24L, NA, 20L, \",\"NA, 8L, 19L, 16L, 24L, NA, 20L, 18L, 25L, 20L, 29L, 23L, NA, \",\"27L, 34L, 40L, 43L, 40L, 45L, 44L, 41L, 43L, 46L, 40L, 24L, 12L, \",\"13L, 15L, 21L, 22L, 20L, 26L, 23L, 18L, 21L, 15L, 16L, 15L, 14L, \",\"12L, 11L, 11L, 12L, 15L, 16L, 17L, 21L, NA, 15L, NA, 15L, NA, \",\"18L, NA, 23L, 20L, 19L, 21L, 23L, NA, 11L, 18L, 14L, 15L, 17L, \",\"NA, NA, 36L, 33L, 35L, 36L, NA, 52L, 51L, 50L, 45L, 49L, 50L, \",\"71L, 51L, 55L, 63L, 58L, 52L, NA, 40L, NA, 39L, NA, 46L, NA, \",\"54L, 67L, 61L, 57L, 57L, 54L, 48L, 45L, 38L, 36L, 39L, 35L, NA, \",\"55L, 61L, 49L, 30L, 48L, 44L, 45L, 41L, 47L, 54L, 56L, NA, NA, \",\"55L, 50L, NA, 59L, 44L, 35L, 30L, 34L, 34L, 42L, NA, NA, 61L, \",\"62L, 55L, 63L, 44L, 33L, NA, 33L, 42L, 41L, 41L, NA, NA, NA, \",\"47L, 48L, 21L, 33L, 25L, 23L, 22L, 22L, 27L, NA, NA, NA, 40L, \",\"32L, 22L, 18L, 14L, 8L, 14L, 19L, 19L, 25L, 28L, 37L, NA, NA, \",\"NA, NA, NA, NA, NA, NA, NA, NA, NA, NA, NA, NA, NA, NA, 14L, \",\"NA, NA, NA, 25L, 33L, 35L, 35L, 43L, 50L, 48L, NA, NA, 39L, 33L, \",\"31L, 24L, 34L, NA, 56L, 49L, 64L, 52L, 64L, 63L, 59L, NA, NA, \",\"50L, 68L, NA, 56L, NA, 66L, 47L, 49L, 55L, 48L, NA, 44L, 28L, \",\"28L, NA, NA, NA)\"]},{\"type\":\"double\",\"attributes\":{},\"value\":[0]},{\"type\":\"double\",\"attributes\":{},\"value\":[0]},{\"type\":\"integer\",\"attributes\":{},\"value\":[288]},{\"type\":\"list\",\"attributes\":{\"names\":{\"type\":\"character\",\"attributes\":{},\"value\":[\"phi\",\"theta\",\"Delta\",\"Z\",\"a\",\"P\",\"T\",\"V\",\"h\",\"Pn\"]}},\"value\":[{\"type\":\"double\",\"attributes\":{},\"value\":[]},{\"type\":\"double\",\"attributes\":{},\"value\":[]},{\"type\":\"double\",\"attributes\":{},\"value\":[1]},{\"type\":\"double\",\"attributes\":{},\"value\":[1,1]},{\"type\":\"double\",\"attributes\":{},\"value\":[0,28]},{\"type\":\"double\",\"attributes\":{\"dim\":{\"type\":\"integer\",\"attributes\":{},\"value\":[2,2]}},\"value\":[1,0,0,2]},{\"type\":\"double\",\"attributes\":{\"dim\":{\"type\":\"integer\",\"attributes\":{},\"value\":[2,2]}},\"value\":[0,1,0,1]},{\"type\":\"double\",\"attributes\":{\"dim\":{\"type\":\"integer\",\"attributes\":{},\"value\":[2,2]}},\"value\":[1,0,0,0]},{\"type\":\"double\",\"attributes\":{},\"value\":[0]},{\"type\":\"double\",\"attributes\":{\"dim\":{\"type\":\"integer\",\"attributes\":{},\"value\":[2,2]}},\"value\":[1,0,0,2]}]},{\"type\":\"double\",\"attributes\":{},\"value\":[2051.56055541]},{\"type\":\"double\",\"attributes\":{},\"value\":[2055.20952988]},{\"type\":\"integer\",\"attributes\":{\"tsp\":{\"type\":\"double\",\"attributes\":{},\"value\":[1,372,1]},\"class\":{\"type\":\"character\",\"attributes\":{},\"value\":[\"ts\"]}},\"value\":[25,32,30,36,28,32,33,33,31,33,41,42,40,57,58,35,48,38,35,22,23,39,41,45,51,\"NA\",87,91,55,43,51,49,41,\"NA\",33,42,47,37,54,50,\"NA\",43,60,35,34,29,32,36,48,49,55,\"NA\",54,54,41,32,\"NA\",\"NA\",3,16,18,11,19,19,\"NA\",\"NA\",20,18,19,\"NA\",25,30,\"NA\",27,23,\"NA\",\"NA\",26,26,32,\"NA\",\"NA\",31,35,37,34,\"NA\",\"NA\",37,37,34,37,27,23,\"NA\",14,25,21,23,21,31,34,35,32,32,29,26,31,20,20,17,30,24,24,21,\"NA\",26,\"NA\",\"NA\",16,8,14,\"NA\",21,11,\"NA\",\"NA\",14,\"NA\",15,12,16,17,12,20,18,24,23,36,24,30,24,\"NA\",20,\"NA\",8,19,16,24,\"NA\",20,18,25,20,29,23,\"NA\",27,34,40,43,40,45,44,41,43,46,40,24,12,13,15,21,22,20,26,23,18,21,15,16,15,14,12,11,11,12,15,16,17,21,\"NA\",15,\"NA\",15,\"NA\",18,\"NA\",23,20,19,21,23,\"NA\",11,18,14,15,17,\"NA\",\"NA\",36,33,35,36,\"NA\",52,51,50,45,49,50,71,51,55,63,58,52,\"NA\",40,\"NA\",39,\"NA\",46,\"NA\",54,67,61,57,57,54,48,45,38,36,39,35,\"NA\",55,61,49,30,48,44,45,41,47,54,56,\"NA\",\"NA\",55,50,\"NA\",59,44,35,30,34,34,42,\"NA\",\"NA\",61,62,55,63,44,33,\"NA\",33,42,41,41,\"NA\",\"NA\",\"NA\",47,48,21,33,25,23,22,22,27,\"NA\",\"NA\",\"NA\",40,32,22,18,14,8,14,19,19,25,28,37,\"NA\",\"NA\",\"NA\",\"NA\",\"NA\",\"NA\",\"NA\",\"NA\",\"NA\",\"NA\",\"NA\",\"NA\",\"NA\",\"NA\",\"NA\",\"NA\",14,\"NA\",\"NA\",\"NA\",25,33,35,35,43,50,48,\"NA\",\"NA\",39,33,31,24,34,\"NA\",56,49,64,52,64,63,59,\"NA\",\"NA\",50,68,\"NA\",56,\"NA\",66,47,49,55,48,\"NA\",44,28,28,\"NA\",\"NA\",\"NA\"]},{\"type\":\"double\",\"attributes\":{\"tsp\":{\"type\":\"double\",\"attributes\":{},\"value\":[1,372,1]},\"class\":{\"type\":\"character\",\"attributes\":{},\"value\":[\"ts\"]}},\"value\":[24.97500001,25,32,30,36,28,32,33,33,31,33,41,42,40,57,58,35,48,38,35,22,23,39,41,45,\"NA\",61.54415588,87,91,55,43,51,49,\"NA\",38.65685425,33,42,47,37,54,\"NA\",47.94974747,43,60,35,34,29,32,36,48,49,\"NA\",54.70710678,54,54,41,\"NA\",\"NA\",19.74315781,3,16,18,11,19,\"NA\",\"NA\",19.42264973,20,18,\"NA\",20.75735931,25,\"NA\",29.12132034,27,\"NA\",\"NA\",24.26794919,26,26,\"NA\",\"NA\",31.57735027,31,35,37,\"NA\",\"NA\",35.26794919,37,37,34,37,27,\"NA\",20.36396103,14,25,21,23,21,31,34,35,32,32,29,26,31,20,20,17,30,24,24,\"NA\",22.46446609,\"NA\",\"NA\",21.77350269,16,8,\"NA\",16.05025253,21,\"NA\",\"NA\",12.26794919,\"NA\",14.29289322,15,12,16,17,12,20,18,24,23,36,24,30,\"NA\",22.82842712,\"NA\",16.48528137,8,19,16,\"NA\",22.82842712,20,18,25,20,29,\"NA\",24.17157288,27,34,40,43,40,45,44,41,43,46,40,24,12,13,15,21,22,20,26,23,18,21,15,16,15,14,12,11,11,12,15,16,17,\"NA\",19.24264069,\"NA\",15,\"NA\",15.87867966,\"NA\",19.46446609,23,20,19,21,\"NA\",19.48528137,11,18,14,15,\"NA\",\"NA\",25.03034489,36,33,35,\"NA\",40.6862915,52,51,50,45,49,50,71,51,55,63,58,\"NA\",48.48528137,\"NA\",39.70710678,\"NA\",41.05025253,\"NA\",48.34314575,54,67,61,57,57,54,48,45,38,36,39,\"NA\",40.85786438,55,61,49,30,48,44,45,41,47,54,\"NA\",\"NA\",55.57735027,55,\"NA\",52.63603897,59,44,35,30,34,34,\"NA\",\"NA\",50.03034489,61,62,55,63,44,\"NA\",33,33,42,41,\"NA\",\"NA\",\"NA\",44,47,48,21,33,25,23,22,22,\"NA\",\"NA\",\"NA\",33.5,40,32,22,18,14,8,14,19,19,25,28,\"NA\",\"NA\",\"NA\",\"NA\",\"NA\",\"NA\",\"NA\",\"NA\",\"NA\",\"NA\",\"NA\",\"NA\",\"NA\",\"NA\",\"NA\",\"NA\",19.57831938,\"NA\",\"NA\",\"NA\",19.5,25,33,35,35,43,50,\"NA\",\"NA\",44.19615242,39,33,31,24,\"NA\",40.44365081,56,49,64,52,64,63,\"NA\",\"NA\",55.19615242,50,\"NA\",64.48528137,\"NA\",58.92893219,66,47,49,55,\"NA\",46.82842712,44,28,\"NA\",\"NA\",\"NA\"]}]},{\"type\":\"double\",\"attributes\":{},\"value\":[95]},{\"type\":\"double\",\"attributes\":{\"tsp\":{\"type\":\"double\",\"attributes\":{},\"value\":[373,385,1]},\"class\":{\"type\":\"character\",\"attributes\":{},\"value\":[\"ts\"]}},\"value\":[28,28,28,28,28,28,28,28,28,28,28,28,28]},{\"type\":\"double\",\"attributes\":{\"dim\":{\"type\":\"integer\",\"attributes\":{},\"value\":[13,1]},\"dimnames\":{\"type\":\"list\",\"attributes\":{},\"value\":[{\"type\":\"NULL\"},{\"type\":\"character\",\"attributes\":{},\"value\":[\"95%\"]}]},\"tsp\":{\"type\":\"double\",\"attributes\":{},\"value\":[373,385,1]},\"class\":{\"type\":\"character\",\"attributes\":{},\"value\":[\"ts\"]}},\"value\":[-2.97076596,-6.626369,-9.93128677,-12.97047232,-15.79927726,-18.45614894,-20.96908065,-23.35920508,-25.64294019,-27.83334235,-29.94099761,-31.97463039,-33.94153192]},{\"type\":\"double\",\"attributes\":{\"dim\":{\"type\":\"integer\",\"attributes\":{},\"value\":[13,1]},\"dimnames\":{\"type\":\"list\",\"attributes\":{},\"value\":[{\"type\":\"NULL\"},{\"type\":\"character\",\"attributes\":{},\"value\":[\"95%\"]}]},\"tsp\":{\"type\":\"double\",\"attributes\":{},\"value\":[373,385,1]},\"class\":{\"type\":\"character\",\"attributes\":{},\"value\":[\"ts\"]}},\"value\":[58.97076596,62.626369,65.93128677,68.97047232,71.79927726,74.45614894,76.96908065,79.35920508,81.64294019,83.83334235,85.94099761,87.97463039,89.94153192]},{\"type\":\"integer\",\"attributes\":{\"tsp\":{\"type\":\"double\",\"attributes\":{},\"value\":[1,372,1]},\"class\":{\"type\":\"character\",\"attributes\":{},\"value\":[\"ts\"]}},\"value\":[25,32,30,36,28,32,33,33,31,33,41,42,40,57,58,35,48,38,35,22,23,39,41,45,51,\"NA\",87,91,55,43,51,49,41,\"NA\",33,42,47,37,54,50,\"NA\",43,60,35,34,29,32,36,48,49,55,\"NA\",54,54,41,32,\"NA\",\"NA\",3,16,18,11,19,19,\"NA\",\"NA\",20,18,19,\"NA\",25,30,\"NA\",27,23,\"NA\",\"NA\",26,26,32,\"NA\",\"NA\",31,35,37,34,\"NA\",\"NA\",37,37,34,37,27,23,\"NA\",14,25,21,23,21,31,34,35,32,32,29,26,31,20,20,17,30,24,24,21,\"NA\",26,\"NA\",\"NA\",16,8,14,\"NA\",21,11,\"NA\",\"NA\",14,\"NA\",15,12,16,17,12,20,18,24,23,36,24,30,24,\"NA\",20,\"NA\",8,19,16,24,\"NA\",20,18,25,20,29,23,\"NA\",27,34,40,43,40,45,44,41,43,46,40,24,12,13,15,21,22,20,26,23,18,21,15,16,15,14,12,11,11,12,15,16,17,21,\"NA\",15,\"NA\",15,\"NA\",18,\"NA\",23,20,19,21,23,\"NA\",11,18,14,15,17,\"NA\",\"NA\",36,33,35,36,\"NA\",52,51,50,45,49,50,71,51,55,63,58,52,\"NA\",40,\"NA\",39,\"NA\",46,\"NA\",54,67,61,57,57,54,48,45,38,36,39,35,\"NA\",55,61,49,30,48,44,45,41,47,54,56,\"NA\",\"NA\",55,50,\"NA\",59,44,35,30,34,34,42,\"NA\",\"NA\",61,62,55,63,44,33,\"NA\",33,42,41,41,\"NA\",\"NA\",\"NA\",47,48,21,33,25,23,22,22,27,\"NA\",\"NA\",\"NA\",40,32,22,18,14,8,14,19,19,25,28,37,\"NA\",\"NA\",\"NA\",\"NA\",\"NA\",\"NA\",\"NA\",\"NA\",\"NA\",\"NA\",\"NA\",\"NA\",\"NA\",\"NA\",\"NA\",\"NA\",14,\"NA\",\"NA\",\"NA\",25,33,35,35,43,50,48,\"NA\",\"NA\",39,33,31,24,34,\"NA\",56,49,64,52,64,63,59,\"NA\",\"NA\",50,68,\"NA\",56,\"NA\",66,47,49,55,48,\"NA\",44,28,28,\"NA\",\"NA\",\"NA\"]},{\"type\":\"character\",\"attributes\":{},\"value\":[\"c(25L, 32L, 30L, 36L, 28L, 32L, 33L, 33L, 31L, 33L, 41L, 42L, \",\"40L, 57L, 58L, 35L, 48L, 38L, 35L, 22L, 23L, 39L, 41L, 45L, 51L, \",\"NA, 87L, 91L, 55L, 43L, 51L, 49L, 41L, NA, 33L, 42L, 47L, 37L, \",\"54L, 50L, NA, 43L, 60L, 35L, 34L, 29L, 32L, 36L, 48L, 49L, 55L, \",\"NA, 54L, 54L, 41L, 32L, NA, NA, 3L, 16L, 18L, 11L, 19L, 19L, \",\"NA, NA, 20L, 18L, 19L, NA, 25L, 30L, NA, 27L, 23L, NA, NA, 26L, \",\"26L, 32L, NA, NA, 31L, 35L, 37L, 34L, NA, NA, 37L, 37L, 34L, \",\"37L, 27L, 23L, NA, 14L, 25L, 21L, 23L, 21L, 31L, 34L, 35L, 32L, \",\"32L, 29L, 26L, 31L, 20L, 20L, 17L, 30L, 24L, 24L, 21L, NA, 26L, \",\"NA, NA, 16L, 8L, 14L, NA, 21L, 11L, NA, NA, 14L, NA, 15L, 12L, \",\"16L, 17L, 12L, 20L, 18L, 24L, 23L, 36L, 24L, 30L, 24L, NA, 20L, \",\"NA, 8L, 19L, 16L, 24L, NA, 20L, 18L, 25L, 20L, 29L, 23L, NA, \",\"27L, 34L, 40L, 43L, 40L, 45L, 44L, 41L, 43L, 46L, 40L, 24L, 12L, \",\"13L, 15L, 21L, 22L, 20L, 26L, 23L, 18L, 21L, 15L, 16L, 15L, 14L, \",\"12L, 11L, 11L, 12L, 15L, 16L, 17L, 21L, NA, 15L, NA, 15L, NA, \",\"18L, NA, 23L, 20L, 19L, 21L, 23L, NA, 11L, 18L, 14L, 15L, 17L, \",\"NA, NA, 36L, 33L, 35L, 36L, NA, 52L, 51L, 50L, 45L, 49L, 50L, \",\"71L, 51L, 55L, 63L, 58L, 52L, NA, 40L, NA, 39L, NA, 46L, NA, \",\"54L, 67L, 61L, 57L, 57L, 54L, 48L, 45L, 38L, 36L, 39L, 35L, NA, \",\"55L, 61L, 49L, 30L, 48L, 44L, 45L, 41L, 47L, 54L, 56L, NA, NA, \",\"55L, 50L, NA, 59L, 44L, 35L, 30L, 34L, 34L, 42L, NA, NA, 61L, \",\"62L, 55L, 63L, 44L, 33L, NA, 33L, 42L, 41L, 41L, NA, NA, NA, \",\"47L, 48L, 21L, 33L, 25L, 23L, 22L, 22L, 27L, NA, NA, NA, 40L, \",\"32L, 22L, 18L, 14L, 8L, 14L, 19L, 19L, 25L, 28L, 37L, NA, NA, \",\"NA, NA, NA, NA, NA, NA, NA, NA, NA, NA, NA, NA, NA, NA, 14L, \",\"NA, NA, NA, 25L, 33L, 35L, 35L, 43L, 50L, 48L, NA, NA, 39L, 33L, \",\"31L, 24L, 34L, NA, 56L, 49L, 64L, 52L, 64L, 63L, 59L, NA, NA, \",\"50L, 68L, NA, 56L, NA, 66L, 47L, 49L, 55L, 48L, NA, 44L, 28L, \",\"28L, NA, NA, NA)\"]},{\"type\":\"double\",\"attributes\":{\"tsp\":{\"type\":\"double\",\"attributes\":{},\"value\":[1,372,1]},\"class\":{\"type\":\"character\",\"attributes\":{},\"value\":[\"ts\"]}},\"value\":[24.97500001,25,32,30,36,28,32,33,33,31,33,41,42,40,57,58,35,48,38,35,22,23,39,41,45,\"NA\",61.54415588,87,91,55,43,51,49,\"NA\",38.65685425,33,42,47,37,54,\"NA\",47.94974747,43,60,35,34,29,32,36,48,49,\"NA\",54.70710678,54,54,41,\"NA\",\"NA\",19.74315781,3,16,18,11,19,\"NA\",\"NA\",19.42264973,20,18,\"NA\",20.75735931,25,\"NA\",29.12132034,27,\"NA\",\"NA\",24.26794919,26,26,\"NA\",\"NA\",31.57735027,31,35,37,\"NA\",\"NA\",35.26794919,37,37,34,37,27,\"NA\",20.36396103,14,25,21,23,21,31,34,35,32,32,29,26,31,20,20,17,30,24,24,\"NA\",22.46446609,\"NA\",\"NA\",21.77350269,16,8,\"NA\",16.05025253,21,\"NA\",\"NA\",12.26794919,\"NA\",14.29289322,15,12,16,17,12,20,18,24,23,36,24,30,\"NA\",22.82842712,\"NA\",16.48528137,8,19,16,\"NA\",22.82842712,20,18,25,20,29,\"NA\",24.17157288,27,34,40,43,40,45,44,41,43,46,40,24,12,13,15,21,22,20,26,23,18,21,15,16,15,14,12,11,11,12,15,16,17,\"NA\",19.24264069,\"NA\",15,\"NA\",15.87867966,\"NA\",19.46446609,23,20,19,21,\"NA\",19.48528137,11,18,14,15,\"NA\",\"NA\",25.03034489,36,33,35,\"NA\",40.6862915,52,51,50,45,49,50,71,51,55,63,58,\"NA\",48.48528137,\"NA\",39.70710678,\"NA\",41.05025253,\"NA\",48.34314575,54,67,61,57,57,54,48,45,38,36,39,\"NA\",40.85786438,55,61,49,30,48,44,45,41,47,54,\"NA\",\"NA\",55.57735027,55,\"NA\",52.63603897,59,44,35,30,34,34,\"NA\",\"NA\",50.03034489,61,62,55,63,44,\"NA\",33,33,42,41,\"NA\",\"NA\",\"NA\",44,47,48,21,33,25,23,22,22,\"NA\",\"NA\",\"NA\",33.5,40,32,22,18,14,8,14,19,19,25,28,\"NA\",\"NA\",\"NA\",\"NA\",\"NA\",\"NA\",\"NA\",\"NA\",\"NA\",\"NA\",\"NA\",\"NA\",\"NA\",\"NA\",\"NA\",\"NA\",19.57831938,\"NA\",\"NA\",\"NA\",19.5,25,33,35,35,43,50,\"NA\",\"NA\",44.19615242,39,33,31,24,\"NA\",40.44365081,56,49,64,52,64,63,\"NA\",\"NA\",55.19615242,50,\"NA\",64.48528137,\"NA\",58.92893219,66,47,49,55,\"NA\",46.82842712,44,28,\"NA\",\"NA\",\"NA\"]},{\"type\":\"double\",\"attributes\":{\"tsp\":{\"type\":\"double\",\"attributes\":{},\"value\":[1,372,1]},\"class\":{\"type\":\"character\",\"attributes\":{},\"value\":[\"ts\"]}},\"value\":[0.02499999,7,-2,6,-8,4,1,0,-2,2,8,1,-2,17,1,-23,13,-10,-3,-13,1,16,2,4,6,\"NA\",25.45584412,4,-36,-12,8,-2,-8,\"NA\",-5.65685425,9,5,-10,17,-4,\"NA\",-4.94974747,17,-25,-1,-5,3,4,12,1,6,\"NA\",-0.70710678,0,-13,-9,\"NA\",\"NA\",-16.74315781,13,2,-7,8,0,\"NA\",\"NA\",0.57735027,-2,1,\"NA\",4.24264069,5,\"NA\",-2.12132034,-4,\"NA\",\"NA\",1.73205081,0,6,\"NA\",\"NA\",-0.57735027,4,2,-3,\"NA\",\"NA\",1.73205081,0,-3,3,-10,-4,\"NA\",-6.36396103,11,-4,2,-2,10,3,1,-3,0,-3,-3,5,-11,0,-3,13,-6,0,-3,\"NA\",3.53553391,\"NA\",\"NA\",-5.77350269,-8,6,\"NA\",4.94974747,-10,\"NA\",\"NA\",1.73205081,\"NA\",0.70710678,-3,4,1,-5,8,-2,6,-1,13,-12,6,-6,\"NA\",-2.82842712,\"NA\",-8.48528137,11,-3,8,\"NA\",-2.82842712,-2,7,-5,9,-6,\"NA\",2.82842712,7,6,3,-3,5,-1,-3,2,3,-6,-16,-12,1,2,6,1,-2,6,-3,-5,3,-6,1,-1,-1,-2,-1,0,1,3,1,1,4,\"NA\",-4.24264069,\"NA\",0,\"NA\",2.12132034,\"NA\",3.53553391,-3,-1,2,2,\"NA\",-8.48528137,7,-4,1,2,\"NA\",\"NA\",10.96965511,-3,2,1,\"NA\",11.3137085,-1,-1,-5,4,1,21,-20,4,8,-5,-6,\"NA\",-8.48528137,\"NA\",-0.70710678,\"NA\",4.94974747,\"NA\",5.65685425,13,-6,-4,0,-3,-6,-3,-7,-2,3,-4,\"NA\",14.14213562,6,-12,-19,18,-4,1,-4,6,7,2,\"NA\",\"NA\",-0.57735027,-5,\"NA\",6.36396103,-15,-9,-5,4,0,8,\"NA\",\"NA\",10.96965511,1,-7,8,-19,-11,\"NA\",0,9,-1,0,\"NA\",\"NA\",\"NA\",3,1,-27,12,-8,-2,-1,0,5,\"NA\",\"NA\",\"NA\",6.5,-8,-10,-4,-4,-6,6,5,0,6,3,9,\"NA\",\"NA\",\"NA\",\"NA\",\"NA\",\"NA\",\"NA\",\"NA\",\"NA\",\"NA\",\"NA\",\"NA\",\"NA\",\"NA\",\"NA\",\"NA\",-5.57831938,\"NA\",\"NA\",\"NA\",5.5,8,2,0,8,7,-2,\"NA\",\"NA\",-5.19615242,-6,-2,-7,10,\"NA\",15.55634919,-7,15,-12,12,-1,-4,\"NA\",\"NA\",-5.19615242,18,\"NA\",-8.48528137,\"NA\",7.07106781,-19,2,6,-7,\"NA\",-2.82842712,-16,0,\"NA\",\"NA\",\"NA\"]}]}"]
