["{\"type\":\"list\",\"attributes\":{\"names\":{\"type\":\"character\",\"attributes\":{},\"value\":[\"method\",\"model\",\"level\",\"mean\",\"lower\",\"upper\",\"x\",\"series\",\"fitted\",\"residuals\"]},\"class\":{\"type\":\"character\",\"attributes\":{},\"value\":[\"forecast\"]}},\"value\":[{\"type\":\"character\",\"attributes\":{},\"value\":[\"ARIMA(0,1,0)\"]},{\"type\":\"list\",\"attributes\":{\"names\":{\"type\":\"character\",\"attributes\":{},\"value\":[\"coef\",\"sigma2\",\"var.coef\",\"mask\",\"loglik\",\"aic\",\"arma\",\"residuals\",\"call\",\"series\",\"code\",\"n.cond\",\"nobs\",\"model\",\"aicc\",\"bic\",\"x\",\"fitted\"]},\"class\":{\"type\":\"character\",\"attributes\":{},\"value\":[\"forecast_ARIMA\",\"ARIMA\",\"Arima\"]}},\"value\":[{\"type\":\"double\",\"attributes\":{},\"value\":[]},{\"type\":\"double\",\"attributes\":{},\"value\":[1.39585483]},{\"type\":\"double\",\"attributes\":{},\"value\":[]},{\"type\":\"logical\",\"attributes\":{},\"value\":[]},{\"type\":\"double\",\"attributes\":{},\"value\":[-472.40716072]},{\"type\":\"double\",\"attributes\":{},\"value\":[946.81432143]},{\"type\":\"integer\",\"attributes\":{},\"value\":[0,0,0,0,1,1,0]},{\"type\":\"double\",\"attributes\":{\"tsp\":{\"type\":\"double\",\"attributes\":{},\"value\":[1,368,1]},\"class\":{\"type\":\"character\",\"attributes\":{},\"value\":[\"ts\"]}},\"value\":[0,0,0,0,0,0,0,0,0,0,0,0,0,1,1,-1,1,-2,1,-1,0,0,0,1,-1,\"NA\",0,2,-1,-1,0,1,-1,\"NA\",0,0,0,0,0,0,\"NA\",0.70710678,-1,0,0,0,0,0,0,0,0,\"NA\",0,0,0,0,\"NA\",\"NA\",0,0,0,0,0,0,\"NA\",\"NA\",0,0,0,\"NA\",0,0,\"NA\",1.41421356,-2,\"NA\",\"NA\",0,0,0,\"NA\",\"NA\",0,0,1,1,\"NA\",\"NA\",0,-1,-1,0,0,0,\"NA\",0,2,-2,1,1,-1,4,-4,3,-4,1,-1,0,0,1,-1,1,-1,0,0,\"NA\",0.70710678,\"NA\",\"NA\",-0.57735027,-5.55111512e-17,0,\"NA\",0,2,\"NA\",\"NA\",-1.15470054,\"NA\",0.70710678,-1,0,0,1,-1,2,-2,2,-2,0,0,0,\"NA\",0,\"NA\",0,0,1,1,\"NA\",-0.70710678,2,4,-6,-1,4,\"NA\",-1.41421356,0,0,-1,-1,0,0,1,0,0,-1,0,0,1,0,0,-1,0,0,1,-1,0,0,0,0,0,0,0,0,0,0,0,0,0,\"NA\",0,\"NA\",0,\"NA\",0,\"NA\",0,0,0,0,0,\"NA\",0,0,0,0,0,\"NA\",\"NA\",0,0,0,1,\"NA\",-0.70710678,0,1,-1,0,1,0,0,-1,0,0,0,\"NA\",0,\"NA\",0.70710678,\"NA\",0.70710678,\"NA\",0.70710678,3,-1,-2,-1,0,-2,2,-1,0,0,1,\"NA\",0.70710678,0,-1,-1,3,0,-4,0,3,2,-1,\"NA\",\"NA\",-2.30940108,1,\"NA\",-0.70710678,0,0,0,0,0,1,\"NA\",\"NA\",0,0,-1,2,0,-2,\"NA\",0.70710678,-1,1,0,\"NA\",\"NA\",\"NA\",-0.5,0,1,-1,0,1,-1,0,0,\"NA\",\"NA\",\"NA\",0,0,0,0,0,0,0,1,1,-2,0,2,\"NA\",\"NA\",\"NA\",\"NA\",\"NA\",\"NA\",\"NA\",\"NA\",\"NA\",\"NA\",\"NA\",\"NA\",\"NA\",\"NA\",\"NA\",\"NA\",-0.48507125,\"NA\",\"NA\",\"NA\",1,-2,1,0,0,0,-1,\"NA\",\"NA\",0,0,0,1,1,\"NA\",-0.70710678,0,3,-2,1,-2,1,\"NA\",\"NA\",2.30940108,-6,\"NA\",1.41421356,\"NA\",-1.41421356,0,0,0,0,\"NA\",\"NA\",\"NA\"]},{\"type\":\"language\",\"attributes\":{},\"value\":[\"Arima(y = c(0L, 0L, 0L, 0L, 0L, 0L, 0L, 0L, 0L, 0L, 0L, 0L, 0L, \",\"1L, 2L, 1L, 2L, 0L, 1L, 0L, 0L, 0L, 0L, 1L, 0L, NA, 0L, 2L, 1L, \",\"0L, 0L, 1L, 0L, NA, 0L, 0L, 0L, 0L, 0L, 0L, NA, 1L, 0L, 0L, 0L, \",\"0L, 0L, 0L, 0L, 0L, 0L, NA, 0L, 0L, 0L, 0L, NA, NA, 0L, 0L, 0L, \",\"0L, 0L, 0L, NA, NA, 0L, 0L, 0L, NA, 0L, 0L, NA, 2L, 0L, NA, NA, \",\"0L, 0L, 0L, NA, NA, 0L, 0L, 1L, 2L, NA, NA, 2L, 1L, 0L, 0L, 0L, \",\"0L, NA, 0L, 2L, 0L, 1L, 2L, 1L, 5L, 1L, 4L, 0L, 1L, 0L, 0L, 0L, \",\"1L, 0L, 1L, 0L, 0L, 0L, NA, 1L, NA, NA, 0L, 0L, 0L, NA, 0L, 2L, \",\"NA, NA, 0L, NA, 1L, 0L, 0L, 0L, 1L, 0L, 2L, 0L, 2L, 0L, 0L, 0L, \",\"0L, NA, 0L, NA, 0L, 0L, 1L, 2L, NA, 1L, 3L, 7L, 1L, 0L, 4L, NA, \",\"2L, 2L, 2L, 1L, 0L, 0L, 0L, 1L, 1L, 1L, 0L, 0L, 0L, 1L, 1L, 1L, \",\"0L, 0L, 0L, 1L, 0L, 0L, 0L, 0L, 0L, 0L, 0L, 0L, 0L, 0L, 0L, 0L, \",\"0L, 0L, NA, 0L, NA, 0L, NA, 0L, NA, 0L, 0L, 0L, 0L, 0L, NA, 0L, \",\"0L, 0L, 0L, 0L, NA, NA, 0L, 0L, 0L, 1L, NA, 0L, 0L, 1L, 0L, 0L, \",\"1L, 1L, 1L, 0L, 0L, 0L, 0L, NA, 0L, NA, 1L, NA, 2L, NA, 3L, 6L, \",\"5L, 3L, 2L, 2L, 0L, 2L, 1L, 1L, 1L, 2L, NA, 3L, 3L, 2L, 1L, 4L, \",\"4L, 0L, 0L, 3L, 5L, 4L, NA, NA, 0L, 1L, NA, 0L, 0L, 0L, 0L, 0L, \",\"0L, 1L, NA, NA, 1L, 1L, 0L, 2L, 2L, 0L, NA, 1L, 0L, 1L, 1L, NA, \",\"NA, NA, 0L, 0L, 1L, 0L, 0L, 1L, 0L, 0L, 0L, NA, NA, NA, 0L, 0L, \",\"0L, 0L, 0L, 0L, 0L, 1L, 2L, 0L, 0L, 2L, NA, NA, NA, NA, NA, NA, \",\"NA, NA, NA, NA, NA, NA, NA, NA, NA, NA, 0L, NA, NA, NA, 2L, 0L, \",\"1L, 1L, 1L, 1L, 0L, NA, NA, 0L, 0L, 0L, 1L, 2L, NA, 1L, 1L, 4L, \",\"2L, 3L, 1L, 2L, NA, NA, 6L, 0L, NA, 2L, NA, 0L, 0L, 0L, 0L, 0L, \",\"NA, NA, NA), order = c(0, 1, 0))\"]},{\"type\":\"character\",\"attributes\":{},\"value\":[\"c(0L, 0L, 0L, 0L, 0L, 0L, 0L, 0L, 0L, 0L, 0L, 0L, 0L, 1L, 2L, \",\"1L, 2L, 0L, 1L, 0L, 0L, 0L, 0L, 1L, 0L, NA, 0L, 2L, 1L, 0L, 0L, \",\"1L, 0L, NA, 0L, 0L, 0L, 0L, 0L, 0L, NA, 1L, 0L, 0L, 0L, 0L, 0L, \",\"0L, 0L, 0L, 0L, NA, 0L, 0L, 0L, 0L, NA, NA, 0L, 0L, 0L, 0L, 0L, \",\"0L, NA, NA, 0L, 0L, 0L, NA, 0L, 0L, NA, 2L, 0L, NA, NA, 0L, 0L, \",\"0L, NA, NA, 0L, 0L, 1L, 2L, NA, NA, 2L, 1L, 0L, 0L, 0L, 0L, NA, \",\"0L, 2L, 0L, 1L, 2L, 1L, 5L, 1L, 4L, 0L, 1L, 0L, 0L, 0L, 1L, 0L, \",\"1L, 0L, 0L, 0L, NA, 1L, NA, NA, 0L, 0L, 0L, NA, 0L, 2L, NA, NA, \",\"0L, NA, 1L, 0L, 0L, 0L, 1L, 0L, 2L, 0L, 2L, 0L, 0L, 0L, 0L, NA, \",\"0L, NA, 0L, 0L, 1L, 2L, NA, 1L, 3L, 7L, 1L, 0L, 4L, NA, 2L, 2L, \",\"2L, 1L, 0L, 0L, 0L, 1L, 1L, 1L, 0L, 0L, 0L, 1L, 1L, 1L, 0L, 0L, \",\"0L, 1L, 0L, 0L, 0L, 0L, 0L, 0L, 0L, 0L, 0L, 0L, 0L, 0L, 0L, 0L, \",\"NA, 0L, NA, 0L, NA, 0L, NA, 0L, 0L, 0L, 0L, 0L, NA, 0L, 0L, 0L, \",\"0L, 0L, NA, NA, 0L, 0L, 0L, 1L, NA, 0L, 0L, 1L, 0L, 0L, 1L, 1L, \",\"1L, 0L, 0L, 0L, 0L, NA, 0L, NA, 1L, NA, 2L, NA, 3L, 6L, 5L, 3L, \",\"2L, 2L, 0L, 2L, 1L, 1L, 1L, 2L, NA, 3L, 3L, 2L, 1L, 4L, 4L, 0L, \",\"0L, 3L, 5L, 4L, NA, NA, 0L, 1L, NA, 0L, 0L, 0L, 0L, 0L, 0L, 1L, \",\"NA, NA, 1L, 1L, 0L, 2L, 2L, 0L, NA, 1L, 0L, 1L, 1L, NA, NA, NA, \",\"0L, 0L, 1L, 0L, 0L, 1L, 0L, 0L, 0L, NA, NA, NA, 0L, 0L, 0L, 0L, \",\"0L, 0L, 0L, 1L, 2L, 0L, 0L, 2L, NA, NA, NA, NA, NA, NA, NA, NA, \",\"NA, NA, NA, NA, NA, NA, NA, NA, 0L, NA, NA, NA, 2L, 0L, 1L, 1L, \",\"1L, 1L, 0L, NA, NA, 0L, 0L, 0L, 1L, 2L, NA, 1L, 1L, 4L, 2L, 3L, \",\"1L, 2L, NA, NA, 6L, 0L, NA, 2L, NA, 0L, 0L, 0L, 0L, 0L, NA, NA, \",\"NA)\"]},{\"type\":\"double\",\"attributes\":{},\"value\":[0]},{\"type\":\"double\",\"attributes\":{},\"value\":[0]},{\"type\":\"integer\",\"attributes\":{},\"value\":[285]},{\"type\":\"list\",\"attributes\":{\"names\":{\"type\":\"character\",\"attributes\":{},\"value\":[\"phi\",\"theta\",\"Delta\",\"Z\",\"a\",\"P\",\"T\",\"V\",\"h\",\"Pn\"]}},\"value\":[{\"type\":\"double\",\"attributes\":{},\"value\":[]},{\"type\":\"double\",\"attributes\":{},\"value\":[]},{\"type\":\"double\",\"attributes\":{},\"value\":[1]},{\"type\":\"double\",\"attributes\":{},\"value\":[1,1]},{\"type\":\"double\",\"attributes\":{},\"value\":[0,0]},{\"type\":\"double\",\"attributes\":{\"dim\":{\"type\":\"integer\",\"attributes\":{},\"value\":[2,2]}},\"value\":[1,0,0,2]},{\"type\":\"double\",\"attributes\":{\"dim\":{\"type\":\"integer\",\"attributes\":{},\"value\":[2,2]}},\"value\":[0,1,0,1]},{\"type\":\"double\",\"attributes\":{\"dim\":{\"type\":\"integer\",\"attributes\":{},\"value\":[2,2]}},\"value\":[1,0,0,0]},{\"type\":\"double\",\"attributes\":{},\"value\":[0]},{\"type\":\"double\",\"attributes\":{\"dim\":{\"type\":\"integer\",\"attributes\":{},\"value\":[2,2]}},\"value\":[1,0,0,2]}]},{\"type\":\"double\",\"attributes\":{},\"value\":[946.82845571]},{\"type\":\"double\",\"attributes\":{},\"value\":[950.46681061]},{\"type\":\"integer\",\"attributes\":{\"tsp\":{\"type\":\"double\",\"attributes\":{},\"value\":[1,368,1]},\"class\":{\"type\":\"character\",\"attributes\":{},\"value\":[\"ts\"]}},\"value\":[0,0,0,0,0,0,0,0,0,0,0,0,0,1,2,1,2,0,1,0,0,0,0,1,0,\"NA\",0,2,1,0,0,1,0,\"NA\",0,0,0,0,0,0,\"NA\",1,0,0,0,0,0,0,0,0,0,\"NA\",0,0,0,0,\"NA\",\"NA\",0,0,0,0,0,0,\"NA\",\"NA\",0,0,0,\"NA\",0,0,\"NA\",2,0,\"NA\",\"NA\",0,0,0,\"NA\",\"NA\",0,0,1,2,\"NA\",\"NA\",2,1,0,0,0,0,\"NA\",0,2,0,1,2,1,5,1,4,0,1,0,0,0,1,0,1,0,0,0,\"NA\",1,\"NA\",\"NA\",0,0,0,\"NA\",0,2,\"NA\",\"NA\",0,\"NA\",1,0,0,0,1,0,2,0,2,0,0,0,0,\"NA\",0,\"NA\",0,0,1,2,\"NA\",1,3,7,1,0,4,\"NA\",2,2,2,1,0,0,0,1,1,1,0,0,0,1,1,1,0,0,0,1,0,0,0,0,0,0,0,0,0,0,0,0,0,0,\"NA\",0,\"NA\",0,\"NA\",0,\"NA\",0,0,0,0,0,\"NA\",0,0,0,0,0,\"NA\",\"NA\",0,0,0,1,\"NA\",0,0,1,0,0,1,1,1,0,0,0,0,\"NA\",0,\"NA\",1,\"NA\",2,\"NA\",3,6,5,3,2,2,0,2,1,1,1,2,\"NA\",3,3,2,1,4,4,0,0,3,5,4,\"NA\",\"NA\",0,1,\"NA\",0,0,0,0,0,0,1,\"NA\",\"NA\",1,1,0,2,2,0,\"NA\",1,0,1,1,\"NA\",\"NA\",\"NA\",0,0,1,0,0,1,0,0,0,\"NA\",\"NA\",\"NA\",0,0,0,0,0,0,0,1,2,0,0,2,\"NA\",\"NA\",\"NA\",\"NA\",\"NA\",\"NA\",\"NA\",\"NA\",\"NA\",\"NA\",\"NA\",\"NA\",\"NA\",\"NA\",\"NA\",\"NA\",0,\"NA\",\"NA\",\"NA\",2,0,1,1,1,1,0,\"NA\",\"NA\",0,0,0,1,2,\"NA\",1,1,4,2,3,1,2,\"NA\",\"NA\",6,0,\"NA\",2,\"NA\",0,0,0,0,0,\"NA\",\"NA\",\"NA\"]},{\"type\":\"double\",\"attributes\":{\"tsp\":{\"type\":\"double\",\"attributes\":{},\"value\":[1,368,1]},\"class\":{\"type\":\"character\",\"attributes\":{},\"value\":[\"ts\"]}},\"value\":[0,0,0,0,0,0,0,0,0,0,0,0,0,0,1,2,1,2,0,1,0,0,0,0,1,\"NA\",0,0,2,1,0,0,1,\"NA\",0,0,0,0,0,0,\"NA\",0.29289322,1,0,0,0,0,0,0,0,0,\"NA\",0,0,0,0,\"NA\",\"NA\",0,0,0,0,0,0,\"NA\",\"NA\",0,0,0,\"NA\",0,0,\"NA\",0.58578644,2,\"NA\",\"NA\",0,0,0,\"NA\",\"NA\",0,0,0,1,\"NA\",\"NA\",2,2,1,0,0,0,\"NA\",0,0,2,0,1,2,1,5,1,4,0,1,0,0,0,1,0,1,0,0,\"NA\",0.29289322,\"NA\",\"NA\",0.57735027,5.55111512e-17,0,\"NA\",0,0,\"NA\",\"NA\",1.15470054,\"NA\",0.29289322,1,0,0,0,1,0,2,0,2,0,0,0,\"NA\",0,\"NA\",0,0,0,1,\"NA\",1.70710678,1,3,7,1,0,\"NA\",3.41421356,2,2,2,1,0,0,0,1,1,1,0,0,0,1,1,1,0,0,0,1,0,0,0,0,0,0,0,0,0,0,0,0,0,\"NA\",0,\"NA\",0,\"NA\",0,\"NA\",0,0,0,0,0,\"NA\",0,0,0,0,0,\"NA\",\"NA\",0,0,0,0,\"NA\",0.70710678,0,0,1,0,0,1,1,1,0,0,0,\"NA\",0,\"NA\",0.29289322,\"NA\",1.29289322,\"NA\",2.29289322,3,6,5,3,2,2,0,2,1,1,1,\"NA\",2.29289322,3,3,2,1,4,4,0,0,3,5,\"NA\",\"NA\",2.30940108,2.22044605e-16,\"NA\",0.70710678,0,0,0,0,0,0,\"NA\",\"NA\",1,1,1,0,2,2,\"NA\",0.29289322,1,0,1,\"NA\",\"NA\",\"NA\",0.5,0,0,1,0,0,1,0,0,\"NA\",\"NA\",\"NA\",0,0,0,0,0,0,0,0,1,2,0,0,\"NA\",\"NA\",\"NA\",\"NA\",\"NA\",\"NA\",\"NA\",\"NA\",\"NA\",\"NA\",\"NA\",\"NA\",\"NA\",\"NA\",\"NA\",\"NA\",0.48507125,\"NA\",\"NA\",\"NA\",1,2,0,1,1,1,1,\"NA\",\"NA\",0,0,0,0,1,\"NA\",1.70710678,1,1,4,2,3,1,\"NA\",\"NA\",3.69059892,6,\"NA\",0.58578644,\"NA\",1.41421356,0,0,0,0,\"NA\",\"NA\",\"NA\"]}]},{\"type\":\"double\",\"attributes\":{},\"value\":[95]},{\"type\":\"double\",\"attributes\":{\"tsp\":{\"type\":\"double\",\"attributes\":{},\"value\":[369,381,1]},\"class\":{\"type\":\"character\",\"attributes\":{},\"value\":[\"ts\"]}},\"value\":[0,0,0,0,0,0,0,0,0,0,0,0,0]},{\"type\":\"double\",\"attributes\":{\"dim\":{\"type\":\"integer\",\"attributes\":{},\"value\":[13,1]},\"dimnames\":{\"type\":\"list\",\"attributes\":{},\"value\":[{\"type\":\"NULL\"},{\"type\":\"character\",\"attributes\":{},\"value\":[\"95%\"]}]},\"tsp\":{\"type\":\"double\",\"attributes\":{},\"value\":[369,381,1]},\"class\":{\"type\":\"character\",\"attributes\":{},\"value\":[\"ts\"]}},\"value\":[-4.63124988,-5.17789478,-5.67209954,-6.12656772,-6.54957639,-6.94687482,-7.32264902,-7.68005908,-8.02156009,-8.34910445,-8.66427516,-8.96837683,-9.26249976]},{\"type\":\"double\",\"attributes\":{\"dim\":{\"type\":\"integer\",\"attributes\":{},\"value\":[13,1]},\"dimnames\":{\"type\":\"list\",\"attributes\":{},\"value\":[{\"type\":\"NULL\"},{\"type\":\"character\",\"attributes\":{},\"value\":[\"95%\"]}]},\"tsp\":{\"type\":\"double\",\"attributes\":{},\"value\":[369,381,1]},\"class\":{\"type\":\"character\",\"attributes\":{},\"value\":[\"ts\"]}},\"value\":[4.63124988,5.17789478,5.67209954,6.12656772,6.54957639,6.94687482,7.32264902,7.68005908,8.02156009,8.34910445,8.66427516,8.96837683,9.26249976]},{\"type\":\"integer\",\"attributes\":{\"tsp\":{\"type\":\"double\",\"attributes\":{},\"value\":[1,368,1]},\"class\":{\"type\":\"character\",\"attributes\":{},\"value\":[\"ts\"]}},\"value\":[0,0,0,0,0,0,0,0,0,0,0,0,0,1,2,1,2,0,1,0,0,0,0,1,0,\"NA\",0,2,1,0,0,1,0,\"NA\",0,0,0,0,0,0,\"NA\",1,0,0,0,0,0,0,0,0,0,\"NA\",0,0,0,0,\"NA\",\"NA\",0,0,0,0,0,0,\"NA\",\"NA\",0,0,0,\"NA\",0,0,\"NA\",2,0,\"NA\",\"NA\",0,0,0,\"NA\",\"NA\",0,0,1,2,\"NA\",\"NA\",2,1,0,0,0,0,\"NA\",0,2,0,1,2,1,5,1,4,0,1,0,0,0,1,0,1,0,0,0,\"NA\",1,\"NA\",\"NA\",0,0,0,\"NA\",0,2,\"NA\",\"NA\",0,\"NA\",1,0,0,0,1,0,2,0,2,0,0,0,0,\"NA\",0,\"NA\",0,0,1,2,\"NA\",1,3,7,1,0,4,\"NA\",2,2,2,1,0,0,0,1,1,1,0,0,0,1,1,1,0,0,0,1,0,0,0,0,0,0,0,0,0,0,0,0,0,0,\"NA\",0,\"NA\",0,\"NA\",0,\"NA\",0,0,0,0,0,\"NA\",0,0,0,0,0,\"NA\",\"NA\",0,0,0,1,\"NA\",0,0,1,0,0,1,1,1,0,0,0,0,\"NA\",0,\"NA\",1,\"NA\",2,\"NA\",3,6,5,3,2,2,0,2,1,1,1,2,\"NA\",3,3,2,1,4,4,0,0,3,5,4,\"NA\",\"NA\",0,1,\"NA\",0,0,0,0,0,0,1,\"NA\",\"NA\",1,1,0,2,2,0,\"NA\",1,0,1,1,\"NA\",\"NA\",\"NA\",0,0,1,0,0,1,0,0,0,\"NA\",\"NA\",\"NA\",0,0,0,0,0,0,0,1,2,0,0,2,\"NA\",\"NA\",\"NA\",\"NA\",\"NA\",\"NA\",\"NA\",\"NA\",\"NA\",\"NA\",\"NA\",\"NA\",\"NA\",\"NA\",\"NA\",\"NA\",0,\"NA\",\"NA\",\"NA\",2,0,1,1,1,1,0,\"NA\",\"NA\",0,0,0,1,2,\"NA\",1,1,4,2,3,1,2,\"NA\",\"NA\",6,0,\"NA\",2,\"NA\",0,0,0,0,0,\"NA\",\"NA\",\"NA\"]},{\"type\":\"character\",\"attributes\":{},\"value\":[\"c(0L, 0L, 0L, 0L, 0L, 0L, 0L, 0L, 0L, 0L, 0L, 0L, 0L, 1L, 2L, \",\"1L, 2L, 0L, 1L, 0L, 0L, 0L, 0L, 1L, 0L, NA, 0L, 2L, 1L, 0L, 0L, \",\"1L, 0L, NA, 0L, 0L, 0L, 0L, 0L, 0L, NA, 1L, 0L, 0L, 0L, 0L, 0L, \",\"0L, 0L, 0L, 0L, NA, 0L, 0L, 0L, 0L, NA, NA, 0L, 0L, 0L, 0L, 0L, \",\"0L, NA, NA, 0L, 0L, 0L, NA, 0L, 0L, NA, 2L, 0L, NA, NA, 0L, 0L, \",\"0L, NA, NA, 0L, 0L, 1L, 2L, NA, NA, 2L, 1L, 0L, 0L, 0L, 0L, NA, \",\"0L, 2L, 0L, 1L, 2L, 1L, 5L, 1L, 4L, 0L, 1L, 0L, 0L, 0L, 1L, 0L, \",\"1L, 0L, 0L, 0L, NA, 1L, NA, NA, 0L, 0L, 0L, NA, 0L, 2L, NA, NA, \",\"0L, NA, 1L, 0L, 0L, 0L, 1L, 0L, 2L, 0L, 2L, 0L, 0L, 0L, 0L, NA, \",\"0L, NA, 0L, 0L, 1L, 2L, NA, 1L, 3L, 7L, 1L, 0L, 4L, NA, 2L, 2L, \",\"2L, 1L, 0L, 0L, 0L, 1L, 1L, 1L, 0L, 0L, 0L, 1L, 1L, 1L, 0L, 0L, \",\"0L, 1L, 0L, 0L, 0L, 0L, 0L, 0L, 0L, 0L, 0L, 0L, 0L, 0L, 0L, 0L, \",\"NA, 0L, NA, 0L, NA, 0L, NA, 0L, 0L, 0L, 0L, 0L, NA, 0L, 0L, 0L, \",\"0L, 0L, NA, NA, 0L, 0L, 0L, 1L, NA, 0L, 0L, 1L, 0L, 0L, 1L, 1L, \",\"1L, 0L, 0L, 0L, 0L, NA, 0L, NA, 1L, NA, 2L, NA, 3L, 6L, 5L, 3L, \",\"2L, 2L, 0L, 2L, 1L, 1L, 1L, 2L, NA, 3L, 3L, 2L, 1L, 4L, 4L, 0L, \",\"0L, 3L, 5L, 4L, NA, NA, 0L, 1L, NA, 0L, 0L, 0L, 0L, 0L, 0L, 1L, \",\"NA, NA, 1L, 1L, 0L, 2L, 2L, 0L, NA, 1L, 0L, 1L, 1L, NA, NA, NA, \",\"0L, 0L, 1L, 0L, 0L, 1L, 0L, 0L, 0L, NA, NA, NA, 0L, 0L, 0L, 0L, \",\"0L, 0L, 0L, 1L, 2L, 0L, 0L, 2L, NA, NA, NA, NA, NA, NA, NA, NA, \",\"NA, NA, NA, NA, NA, NA, NA, NA, 0L, NA, NA, NA, 2L, 0L, 1L, 1L, \",\"1L, 1L, 0L, NA, NA, 0L, 0L, 0L, 1L, 2L, NA, 1L, 1L, 4L, 2L, 3L, \",\"1L, 2L, NA, NA, 6L, 0L, NA, 2L, NA, 0L, 0L, 0L, 0L, 0L, NA, NA, \",\"NA)\"]},{\"type\":\"double\",\"attributes\":{\"tsp\":{\"type\":\"double\",\"attributes\":{},\"value\":[1,368,1]},\"class\":{\"type\":\"character\",\"attributes\":{},\"value\":[\"ts\"]}},\"value\":[0,0,0,0,0,0,0,0,0,0,0,0,0,0,1,2,1,2,0,1,0,0,0,0,1,\"NA\",0,0,2,1,0,0,1,\"NA\",0,0,0,0,0,0,\"NA\",0.29289322,1,0,0,0,0,0,0,0,0,\"NA\",0,0,0,0,\"NA\",\"NA\",0,0,0,0,0,0,\"NA\",\"NA\",0,0,0,\"NA\",0,0,\"NA\",0.58578644,2,\"NA\",\"NA\",0,0,0,\"NA\",\"NA\",0,0,0,1,\"NA\",\"NA\",2,2,1,0,0,0,\"NA\",0,0,2,0,1,2,1,5,1,4,0,1,0,0,0,1,0,1,0,0,\"NA\",0.29289322,\"NA\",\"NA\",0.57735027,5.55111512e-17,0,\"NA\",0,0,\"NA\",\"NA\",1.15470054,\"NA\",0.29289322,1,0,0,0,1,0,2,0,2,0,0,0,\"NA\",0,\"NA\",0,0,0,1,\"NA\",1.70710678,1,3,7,1,0,\"NA\",3.41421356,2,2,2,1,0,0,0,1,1,1,0,0,0,1,1,1,0,0,0,1,0,0,0,0,0,0,0,0,0,0,0,0,0,\"NA\",0,\"NA\",0,\"NA\",0,\"NA\",0,0,0,0,0,\"NA\",0,0,0,0,0,\"NA\",\"NA\",0,0,0,0,\"NA\",0.70710678,0,0,1,0,0,1,1,1,0,0,0,\"NA\",0,\"NA\",0.29289322,\"NA\",1.29289322,\"NA\",2.29289322,3,6,5,3,2,2,0,2,1,1,1,\"NA\",2.29289322,3,3,2,1,4,4,0,0,3,5,\"NA\",\"NA\",2.30940108,2.22044605e-16,\"NA\",0.70710678,0,0,0,0,0,0,\"NA\",\"NA\",1,1,1,0,2,2,\"NA\",0.29289322,1,0,1,\"NA\",\"NA\",\"NA\",0.5,0,0,1,0,0,1,0,0,\"NA\",\"NA\",\"NA\",0,0,0,0,0,0,0,0,1,2,0,0,\"NA\",\"NA\",\"NA\",\"NA\",\"NA\",\"NA\",\"NA\",\"NA\",\"NA\",\"NA\",\"NA\",\"NA\",\"NA\",\"NA\",\"NA\",\"NA\",0.48507125,\"NA\",\"NA\",\"NA\",1,2,0,1,1,1,1,\"NA\",\"NA\",0,0,0,0,1,\"NA\",1.70710678,1,1,4,2,3,1,\"NA\",\"NA\",3.69059892,6,\"NA\",0.58578644,\"NA\",1.41421356,0,0,0,0,\"NA\",\"NA\",\"NA\"]},{\"type\":\"double\",\"attributes\":{\"tsp\":{\"type\":\"double\",\"attributes\":{},\"value\":[1,368,1]},\"class\":{\"type\":\"character\",\"attributes\":{},\"value\":[\"ts\"]}},\"value\":[0,0,0,0,0,0,0,0,0,0,0,0,0,1,1,-1,1,-2,1,-1,0,0,0,1,-1,\"NA\",0,2,-1,-1,0,1,-1,\"NA\",0,0,0,0,0,0,\"NA\",0.70710678,-1,0,0,0,0,0,0,0,0,\"NA\",0,0,0,0,\"NA\",\"NA\",0,0,0,0,0,0,\"NA\",\"NA\",0,0,0,\"NA\",0,0,\"NA\",1.41421356,-2,\"NA\",\"NA\",0,0,0,\"NA\",\"NA\",0,0,1,1,\"NA\",\"NA\",0,-1,-1,0,0,0,\"NA\",0,2,-2,1,1,-1,4,-4,3,-4,1,-1,0,0,1,-1,1,-1,0,0,\"NA\",0.70710678,\"NA\",\"NA\",-0.57735027,-5.55111512e-17,0,\"NA\",0,2,\"NA\",\"NA\",-1.15470054,\"NA\",0.70710678,-1,0,0,1,-1,2,-2,2,-2,0,0,0,\"NA\",0,\"NA\",0,0,1,1,\"NA\",-0.70710678,2,4,-6,-1,4,\"NA\",-1.41421356,0,0,-1,-1,0,0,1,0,0,-1,0,0,1,0,0,-1,0,0,1,-1,0,0,0,0,0,0,0,0,0,0,0,0,0,\"NA\",0,\"NA\",0,\"NA\",0,\"NA\",0,0,0,0,0,\"NA\",0,0,0,0,0,\"NA\",\"NA\",0,0,0,1,\"NA\",-0.70710678,0,1,-1,0,1,0,0,-1,0,0,0,\"NA\",0,\"NA\",0.70710678,\"NA\",0.70710678,\"NA\",0.70710678,3,-1,-2,-1,0,-2,2,-1,0,0,1,\"NA\",0.70710678,0,-1,-1,3,0,-4,0,3,2,-1,\"NA\",\"NA\",-2.30940108,1,\"NA\",-0.70710678,0,0,0,0,0,1,\"NA\",\"NA\",0,0,-1,2,0,-2,\"NA\",0.70710678,-1,1,0,\"NA\",\"NA\",\"NA\",-0.5,0,1,-1,0,1,-1,0,0,\"NA\",\"NA\",\"NA\",0,0,0,0,0,0,0,1,1,-2,0,2,\"NA\",\"NA\",\"NA\",\"NA\",\"NA\",\"NA\",\"NA\",\"NA\",\"NA\",\"NA\",\"NA\",\"NA\",\"NA\",\"NA\",\"NA\",\"NA\",-0.48507125,\"NA\",\"NA\",\"NA\",1,-2,1,0,0,0,-1,\"NA\",\"NA\",0,0,0,1,1,\"NA\",-0.70710678,0,3,-2,1,-2,1,\"NA\",\"NA\",2.30940108,-6,\"NA\",1.41421356,\"NA\",-1.41421356,0,0,0,0,\"NA\",\"NA\",\"NA\"]}]}"]
