"currency","model","dataset","species","confidence_level","estimate","lower_pi","upper_pi","old_cast_id","forecast_id","origin","newmoonnumber","forecast_date","forecast_month","forecast_year","forecast_group","historic_start_newmoonnumber","historic_end_newmoonnumber","forecast_start_newmoonnumber","forecast_end_newmoonnumber","lead_time_newmoons","max_lag","lag_buffer"
"abundance","NaiveArima","exclosures","OT",0.95,1,-2.15635975431264,4.15635975431264,3128,"3128.05",,566,2023-03-16,3,2023,123,217,565,566,577,1,,
"abundance","NaiveArima","exclosures","OT",0.95,1,-3.46376677227754,5.46376677227754,3128,"3128.05",,567,2023-03-16,4,2023,123,217,565,566,577,2,,
"abundance","NaiveArima","exclosures","OT",0.95,1,-4.46697546143511,6.46697546143511,3128,"3128.05",,568,2023-03-16,5,2023,123,217,565,566,577,3,,
"abundance","NaiveArima","exclosures","OT",0.95,1,-5.31271950862527,7.31271950862527,3128,"3128.05",,569,2023-03-16,6,2023,123,217,565,566,577,4,,
"abundance","NaiveArima","exclosures","OT",0.95,1,-6.05783497208759,8.05783497208759,3128,"3128.05",,570,2023-03-16,7,2023,123,217,565,566,577,5,,
"abundance","NaiveArima","exclosures","OT",0.95,1,-6.73147084272244,8.73147084272244,3128,"3128.05",,571,2023-03-16,8,2023,123,217,565,566,577,6,,
"abundance","NaiveArima","exclosures","OT",0.95,1,-7.35094295816417,9.35094295816417,3128,"3128.05",,572,2023-03-16,9,2023,123,217,565,566,577,7,,
"abundance","NaiveArima","exclosures","OT",0.95,1,-7.92753354455508,9.92753354455508,3128,"3128.05",,573,2023-03-16,10,2023,123,217,565,566,577,8,,
"abundance","NaiveArima","exclosures","OT",0.95,1,-8.46907926293791,10.4690792629379,3128,"3128.05",,574,2023-03-16,11,2023,123,217,565,566,577,9,,
"abundance","NaiveArima","exclosures","OT",0.95,1,-8.98128593851741,10.9812859385174,3128,"3128.05",,575,2023-03-16,12,2023,123,217,565,566,577,10,,
"abundance","NaiveArima","exclosures","OT",0.95,1,-9.46846100843337,11.4684610084334,3128,"3128.05",,576,2023-03-16,1,2024,123,217,565,566,577,11,,
"abundance","NaiveArima","exclosures","OT",0.95,1,-9.93395092287021,11.9339509228702,3128,"3128.05",,577,2023-03-16,2,2024,123,217,565,566,577,12,,
