["{\"type\":\"list\",\"attributes\":{\"names\":{\"type\":\"character\",\"attributes\":{},\"value\":[\"method\",\"model\",\"level\",\"mean\",\"lower\",\"upper\",\"x\",\"series\",\"fitted\",\"residuals\"]},\"class\":{\"type\":\"character\",\"attributes\":{},\"value\":[\"forecast\"]}},\"value\":[{\"type\":\"character\",\"attributes\":{},\"value\":[\"ARIMA(0,1,0)\"]},{\"type\":\"list\",\"attributes\":{\"names\":{\"type\":\"character\",\"attributes\":{},\"value\":[\"coef\",\"sigma2\",\"var.coef\",\"mask\",\"loglik\",\"aic\",\"arma\",\"residuals\",\"call\",\"series\",\"code\",\"n.cond\",\"nobs\",\"model\",\"aicc\",\"bic\",\"x\",\"fitted\"]},\"class\":{\"type\":\"character\",\"attributes\":{},\"value\":[\"forecast_ARIMA\",\"ARIMA\",\"Arima\"]}},\"value\":[{\"type\":\"double\",\"attributes\":{},\"value\":[]},{\"type\":\"double\",\"attributes\":{},\"value\":[4.30880564]},{\"type\":\"double\",\"attributes\":{},\"value\":[]},{\"type\":\"logical\",\"attributes\":{},\"value\":[]},{\"type\":\"double\",\"attributes\":{},\"value\":[-608.14215742]},{\"type\":\"double\",\"attributes\":{},\"value\":[1218.28431485]},{\"type\":\"integer\",\"attributes\":{},\"value\":[0,0,0,0,1,1,0]},{\"type\":\"double\",\"attributes\":{\"tsp\":{\"type\":\"double\",\"attributes\":{},\"value\":[1,351,1]},\"class\":{\"type\":\"character\",\"attributes\":{},\"value\":[\"ts\"]}},\"value\":[0,0,0,0,0,0,0,0,0,1,-1,0,0,1,0,1,3,-5,3,-2,0,1,-1,0,1,\"NA\",2.12132034,-2,0,1,-2,3,-3,\"NA\",1.41421356,-2,0,-1,1,4,\"NA\",-3.53553391,0,1,-1,0,3,-2,0,-2,2,\"NA\",2.12132034,-1,-1,-1,\"NA\",\"NA\",-1.15470054,1,0,0,1,-1,\"NA\",\"NA\",1.15470054,4.4408921e-16,-2,\"NA\",-0.70710678,0,\"NA\",0,0,\"NA\",\"NA\",0,1,0,\"NA\",\"NA\",-0.57735027,1,1,4,\"NA\",\"NA\",-1.73205081,4,1,0,-1,-2,\"NA\",-1.41421356,-1,4,0,-1,8,1,-1,-4,2,-2,-2,-1,2,-3,1,0,0,2,-7,\"NA\",4.94974747,\"NA\",\"NA\",-2.88675135,8.8817842e-16,1,\"NA\",-0.70710678,5,\"NA\",\"NA\",-2.88675135,\"NA\",3.53553391,-4,-8.8817842e-16,2,-1,1,0,3,-2,-4,-1,2,-2,\"NA\",0,\"NA\",-1.41421356,0,0,3,\"NA\",1.41421356,4,-5,2,7,-5,\"NA\",0,3,3,0,-2,-1,3,0,7,-3,0,-7,-5,1,0,4,-3,3,-3,3,-2,5,-1,-4,-3,-3,-2,0,0,-1,0,0,0,0,\"NA\",0,\"NA\",0.70710678,\"NA\",-0.70710678,\"NA\",0.70710678,-1,0,2,-2,\"NA\",0,1,-1,0,0,\"NA\",\"NA\",0,0,0,0,\"NA\",0,0,0,0,0,0,0,0,0,0,0,0,\"NA\",0,\"NA\",0,\"NA\",0,\"NA\",0,1,1,-1,2,-2,0,0,0,-1,1,0,\"NA\",1.41421356,2,-1,3,0,0,-1,2,-4,2,4,\"NA\",\"NA\",1.73205081,-2,\"NA\",-2.12132034,2,-3,-1,-1,-2,2,\"NA\",\"NA\",1.15470054,0,1,-3,5,-5,\"NA\",-1.41421356,1,-4,1,\"NA\",\"NA\",\"NA\",-0.5,1,0,0,-1,1,0,0,-1,\"NA\",\"NA\",\"NA\",0,0,0,1,-1,0,0,0,1,-1,0,0,\"NA\",\"NA\",\"NA\",\"NA\",\"NA\",\"NA\",\"NA\",\"NA\",\"NA\",\"NA\",\"NA\",\"NA\",\"NA\",\"NA\",\"NA\",\"NA\",0.72760688,\"NA\",\"NA\",\"NA\",-1,1,0,-1,-1,2,-1,\"NA\",\"NA\",0.57735027,1,-2,1,-1,\"NA\",2.82842712,0,-1,1,\"NA\"]},{\"type\":\"language\",\"attributes\":{},\"value\":[\"Arima(y = c(0L, 0L, 0L, 0L, 0L, 0L, 0L, 0L, 0L, 1L, 0L, 0L, 0L, \",\"1L, 1L, 2L, 5L, 0L, 3L, 1L, 1L, 2L, 1L, 1L, 2L, NA, 5L, 3L, 3L, \",\"4L, 2L, 5L, 2L, NA, 4L, 2L, 2L, 1L, 2L, 6L, NA, 1L, 1L, 2L, 1L, \",\"1L, 4L, 2L, 2L, 0L, 2L, NA, 5L, 4L, 3L, 2L, NA, NA, 0L, 1L, 1L, \",\"1L, 2L, 1L, NA, NA, 3L, 3L, 1L, NA, 0L, 0L, NA, 0L, 0L, NA, NA, \",\"0L, 1L, 1L, NA, NA, 0L, 1L, 2L, 6L, NA, NA, 3L, 7L, 8L, 8L, 7L, \",\"5L, NA, 3L, 2L, 6L, 6L, 5L, 13L, 14L, 13L, 9L, 11L, 9L, 7L, 6L, \",\"8L, 5L, 6L, 6L, 6L, 8L, 1L, NA, 8L, NA, NA, 3L, 3L, 4L, NA, 3L, \",\"8L, NA, NA, 3L, NA, 8L, 4L, 4L, 6L, 5L, 6L, 6L, 9L, 7L, 3L, 2L, \",\"4L, 2L, NA, 2L, NA, 0L, 0L, 0L, 3L, NA, 5L, 9L, 4L, 6L, 13L, \",\"8L, NA, 8L, 11L, 14L, 14L, 12L, 11L, 14L, 14L, 21L, 18L, 18L, \",\"11L, 6L, 7L, 7L, 11L, 8L, 11L, 8L, 11L, 9L, 14L, 13L, 9L, 6L, \",\"3L, 1L, 1L, 1L, 0L, 0L, 0L, 0L, 0L, NA, 0L, NA, 1L, NA, 0L, NA, \",\"1L, 0L, 0L, 2L, 0L, NA, 0L, 1L, 0L, 0L, 0L, NA, NA, 0L, 0L, 0L, \",\"0L, NA, 0L, 0L, 0L, 0L, 0L, 0L, 0L, 0L, 0L, 0L, 0L, 0L, NA, 0L, \",\"NA, 0L, NA, 0L, NA, 0L, 1L, 2L, 1L, 3L, 1L, 1L, 1L, 1L, 0L, 1L, \",\"1L, NA, 3L, 5L, 4L, 7L, 7L, 7L, 6L, 8L, 4L, 6L, 10L, NA, NA, \",\"13L, 11L, NA, 8L, 10L, 7L, 6L, 5L, 3L, 5L, NA, NA, 7L, 7L, 8L, \",\"5L, 10L, 5L, NA, 3L, 4L, 0L, 1L, NA, NA, NA, 0L, 1L, 1L, 1L, \",\"0L, 1L, 1L, 1L, 0L, NA, NA, NA, 0L, 0L, 0L, 1L, 0L, 0L, 0L, 0L, \",\"1L, 0L, 0L, 0L, NA, NA, NA, NA, NA, NA, NA, NA, NA, NA, NA, NA, \",\"NA, NA, NA, NA, 3L, NA, NA, NA, 1L, 2L, 2L, 1L, 0L, 2L, 1L, NA, \",\"NA, 2L, 3L, 1L, 2L, 1L, NA, 5L, 5L, 4L, 5L, NA), order = c(0, \",\"1, 0))\"]},{\"type\":\"character\",\"attributes\":{},\"value\":[\"c(0L, 0L, 0L, 0L, 0L, 0L, 0L, 0L, 0L, 1L, 0L, 0L, 0L, 1L, 1L, \",\"2L, 5L, 0L, 3L, 1L, 1L, 2L, 1L, 1L, 2L, NA, 5L, 3L, 3L, 4L, 2L, \",\"5L, 2L, NA, 4L, 2L, 2L, 1L, 2L, 6L, NA, 1L, 1L, 2L, 1L, 1L, 4L, \",\"2L, 2L, 0L, 2L, NA, 5L, 4L, 3L, 2L, NA, NA, 0L, 1L, 1L, 1L, 2L, \",\"1L, NA, NA, 3L, 3L, 1L, NA, 0L, 0L, NA, 0L, 0L, NA, NA, 0L, 1L, \",\"1L, NA, NA, 0L, 1L, 2L, 6L, NA, NA, 3L, 7L, 8L, 8L, 7L, 5L, NA, \",\"3L, 2L, 6L, 6L, 5L, 13L, 14L, 13L, 9L, 11L, 9L, 7L, 6L, 8L, 5L, \",\"6L, 6L, 6L, 8L, 1L, NA, 8L, NA, NA, 3L, 3L, 4L, NA, 3L, 8L, NA, \",\"NA, 3L, NA, 8L, 4L, 4L, 6L, 5L, 6L, 6L, 9L, 7L, 3L, 2L, 4L, 2L, \",\"NA, 2L, NA, 0L, 0L, 0L, 3L, NA, 5L, 9L, 4L, 6L, 13L, 8L, NA, \",\"8L, 11L, 14L, 14L, 12L, 11L, 14L, 14L, 21L, 18L, 18L, 11L, 6L, \",\"7L, 7L, 11L, 8L, 11L, 8L, 11L, 9L, 14L, 13L, 9L, 6L, 3L, 1L, \",\"1L, 1L, 0L, 0L, 0L, 0L, 0L, NA, 0L, NA, 1L, NA, 0L, NA, 1L, 0L, \",\"0L, 2L, 0L, NA, 0L, 1L, 0L, 0L, 0L, NA, NA, 0L, 0L, 0L, 0L, NA, \",\"0L, 0L, 0L, 0L, 0L, 0L, 0L, 0L, 0L, 0L, 0L, 0L, NA, 0L, NA, 0L, \",\"NA, 0L, NA, 0L, 1L, 2L, 1L, 3L, 1L, 1L, 1L, 1L, 0L, 1L, 1L, NA, \",\"3L, 5L, 4L, 7L, 7L, 7L, 6L, 8L, 4L, 6L, 10L, NA, NA, 13L, 11L, \",\"NA, 8L, 10L, 7L, 6L, 5L, 3L, 5L, NA, NA, 7L, 7L, 8L, 5L, 10L, \",\"5L, NA, 3L, 4L, 0L, 1L, NA, NA, NA, 0L, 1L, 1L, 1L, 0L, 1L, 1L, \",\"1L, 0L, NA, NA, NA, 0L, 0L, 0L, 1L, 0L, 0L, 0L, 0L, 1L, 0L, 0L, \",\"0L, NA, NA, NA, NA, NA, NA, NA, NA, NA, NA, NA, NA, NA, NA, NA, \",\"NA, 3L, NA, NA, NA, 1L, 2L, 2L, 1L, 0L, 2L, 1L, NA, NA, 2L, 3L, \",\"1L, 2L, 1L, NA, 5L, 5L, 4L, 5L, NA)\"]},{\"type\":\"double\",\"attributes\":{},\"value\":[0]},{\"type\":\"double\",\"attributes\":{},\"value\":[0]},{\"type\":\"integer\",\"attributes\":{},\"value\":[274]},{\"type\":\"list\",\"attributes\":{\"names\":{\"type\":\"character\",\"attributes\":{},\"value\":[\"phi\",\"theta\",\"Delta\",\"Z\",\"a\",\"P\",\"T\",\"V\",\"h\",\"Pn\"]}},\"value\":[{\"type\":\"double\",\"attributes\":{},\"value\":[]},{\"type\":\"double\",\"attributes\":{},\"value\":[]},{\"type\":\"double\",\"attributes\":{},\"value\":[1]},{\"type\":\"double\",\"attributes\":{},\"value\":[1,1]},{\"type\":\"double\",\"attributes\":{},\"value\":[0,5]},{\"type\":\"double\",\"attributes\":{\"dim\":{\"type\":\"integer\",\"attributes\":{},\"value\":[2,2]}},\"value\":[1,0,0,0]},{\"type\":\"double\",\"attributes\":{\"dim\":{\"type\":\"integer\",\"attributes\":{},\"value\":[2,2]}},\"value\":[0,1,0,1]},{\"type\":\"double\",\"attributes\":{\"dim\":{\"type\":\"integer\",\"attributes\":{},\"value\":[2,2]}},\"value\":[1,0,0,0]},{\"type\":\"double\",\"attributes\":{},\"value\":[0]},{\"type\":\"double\",\"attributes\":{\"dim\":{\"type\":\"integer\",\"attributes\":{},\"value\":[2,2]}},\"value\":[1,0,0,0]}]},{\"type\":\"double\",\"attributes\":{},\"value\":[1218.29902073]},{\"type\":\"double\",\"attributes\":{},\"value\":[1221.89744295]},{\"type\":\"integer\",\"attributes\":{\"tsp\":{\"type\":\"double\",\"attributes\":{},\"value\":[1,351,1]},\"class\":{\"type\":\"character\",\"attributes\":{},\"value\":[\"ts\"]}},\"value\":[0,0,0,0,0,0,0,0,0,1,0,0,0,1,1,2,5,0,3,1,1,2,1,1,2,\"NA\",5,3,3,4,2,5,2,\"NA\",4,2,2,1,2,6,\"NA\",1,1,2,1,1,4,2,2,0,2,\"NA\",5,4,3,2,\"NA\",\"NA\",0,1,1,1,2,1,\"NA\",\"NA\",3,3,1,\"NA\",0,0,\"NA\",0,0,\"NA\",\"NA\",0,1,1,\"NA\",\"NA\",0,1,2,6,\"NA\",\"NA\",3,7,8,8,7,5,\"NA\",3,2,6,6,5,13,14,13,9,11,9,7,6,8,5,6,6,6,8,1,\"NA\",8,\"NA\",\"NA\",3,3,4,\"NA\",3,8,\"NA\",\"NA\",3,\"NA\",8,4,4,6,5,6,6,9,7,3,2,4,2,\"NA\",2,\"NA\",0,0,0,3,\"NA\",5,9,4,6,13,8,\"NA\",8,11,14,14,12,11,14,14,21,18,18,11,6,7,7,11,8,11,8,11,9,14,13,9,6,3,1,1,1,0,0,0,0,0,\"NA\",0,\"NA\",1,\"NA\",0,\"NA\",1,0,0,2,0,\"NA\",0,1,0,0,0,\"NA\",\"NA\",0,0,0,0,\"NA\",0,0,0,0,0,0,0,0,0,0,0,0,\"NA\",0,\"NA\",0,\"NA\",0,\"NA\",0,1,2,1,3,1,1,1,1,0,1,1,\"NA\",3,5,4,7,7,7,6,8,4,6,10,\"NA\",\"NA\",13,11,\"NA\",8,10,7,6,5,3,5,\"NA\",\"NA\",7,7,8,5,10,5,\"NA\",3,4,0,1,\"NA\",\"NA\",\"NA\",0,1,1,1,0,1,1,1,0,\"NA\",\"NA\",\"NA\",0,0,0,1,0,0,0,0,1,0,0,0,\"NA\",\"NA\",\"NA\",\"NA\",\"NA\",\"NA\",\"NA\",\"NA\",\"NA\",\"NA\",\"NA\",\"NA\",\"NA\",\"NA\",\"NA\",\"NA\",3,\"NA\",\"NA\",\"NA\",1,2,2,1,0,2,1,\"NA\",\"NA\",2,3,1,2,1,\"NA\",5,5,4,5,\"NA\"]},{\"type\":\"double\",\"attributes\":{\"tsp\":{\"type\":\"double\",\"attributes\":{},\"value\":[1,351,1]},\"class\":{\"type\":\"character\",\"attributes\":{},\"value\":[\"ts\"]}},\"value\":[0,0,0,0,0,0,0,0,0,0,1,0,0,0,1,1,2,5,0,3,1,1,2,1,1,\"NA\",2.87867966,5,3,3,4,2,5,\"NA\",2.58578644,4,2,2,1,2,\"NA\",4.53553391,1,1,2,1,1,4,2,2,0,\"NA\",2.87867966,5,4,3,\"NA\",\"NA\",1.15470054,1.11022302e-16,1,1,1,2,\"NA\",\"NA\",1.84529946,3,3,\"NA\",0.70710678,0,\"NA\",0,0,\"NA\",\"NA\",0,0,1,\"NA\",\"NA\",0.57735027,0,1,2,\"NA\",\"NA\",4.73205081,3,7,8,8,7,\"NA\",4.41421356,3,2,6,6,5,13,14,13,9,11,9,7,6,8,5,6,6,6,8,\"NA\",3.05025253,\"NA\",\"NA\",5.88675135,3,3,\"NA\",3.70710678,3,\"NA\",\"NA\",5.88675135,\"NA\",4.46446609,8,4,4,6,5,6,6,9,7,3,2,4,\"NA\",2,\"NA\",1.41421356,0,0,0,\"NA\",3.58578644,5,9,4,6,13,\"NA\",8,8,11,14,14,12,11,14,14,21,18,18,11,6,7,7,11,8,11,8,11,9,14,13,9,6,3,1,1,1,0,0,0,0,\"NA\",0,\"NA\",0.29289322,\"NA\",0.70710678,\"NA\",0.29289322,1,0,0,2,\"NA\",0,0,1,0,0,\"NA\",\"NA\",0,0,0,0,\"NA\",0,0,0,0,0,0,0,0,0,0,0,0,\"NA\",0,\"NA\",0,\"NA\",0,\"NA\",0,0,1,2,1,3,1,1,1,1,0,1,\"NA\",1.58578644,3,5,4,7,7,7,6,8,4,6,\"NA\",\"NA\",11.26794919,13,\"NA\",10.12132034,8,10,7,6,5,3,\"NA\",\"NA\",5.84529946,7,7,8,5,10,\"NA\",4.41421356,3,4,0,\"NA\",\"NA\",\"NA\",0.5,0,1,1,1,0,1,1,1,\"NA\",\"NA\",\"NA\",0,0,0,0,1,0,0,0,0,1,0,0,\"NA\",\"NA\",\"NA\",\"NA\",\"NA\",\"NA\",\"NA\",\"NA\",\"NA\",\"NA\",\"NA\",\"NA\",\"NA\",\"NA\",\"NA\",\"NA\",2.27239312,\"NA\",\"NA\",\"NA\",2,1,2,2,1,0,2,\"NA\",\"NA\",1.42264973,2,3,1,2,\"NA\",2.17157288,5,5,4,\"NA\"]}]},{\"type\":\"double\",\"attributes\":{},\"value\":[95]},{\"type\":\"double\",\"attributes\":{\"tsp\":{\"type\":\"double\",\"attributes\":{},\"value\":[352,364,1]},\"class\":{\"type\":\"character\",\"attributes\":{},\"value\":[\"ts\"]}},\"value\":[5,5,5,5,5,5,5,5,5,5,5,5,5]},{\"type\":\"double\",\"attributes\":{\"dim\":{\"type\":\"integer\",\"attributes\":{},\"value\":[13,1]},\"dimnames\":{\"type\":\"list\",\"attributes\":{},\"value\":[{\"type\":\"NULL\"},{\"type\":\"character\",\"attributes\":{},\"value\":[\"95%\"]}]},\"tsp\":{\"type\":\"double\",\"attributes\":{},\"value\":[352,364,1]},\"class\":{\"type\":\"character\",\"attributes\":{},\"value\":[\"ts\"]}},\"value\":[-0.75362485,-2.04672252,-3.13685429,-4.09727966,-4.96557056,-5.76404645,-6.50724969,-7.20528143,-7.86549627,-8.49344632,-9.09344504,-9.66892268,-10.22266048]},{\"type\":\"double\",\"attributes\":{\"dim\":{\"type\":\"integer\",\"attributes\":{},\"value\":[13,1]},\"dimnames\":{\"type\":\"list\",\"attributes\":{},\"value\":[{\"type\":\"NULL\"},{\"type\":\"character\",\"attributes\":{},\"value\":[\"95%\"]}]},\"tsp\":{\"type\":\"double\",\"attributes\":{},\"value\":[352,364,1]},\"class\":{\"type\":\"character\",\"attributes\":{},\"value\":[\"ts\"]}},\"value\":[10.75362485,12.04672252,13.13685429,14.09727966,14.96557056,15.76404645,16.50724969,17.20528143,17.86549627,18.49344632,19.09344504,19.66892268,20.22266048]},{\"type\":\"integer\",\"attributes\":{\"tsp\":{\"type\":\"double\",\"attributes\":{},\"value\":[1,351,1]},\"class\":{\"type\":\"character\",\"attributes\":{},\"value\":[\"ts\"]}},\"value\":[0,0,0,0,0,0,0,0,0,1,0,0,0,1,1,2,5,0,3,1,1,2,1,1,2,\"NA\",5,3,3,4,2,5,2,\"NA\",4,2,2,1,2,6,\"NA\",1,1,2,1,1,4,2,2,0,2,\"NA\",5,4,3,2,\"NA\",\"NA\",0,1,1,1,2,1,\"NA\",\"NA\",3,3,1,\"NA\",0,0,\"NA\",0,0,\"NA\",\"NA\",0,1,1,\"NA\",\"NA\",0,1,2,6,\"NA\",\"NA\",3,7,8,8,7,5,\"NA\",3,2,6,6,5,13,14,13,9,11,9,7,6,8,5,6,6,6,8,1,\"NA\",8,\"NA\",\"NA\",3,3,4,\"NA\",3,8,\"NA\",\"NA\",3,\"NA\",8,4,4,6,5,6,6,9,7,3,2,4,2,\"NA\",2,\"NA\",0,0,0,3,\"NA\",5,9,4,6,13,8,\"NA\",8,11,14,14,12,11,14,14,21,18,18,11,6,7,7,11,8,11,8,11,9,14,13,9,6,3,1,1,1,0,0,0,0,0,\"NA\",0,\"NA\",1,\"NA\",0,\"NA\",1,0,0,2,0,\"NA\",0,1,0,0,0,\"NA\",\"NA\",0,0,0,0,\"NA\",0,0,0,0,0,0,0,0,0,0,0,0,\"NA\",0,\"NA\",0,\"NA\",0,\"NA\",0,1,2,1,3,1,1,1,1,0,1,1,\"NA\",3,5,4,7,7,7,6,8,4,6,10,\"NA\",\"NA\",13,11,\"NA\",8,10,7,6,5,3,5,\"NA\",\"NA\",7,7,8,5,10,5,\"NA\",3,4,0,1,\"NA\",\"NA\",\"NA\",0,1,1,1,0,1,1,1,0,\"NA\",\"NA\",\"NA\",0,0,0,1,0,0,0,0,1,0,0,0,\"NA\",\"NA\",\"NA\",\"NA\",\"NA\",\"NA\",\"NA\",\"NA\",\"NA\",\"NA\",\"NA\",\"NA\",\"NA\",\"NA\",\"NA\",\"NA\",3,\"NA\",\"NA\",\"NA\",1,2,2,1,0,2,1,\"NA\",\"NA\",2,3,1,2,1,\"NA\",5,5,4,5,\"NA\"]},{\"type\":\"character\",\"attributes\":{},\"value\":[\"c(0L, 0L, 0L, 0L, 0L, 0L, 0L, 0L, 0L, 1L, 0L, 0L, 0L, 1L, 1L, \",\"2L, 5L, 0L, 3L, 1L, 1L, 2L, 1L, 1L, 2L, NA, 5L, 3L, 3L, 4L, 2L, \",\"5L, 2L, NA, 4L, 2L, 2L, 1L, 2L, 6L, NA, 1L, 1L, 2L, 1L, 1L, 4L, \",\"2L, 2L, 0L, 2L, NA, 5L, 4L, 3L, 2L, NA, NA, 0L, 1L, 1L, 1L, 2L, \",\"1L, NA, NA, 3L, 3L, 1L, NA, 0L, 0L, NA, 0L, 0L, NA, NA, 0L, 1L, \",\"1L, NA, NA, 0L, 1L, 2L, 6L, NA, NA, 3L, 7L, 8L, 8L, 7L, 5L, NA, \",\"3L, 2L, 6L, 6L, 5L, 13L, 14L, 13L, 9L, 11L, 9L, 7L, 6L, 8L, 5L, \",\"6L, 6L, 6L, 8L, 1L, NA, 8L, NA, NA, 3L, 3L, 4L, NA, 3L, 8L, NA, \",\"NA, 3L, NA, 8L, 4L, 4L, 6L, 5L, 6L, 6L, 9L, 7L, 3L, 2L, 4L, 2L, \",\"NA, 2L, NA, 0L, 0L, 0L, 3L, NA, 5L, 9L, 4L, 6L, 13L, 8L, NA, \",\"8L, 11L, 14L, 14L, 12L, 11L, 14L, 14L, 21L, 18L, 18L, 11L, 6L, \",\"7L, 7L, 11L, 8L, 11L, 8L, 11L, 9L, 14L, 13L, 9L, 6L, 3L, 1L, \",\"1L, 1L, 0L, 0L, 0L, 0L, 0L, NA, 0L, NA, 1L, NA, 0L, NA, 1L, 0L, \",\"0L, 2L, 0L, NA, 0L, 1L, 0L, 0L, 0L, NA, NA, 0L, 0L, 0L, 0L, NA, \",\"0L, 0L, 0L, 0L, 0L, 0L, 0L, 0L, 0L, 0L, 0L, 0L, NA, 0L, NA, 0L, \",\"NA, 0L, NA, 0L, 1L, 2L, 1L, 3L, 1L, 1L, 1L, 1L, 0L, 1L, 1L, NA, \",\"3L, 5L, 4L, 7L, 7L, 7L, 6L, 8L, 4L, 6L, 10L, NA, NA, 13L, 11L, \",\"NA, 8L, 10L, 7L, 6L, 5L, 3L, 5L, NA, NA, 7L, 7L, 8L, 5L, 10L, \",\"5L, NA, 3L, 4L, 0L, 1L, NA, NA, NA, 0L, 1L, 1L, 1L, 0L, 1L, 1L, \",\"1L, 0L, NA, NA, NA, 0L, 0L, 0L, 1L, 0L, 0L, 0L, 0L, 1L, 0L, 0L, \",\"0L, NA, NA, NA, NA, NA, NA, NA, NA, NA, NA, NA, NA, NA, NA, NA, \",\"NA, 3L, NA, NA, NA, 1L, 2L, 2L, 1L, 0L, 2L, 1L, NA, NA, 2L, 3L, \",\"1L, 2L, 1L, NA, 5L, 5L, 4L, 5L, NA)\"]},{\"type\":\"double\",\"attributes\":{\"tsp\":{\"type\":\"double\",\"attributes\":{},\"value\":[1,351,1]},\"class\":{\"type\":\"character\",\"attributes\":{},\"value\":[\"ts\"]}},\"value\":[0,0,0,0,0,0,0,0,0,0,1,0,0,0,1,1,2,5,0,3,1,1,2,1,1,\"NA\",2.87867966,5,3,3,4,2,5,\"NA\",2.58578644,4,2,2,1,2,\"NA\",4.53553391,1,1,2,1,1,4,2,2,0,\"NA\",2.87867966,5,4,3,\"NA\",\"NA\",1.15470054,1.11022302e-16,1,1,1,2,\"NA\",\"NA\",1.84529946,3,3,\"NA\",0.70710678,0,\"NA\",0,0,\"NA\",\"NA\",0,0,1,\"NA\",\"NA\",0.57735027,0,1,2,\"NA\",\"NA\",4.73205081,3,7,8,8,7,\"NA\",4.41421356,3,2,6,6,5,13,14,13,9,11,9,7,6,8,5,6,6,6,8,\"NA\",3.05025253,\"NA\",\"NA\",5.88675135,3,3,\"NA\",3.70710678,3,\"NA\",\"NA\",5.88675135,\"NA\",4.46446609,8,4,4,6,5,6,6,9,7,3,2,4,\"NA\",2,\"NA\",1.41421356,0,0,0,\"NA\",3.58578644,5,9,4,6,13,\"NA\",8,8,11,14,14,12,11,14,14,21,18,18,11,6,7,7,11,8,11,8,11,9,14,13,9,6,3,1,1,1,0,0,0,0,\"NA\",0,\"NA\",0.29289322,\"NA\",0.70710678,\"NA\",0.29289322,1,0,0,2,\"NA\",0,0,1,0,0,\"NA\",\"NA\",0,0,0,0,\"NA\",0,0,0,0,0,0,0,0,0,0,0,0,\"NA\",0,\"NA\",0,\"NA\",0,\"NA\",0,0,1,2,1,3,1,1,1,1,0,1,\"NA\",1.58578644,3,5,4,7,7,7,6,8,4,6,\"NA\",\"NA\",11.26794919,13,\"NA\",10.12132034,8,10,7,6,5,3,\"NA\",\"NA\",5.84529946,7,7,8,5,10,\"NA\",4.41421356,3,4,0,\"NA\",\"NA\",\"NA\",0.5,0,1,1,1,0,1,1,1,\"NA\",\"NA\",\"NA\",0,0,0,0,1,0,0,0,0,1,0,0,\"NA\",\"NA\",\"NA\",\"NA\",\"NA\",\"NA\",\"NA\",\"NA\",\"NA\",\"NA\",\"NA\",\"NA\",\"NA\",\"NA\",\"NA\",\"NA\",2.27239312,\"NA\",\"NA\",\"NA\",2,1,2,2,1,0,2,\"NA\",\"NA\",1.42264973,2,3,1,2,\"NA\",2.17157288,5,5,4,\"NA\"]},{\"type\":\"double\",\"attributes\":{\"tsp\":{\"type\":\"double\",\"attributes\":{},\"value\":[1,351,1]},\"class\":{\"type\":\"character\",\"attributes\":{},\"value\":[\"ts\"]}},\"value\":[0,0,0,0,0,0,0,0,0,1,-1,0,0,1,0,1,3,-5,3,-2,0,1,-1,0,1,\"NA\",2.12132034,-2,0,1,-2,3,-3,\"NA\",1.41421356,-2,0,-1,1,4,\"NA\",-3.53553391,0,1,-1,0,3,-2,0,-2,2,\"NA\",2.12132034,-1,-1,-1,\"NA\",\"NA\",-1.15470054,1,0,0,1,-1,\"NA\",\"NA\",1.15470054,4.4408921e-16,-2,\"NA\",-0.70710678,0,\"NA\",0,0,\"NA\",\"NA\",0,1,0,\"NA\",\"NA\",-0.57735027,1,1,4,\"NA\",\"NA\",-1.73205081,4,1,0,-1,-2,\"NA\",-1.41421356,-1,4,0,-1,8,1,-1,-4,2,-2,-2,-1,2,-3,1,0,0,2,-7,\"NA\",4.94974747,\"NA\",\"NA\",-2.88675135,8.8817842e-16,1,\"NA\",-0.70710678,5,\"NA\",\"NA\",-2.88675135,\"NA\",3.53553391,-4,-8.8817842e-16,2,-1,1,0,3,-2,-4,-1,2,-2,\"NA\",0,\"NA\",-1.41421356,0,0,3,\"NA\",1.41421356,4,-5,2,7,-5,\"NA\",0,3,3,0,-2,-1,3,0,7,-3,0,-7,-5,1,0,4,-3,3,-3,3,-2,5,-1,-4,-3,-3,-2,0,0,-1,0,0,0,0,\"NA\",0,\"NA\",0.70710678,\"NA\",-0.70710678,\"NA\",0.70710678,-1,0,2,-2,\"NA\",0,1,-1,0,0,\"NA\",\"NA\",0,0,0,0,\"NA\",0,0,0,0,0,0,0,0,0,0,0,0,\"NA\",0,\"NA\",0,\"NA\",0,\"NA\",0,1,1,-1,2,-2,0,0,0,-1,1,0,\"NA\",1.41421356,2,-1,3,0,0,-1,2,-4,2,4,\"NA\",\"NA\",1.73205081,-2,\"NA\",-2.12132034,2,-3,-1,-1,-2,2,\"NA\",\"NA\",1.15470054,0,1,-3,5,-5,\"NA\",-1.41421356,1,-4,1,\"NA\",\"NA\",\"NA\",-0.5,1,0,0,-1,1,0,0,-1,\"NA\",\"NA\",\"NA\",0,0,0,1,-1,0,0,0,1,-1,0,0,\"NA\",\"NA\",\"NA\",\"NA\",\"NA\",\"NA\",\"NA\",\"NA\",\"NA\",\"NA\",\"NA\",\"NA\",\"NA\",\"NA\",\"NA\",\"NA\",0.72760688,\"NA\",\"NA\",\"NA\",-1,1,0,-1,-1,2,-1,\"NA\",\"NA\",0.57735027,1,-2,1,-1,\"NA\",2.82842712,0,-1,1,\"NA\"]}]}"]
