["{\"type\":\"list\",\"attributes\":{\"names\":{\"type\":\"character\",\"attributes\":{},\"value\":[\"method\",\"model\",\"level\",\"mean\",\"lower\",\"upper\",\"x\",\"series\",\"fitted\",\"residuals\"]},\"class\":{\"type\":\"character\",\"attributes\":{},\"value\":[\"forecast\"]}},\"value\":[{\"type\":\"character\",\"attributes\":{},\"value\":[\"ARIMA(0,1,0)\"]},{\"type\":\"list\",\"attributes\":{\"names\":{\"type\":\"character\",\"attributes\":{},\"value\":[\"coef\",\"sigma2\",\"var.coef\",\"mask\",\"loglik\",\"aic\",\"arma\",\"residuals\",\"call\",\"series\",\"code\",\"n.cond\",\"nobs\",\"model\",\"aicc\",\"bic\",\"x\",\"fitted\"]},\"class\":{\"type\":\"character\",\"attributes\":{},\"value\":[\"forecast_ARIMA\",\"ARIMA\",\"Arima\"]}},\"value\":[{\"type\":\"double\",\"attributes\":{},\"value\":[]},{\"type\":\"double\",\"attributes\":{},\"value\":[1.28644268]},{\"type\":\"double\",\"attributes\":{},\"value\":[]},{\"type\":\"logical\",\"attributes\":{},\"value\":[]},{\"type\":\"double\",\"attributes\":{},\"value\":[-442.5393035]},{\"type\":\"double\",\"attributes\":{},\"value\":[887.07860701]},{\"type\":\"integer\",\"attributes\":{},\"value\":[0,0,0,0,1,1,0]},{\"type\":\"double\",\"attributes\":{\"tsp\":{\"type\":\"double\",\"attributes\":{},\"value\":[1,351,1]},\"class\":{\"type\":\"character\",\"attributes\":{},\"value\":[\"ts\"]}},\"value\":[0,0,0,0,0,0,0,0,0,0,0,0,0,1,1,-1,1,-2,1,-1,0,0,0,1,-1,\"NA\",0,2,-1,-1,0,1,-1,\"NA\",0,0,0,0,0,0,\"NA\",0.70710678,-1,0,0,0,0,0,0,0,0,\"NA\",0,0,0,0,\"NA\",\"NA\",0,0,0,0,0,0,\"NA\",\"NA\",0,0,0,\"NA\",0,0,\"NA\",1.41421356,-2,\"NA\",\"NA\",0,0,0,\"NA\",\"NA\",0,0,1,1,\"NA\",\"NA\",0,-1,-1,0,0,0,\"NA\",0,2,-2,1,1,-1,4,-4,3,-4,1,-1,0,0,1,-1,1,-1,0,0,\"NA\",0.70710678,\"NA\",\"NA\",-0.57735027,-5.55111512e-17,0,\"NA\",0,2,\"NA\",\"NA\",-1.15470054,\"NA\",0.70710678,-1,0,0,1,-1,2,-2,2,-2,0,0,0,\"NA\",0,\"NA\",0,0,1,1,\"NA\",-0.70710678,2,4,-6,-1,4,\"NA\",-1.41421356,0,0,-1,-1,0,0,1,0,0,-1,0,0,1,0,0,-1,0,0,1,-1,0,0,0,0,0,0,0,0,0,0,0,0,0,\"NA\",0,\"NA\",0,\"NA\",0,\"NA\",0,0,0,0,0,\"NA\",0,0,0,0,0,\"NA\",\"NA\",0,0,0,1,\"NA\",-0.70710678,0,1,-1,0,1,0,0,-1,0,0,0,\"NA\",0,\"NA\",0.70710678,\"NA\",0.70710678,\"NA\",0.70710678,3,-1,-2,-1,0,-2,2,-1,0,0,1,\"NA\",0.70710678,0,-1,-1,3,0,-4,0,3,2,-1,\"NA\",\"NA\",-2.30940108,1,\"NA\",-0.70710678,0,0,0,0,0,1,\"NA\",\"NA\",0,0,-1,2,0,-2,\"NA\",0.70710678,-1,1,0,\"NA\",\"NA\",\"NA\",-0.5,0,1,-1,0,1,-1,0,0,\"NA\",\"NA\",\"NA\",0,0,0,0,0,0,0,1,1,-2,0,2,\"NA\",\"NA\",\"NA\",\"NA\",\"NA\",\"NA\",\"NA\",\"NA\",\"NA\",\"NA\",\"NA\",\"NA\",\"NA\",\"NA\",\"NA\",\"NA\",-0.48507125,\"NA\",\"NA\",\"NA\",1,-2,1,0,0,0,-1,\"NA\",\"NA\",0,0,0,1,1,\"NA\",-0.70710678,1,3,-3,\"NA\"]},{\"type\":\"language\",\"attributes\":{},\"value\":[\"Arima(y = c(0L, 0L, 0L, 0L, 0L, 0L, 0L, 0L, 0L, 0L, 0L, 0L, 0L, \",\"1L, 2L, 1L, 2L, 0L, 1L, 0L, 0L, 0L, 0L, 1L, 0L, NA, 0L, 2L, 1L, \",\"0L, 0L, 1L, 0L, NA, 0L, 0L, 0L, 0L, 0L, 0L, NA, 1L, 0L, 0L, 0L, \",\"0L, 0L, 0L, 0L, 0L, 0L, NA, 0L, 0L, 0L, 0L, NA, NA, 0L, 0L, 0L, \",\"0L, 0L, 0L, NA, NA, 0L, 0L, 0L, NA, 0L, 0L, NA, 2L, 0L, NA, NA, \",\"0L, 0L, 0L, NA, NA, 0L, 0L, 1L, 2L, NA, NA, 2L, 1L, 0L, 0L, 0L, \",\"0L, NA, 0L, 2L, 0L, 1L, 2L, 1L, 5L, 1L, 4L, 0L, 1L, 0L, 0L, 0L, \",\"1L, 0L, 1L, 0L, 0L, 0L, NA, 1L, NA, NA, 0L, 0L, 0L, NA, 0L, 2L, \",\"NA, NA, 0L, NA, 1L, 0L, 0L, 0L, 1L, 0L, 2L, 0L, 2L, 0L, 0L, 0L, \",\"0L, NA, 0L, NA, 0L, 0L, 1L, 2L, NA, 1L, 3L, 7L, 1L, 0L, 4L, NA, \",\"2L, 2L, 2L, 1L, 0L, 0L, 0L, 1L, 1L, 1L, 0L, 0L, 0L, 1L, 1L, 1L, \",\"0L, 0L, 0L, 1L, 0L, 0L, 0L, 0L, 0L, 0L, 0L, 0L, 0L, 0L, 0L, 0L, \",\"0L, 0L, NA, 0L, NA, 0L, NA, 0L, NA, 0L, 0L, 0L, 0L, 0L, NA, 0L, \",\"0L, 0L, 0L, 0L, NA, NA, 0L, 0L, 0L, 1L, NA, 0L, 0L, 1L, 0L, 0L, \",\"1L, 1L, 1L, 0L, 0L, 0L, 0L, NA, 0L, NA, 1L, NA, 2L, NA, 3L, 6L, \",\"5L, 3L, 2L, 2L, 0L, 2L, 1L, 1L, 1L, 2L, NA, 3L, 3L, 2L, 1L, 4L, \",\"4L, 0L, 0L, 3L, 5L, 4L, NA, NA, 0L, 1L, NA, 0L, 0L, 0L, 0L, 0L, \",\"0L, 1L, NA, NA, 1L, 1L, 0L, 2L, 2L, 0L, NA, 1L, 0L, 1L, 1L, NA, \",\"NA, NA, 0L, 0L, 1L, 0L, 0L, 1L, 0L, 0L, 0L, NA, NA, NA, 0L, 0L, \",\"0L, 0L, 0L, 0L, 0L, 1L, 2L, 0L, 0L, 2L, NA, NA, NA, NA, NA, NA, \",\"NA, NA, NA, NA, NA, NA, NA, NA, NA, NA, 0L, NA, NA, NA, 2L, 0L, \",\"1L, 1L, 1L, 1L, 0L, NA, NA, 0L, 0L, 0L, 1L, 2L, NA, 1L, 2L, 5L, \",\"2L, NA), order = c(0, 1, 0))\"]},{\"type\":\"character\",\"attributes\":{},\"value\":[\"c(0L, 0L, 0L, 0L, 0L, 0L, 0L, 0L, 0L, 0L, 0L, 0L, 0L, 1L, 2L, \",\"1L, 2L, 0L, 1L, 0L, 0L, 0L, 0L, 1L, 0L, NA, 0L, 2L, 1L, 0L, 0L, \",\"1L, 0L, NA, 0L, 0L, 0L, 0L, 0L, 0L, NA, 1L, 0L, 0L, 0L, 0L, 0L, \",\"0L, 0L, 0L, 0L, NA, 0L, 0L, 0L, 0L, NA, NA, 0L, 0L, 0L, 0L, 0L, \",\"0L, NA, NA, 0L, 0L, 0L, NA, 0L, 0L, NA, 2L, 0L, NA, NA, 0L, 0L, \",\"0L, NA, NA, 0L, 0L, 1L, 2L, NA, NA, 2L, 1L, 0L, 0L, 0L, 0L, NA, \",\"0L, 2L, 0L, 1L, 2L, 1L, 5L, 1L, 4L, 0L, 1L, 0L, 0L, 0L, 1L, 0L, \",\"1L, 0L, 0L, 0L, NA, 1L, NA, NA, 0L, 0L, 0L, NA, 0L, 2L, NA, NA, \",\"0L, NA, 1L, 0L, 0L, 0L, 1L, 0L, 2L, 0L, 2L, 0L, 0L, 0L, 0L, NA, \",\"0L, NA, 0L, 0L, 1L, 2L, NA, 1L, 3L, 7L, 1L, 0L, 4L, NA, 2L, 2L, \",\"2L, 1L, 0L, 0L, 0L, 1L, 1L, 1L, 0L, 0L, 0L, 1L, 1L, 1L, 0L, 0L, \",\"0L, 1L, 0L, 0L, 0L, 0L, 0L, 0L, 0L, 0L, 0L, 0L, 0L, 0L, 0L, 0L, \",\"NA, 0L, NA, 0L, NA, 0L, NA, 0L, 0L, 0L, 0L, 0L, NA, 0L, 0L, 0L, \",\"0L, 0L, NA, NA, 0L, 0L, 0L, 1L, NA, 0L, 0L, 1L, 0L, 0L, 1L, 1L, \",\"1L, 0L, 0L, 0L, 0L, NA, 0L, NA, 1L, NA, 2L, NA, 3L, 6L, 5L, 3L, \",\"2L, 2L, 0L, 2L, 1L, 1L, 1L, 2L, NA, 3L, 3L, 2L, 1L, 4L, 4L, 0L, \",\"0L, 3L, 5L, 4L, NA, NA, 0L, 1L, NA, 0L, 0L, 0L, 0L, 0L, 0L, 1L, \",\"NA, NA, 1L, 1L, 0L, 2L, 2L, 0L, NA, 1L, 0L, 1L, 1L, NA, NA, NA, \",\"0L, 0L, 1L, 0L, 0L, 1L, 0L, 0L, 0L, NA, NA, NA, 0L, 0L, 0L, 0L, \",\"0L, 0L, 0L, 1L, 2L, 0L, 0L, 2L, NA, NA, NA, NA, NA, NA, NA, NA, \",\"NA, NA, NA, NA, NA, NA, NA, NA, 0L, NA, NA, NA, 2L, 0L, 1L, 1L, \",\"1L, 1L, 0L, NA, NA, 0L, 0L, 0L, 1L, 2L, NA, 1L, 2L, 5L, 2L, NA\",\")\"]},{\"type\":\"double\",\"attributes\":{},\"value\":[0]},{\"type\":\"double\",\"attributes\":{},\"value\":[0]},{\"type\":\"integer\",\"attributes\":{},\"value\":[274]},{\"type\":\"list\",\"attributes\":{\"names\":{\"type\":\"character\",\"attributes\":{},\"value\":[\"phi\",\"theta\",\"Delta\",\"Z\",\"a\",\"P\",\"T\",\"V\",\"h\",\"Pn\"]}},\"value\":[{\"type\":\"double\",\"attributes\":{},\"value\":[]},{\"type\":\"double\",\"attributes\":{},\"value\":[]},{\"type\":\"double\",\"attributes\":{},\"value\":[1]},{\"type\":\"double\",\"attributes\":{},\"value\":[1,1]},{\"type\":\"double\",\"attributes\":{},\"value\":[0,2]},{\"type\":\"double\",\"attributes\":{\"dim\":{\"type\":\"integer\",\"attributes\":{},\"value\":[2,2]}},\"value\":[1,0,0,0]},{\"type\":\"double\",\"attributes\":{\"dim\":{\"type\":\"integer\",\"attributes\":{},\"value\":[2,2]}},\"value\":[0,1,0,1]},{\"type\":\"double\",\"attributes\":{\"dim\":{\"type\":\"integer\",\"attributes\":{},\"value\":[2,2]}},\"value\":[1,0,0,0]},{\"type\":\"double\",\"attributes\":{},\"value\":[0]},{\"type\":\"double\",\"attributes\":{\"dim\":{\"type\":\"integer\",\"attributes\":{},\"value\":[2,2]}},\"value\":[1,0,0,0]}]},{\"type\":\"double\",\"attributes\":{},\"value\":[887.09331289]},{\"type\":\"double\",\"attributes\":{},\"value\":[890.69173511]},{\"type\":\"integer\",\"attributes\":{\"tsp\":{\"type\":\"double\",\"attributes\":{},\"value\":[1,351,1]},\"class\":{\"type\":\"character\",\"attributes\":{},\"value\":[\"ts\"]}},\"value\":[0,0,0,0,0,0,0,0,0,0,0,0,0,1,2,1,2,0,1,0,0,0,0,1,0,\"NA\",0,2,1,0,0,1,0,\"NA\",0,0,0,0,0,0,\"NA\",1,0,0,0,0,0,0,0,0,0,\"NA\",0,0,0,0,\"NA\",\"NA\",0,0,0,0,0,0,\"NA\",\"NA\",0,0,0,\"NA\",0,0,\"NA\",2,0,\"NA\",\"NA\",0,0,0,\"NA\",\"NA\",0,0,1,2,\"NA\",\"NA\",2,1,0,0,0,0,\"NA\",0,2,0,1,2,1,5,1,4,0,1,0,0,0,1,0,1,0,0,0,\"NA\",1,\"NA\",\"NA\",0,0,0,\"NA\",0,2,\"NA\",\"NA\",0,\"NA\",1,0,0,0,1,0,2,0,2,0,0,0,0,\"NA\",0,\"NA\",0,0,1,2,\"NA\",1,3,7,1,0,4,\"NA\",2,2,2,1,0,0,0,1,1,1,0,0,0,1,1,1,0,0,0,1,0,0,0,0,0,0,0,0,0,0,0,0,0,0,\"NA\",0,\"NA\",0,\"NA\",0,\"NA\",0,0,0,0,0,\"NA\",0,0,0,0,0,\"NA\",\"NA\",0,0,0,1,\"NA\",0,0,1,0,0,1,1,1,0,0,0,0,\"NA\",0,\"NA\",1,\"NA\",2,\"NA\",3,6,5,3,2,2,0,2,1,1,1,2,\"NA\",3,3,2,1,4,4,0,0,3,5,4,\"NA\",\"NA\",0,1,\"NA\",0,0,0,0,0,0,1,\"NA\",\"NA\",1,1,0,2,2,0,\"NA\",1,0,1,1,\"NA\",\"NA\",\"NA\",0,0,1,0,0,1,0,0,0,\"NA\",\"NA\",\"NA\",0,0,0,0,0,0,0,1,2,0,0,2,\"NA\",\"NA\",\"NA\",\"NA\",\"NA\",\"NA\",\"NA\",\"NA\",\"NA\",\"NA\",\"NA\",\"NA\",\"NA\",\"NA\",\"NA\",\"NA\",0,\"NA\",\"NA\",\"NA\",2,0,1,1,1,1,0,\"NA\",\"NA\",0,0,0,1,2,\"NA\",1,2,5,2,\"NA\"]},{\"type\":\"double\",\"attributes\":{\"tsp\":{\"type\":\"double\",\"attributes\":{},\"value\":[1,351,1]},\"class\":{\"type\":\"character\",\"attributes\":{},\"value\":[\"ts\"]}},\"value\":[0,0,0,0,0,0,0,0,0,0,0,0,0,0,1,2,1,2,0,1,0,0,0,0,1,\"NA\",0,0,2,1,0,0,1,\"NA\",0,0,0,0,0,0,\"NA\",0.29289322,1,0,0,0,0,0,0,0,0,\"NA\",0,0,0,0,\"NA\",\"NA\",0,0,0,0,0,0,\"NA\",\"NA\",0,0,0,\"NA\",0,0,\"NA\",0.58578644,2,\"NA\",\"NA\",0,0,0,\"NA\",\"NA\",0,0,0,1,\"NA\",\"NA\",2,2,1,0,0,0,\"NA\",0,0,2,0,1,2,1,5,1,4,0,1,0,0,0,1,0,1,0,0,\"NA\",0.29289322,\"NA\",\"NA\",0.57735027,5.55111512e-17,0,\"NA\",0,0,\"NA\",\"NA\",1.15470054,\"NA\",0.29289322,1,0,0,0,1,0,2,0,2,0,0,0,\"NA\",0,\"NA\",0,0,0,1,\"NA\",1.70710678,1,3,7,1,0,\"NA\",3.41421356,2,2,2,1,0,0,0,1,1,1,0,0,0,1,1,1,0,0,0,1,0,0,0,0,0,0,0,0,0,0,0,0,0,\"NA\",0,\"NA\",0,\"NA\",0,\"NA\",0,0,0,0,0,\"NA\",0,0,0,0,0,\"NA\",\"NA\",0,0,0,0,\"NA\",0.70710678,0,0,1,0,0,1,1,1,0,0,0,\"NA\",0,\"NA\",0.29289322,\"NA\",1.29289322,\"NA\",2.29289322,3,6,5,3,2,2,0,2,1,1,1,\"NA\",2.29289322,3,3,2,1,4,4,0,0,3,5,\"NA\",\"NA\",2.30940108,2.22044605e-16,\"NA\",0.70710678,0,0,0,0,0,0,\"NA\",\"NA\",1,1,1,0,2,2,\"NA\",0.29289322,1,0,1,\"NA\",\"NA\",\"NA\",0.5,0,0,1,0,0,1,0,0,\"NA\",\"NA\",\"NA\",0,0,0,0,0,0,0,0,1,2,0,0,\"NA\",\"NA\",\"NA\",\"NA\",\"NA\",\"NA\",\"NA\",\"NA\",\"NA\",\"NA\",\"NA\",\"NA\",\"NA\",\"NA\",\"NA\",\"NA\",0.48507125,\"NA\",\"NA\",\"NA\",1,2,0,1,1,1,1,\"NA\",\"NA\",0,0,0,0,1,\"NA\",1.70710678,1,2,5,\"NA\"]}]},{\"type\":\"double\",\"attributes\":{},\"value\":[95]},{\"type\":\"double\",\"attributes\":{\"tsp\":{\"type\":\"double\",\"attributes\":{},\"value\":[352,364,1]},\"class\":{\"type\":\"character\",\"attributes\":{},\"value\":[\"ts\"]}},\"value\":[2,2,2,2,2,2,2,2,2,2,2,2,2]},{\"type\":\"double\",\"attributes\":{\"dim\":{\"type\":\"integer\",\"attributes\":{},\"value\":[13,1]},\"dimnames\":{\"type\":\"list\",\"attributes\":{},\"value\":[{\"type\":\"NULL\"},{\"type\":\"character\",\"attributes\":{},\"value\":[\"95%\"]}]},\"tsp\":{\"type\":\"double\",\"attributes\":{},\"value\":[352,364,1]},\"class\":{\"type\":\"character\",\"attributes\":{},\"value\":[\"ts\"]}},\"value\":[-1.14382461,-1.85038306,-2.4460394,-2.97082316,-3.44526395,-3.88155728,-4.28764921,-4.66905909,-5.02980553,-5.37292224,-5.70076613,-6.01521151,-6.31777807]},{\"type\":\"double\",\"attributes\":{\"dim\":{\"type\":\"integer\",\"attributes\":{},\"value\":[13,1]},\"dimnames\":{\"type\":\"list\",\"attributes\":{},\"value\":[{\"type\":\"NULL\"},{\"type\":\"character\",\"attributes\":{},\"value\":[\"95%\"]}]},\"tsp\":{\"type\":\"double\",\"attributes\":{},\"value\":[352,364,1]},\"class\":{\"type\":\"character\",\"attributes\":{},\"value\":[\"ts\"]}},\"value\":[5.14382461,5.85038306,6.4460394,6.97082316,7.44526395,7.88155728,8.28764921,8.66905909,9.02980553,9.37292224,9.70076613,10.01521151,10.31777807]},{\"type\":\"integer\",\"attributes\":{\"tsp\":{\"type\":\"double\",\"attributes\":{},\"value\":[1,351,1]},\"class\":{\"type\":\"character\",\"attributes\":{},\"value\":[\"ts\"]}},\"value\":[0,0,0,0,0,0,0,0,0,0,0,0,0,1,2,1,2,0,1,0,0,0,0,1,0,\"NA\",0,2,1,0,0,1,0,\"NA\",0,0,0,0,0,0,\"NA\",1,0,0,0,0,0,0,0,0,0,\"NA\",0,0,0,0,\"NA\",\"NA\",0,0,0,0,0,0,\"NA\",\"NA\",0,0,0,\"NA\",0,0,\"NA\",2,0,\"NA\",\"NA\",0,0,0,\"NA\",\"NA\",0,0,1,2,\"NA\",\"NA\",2,1,0,0,0,0,\"NA\",0,2,0,1,2,1,5,1,4,0,1,0,0,0,1,0,1,0,0,0,\"NA\",1,\"NA\",\"NA\",0,0,0,\"NA\",0,2,\"NA\",\"NA\",0,\"NA\",1,0,0,0,1,0,2,0,2,0,0,0,0,\"NA\",0,\"NA\",0,0,1,2,\"NA\",1,3,7,1,0,4,\"NA\",2,2,2,1,0,0,0,1,1,1,0,0,0,1,1,1,0,0,0,1,0,0,0,0,0,0,0,0,0,0,0,0,0,0,\"NA\",0,\"NA\",0,\"NA\",0,\"NA\",0,0,0,0,0,\"NA\",0,0,0,0,0,\"NA\",\"NA\",0,0,0,1,\"NA\",0,0,1,0,0,1,1,1,0,0,0,0,\"NA\",0,\"NA\",1,\"NA\",2,\"NA\",3,6,5,3,2,2,0,2,1,1,1,2,\"NA\",3,3,2,1,4,4,0,0,3,5,4,\"NA\",\"NA\",0,1,\"NA\",0,0,0,0,0,0,1,\"NA\",\"NA\",1,1,0,2,2,0,\"NA\",1,0,1,1,\"NA\",\"NA\",\"NA\",0,0,1,0,0,1,0,0,0,\"NA\",\"NA\",\"NA\",0,0,0,0,0,0,0,1,2,0,0,2,\"NA\",\"NA\",\"NA\",\"NA\",\"NA\",\"NA\",\"NA\",\"NA\",\"NA\",\"NA\",\"NA\",\"NA\",\"NA\",\"NA\",\"NA\",\"NA\",0,\"NA\",\"NA\",\"NA\",2,0,1,1,1,1,0,\"NA\",\"NA\",0,0,0,1,2,\"NA\",1,2,5,2,\"NA\"]},{\"type\":\"character\",\"attributes\":{},\"value\":[\"c(0L, 0L, 0L, 0L, 0L, 0L, 0L, 0L, 0L, 0L, 0L, 0L, 0L, 1L, 2L, \",\"1L, 2L, 0L, 1L, 0L, 0L, 0L, 0L, 1L, 0L, NA, 0L, 2L, 1L, 0L, 0L, \",\"1L, 0L, NA, 0L, 0L, 0L, 0L, 0L, 0L, NA, 1L, 0L, 0L, 0L, 0L, 0L, \",\"0L, 0L, 0L, 0L, NA, 0L, 0L, 0L, 0L, NA, NA, 0L, 0L, 0L, 0L, 0L, \",\"0L, NA, NA, 0L, 0L, 0L, NA, 0L, 0L, NA, 2L, 0L, NA, NA, 0L, 0L, \",\"0L, NA, NA, 0L, 0L, 1L, 2L, NA, NA, 2L, 1L, 0L, 0L, 0L, 0L, NA, \",\"0L, 2L, 0L, 1L, 2L, 1L, 5L, 1L, 4L, 0L, 1L, 0L, 0L, 0L, 1L, 0L, \",\"1L, 0L, 0L, 0L, NA, 1L, NA, NA, 0L, 0L, 0L, NA, 0L, 2L, NA, NA, \",\"0L, NA, 1L, 0L, 0L, 0L, 1L, 0L, 2L, 0L, 2L, 0L, 0L, 0L, 0L, NA, \",\"0L, NA, 0L, 0L, 1L, 2L, NA, 1L, 3L, 7L, 1L, 0L, 4L, NA, 2L, 2L, \",\"2L, 1L, 0L, 0L, 0L, 1L, 1L, 1L, 0L, 0L, 0L, 1L, 1L, 1L, 0L, 0L, \",\"0L, 1L, 0L, 0L, 0L, 0L, 0L, 0L, 0L, 0L, 0L, 0L, 0L, 0L, 0L, 0L, \",\"NA, 0L, NA, 0L, NA, 0L, NA, 0L, 0L, 0L, 0L, 0L, NA, 0L, 0L, 0L, \",\"0L, 0L, NA, NA, 0L, 0L, 0L, 1L, NA, 0L, 0L, 1L, 0L, 0L, 1L, 1L, \",\"1L, 0L, 0L, 0L, 0L, NA, 0L, NA, 1L, NA, 2L, NA, 3L, 6L, 5L, 3L, \",\"2L, 2L, 0L, 2L, 1L, 1L, 1L, 2L, NA, 3L, 3L, 2L, 1L, 4L, 4L, 0L, \",\"0L, 3L, 5L, 4L, NA, NA, 0L, 1L, NA, 0L, 0L, 0L, 0L, 0L, 0L, 1L, \",\"NA, NA, 1L, 1L, 0L, 2L, 2L, 0L, NA, 1L, 0L, 1L, 1L, NA, NA, NA, \",\"0L, 0L, 1L, 0L, 0L, 1L, 0L, 0L, 0L, NA, NA, NA, 0L, 0L, 0L, 0L, \",\"0L, 0L, 0L, 1L, 2L, 0L, 0L, 2L, NA, NA, NA, NA, NA, NA, NA, NA, \",\"NA, NA, NA, NA, NA, NA, NA, NA, 0L, NA, NA, NA, 2L, 0L, 1L, 1L, \",\"1L, 1L, 0L, NA, NA, 0L, 0L, 0L, 1L, 2L, NA, 1L, 2L, 5L, 2L, NA\",\")\"]},{\"type\":\"double\",\"attributes\":{\"tsp\":{\"type\":\"double\",\"attributes\":{},\"value\":[1,351,1]},\"class\":{\"type\":\"character\",\"attributes\":{},\"value\":[\"ts\"]}},\"value\":[0,0,0,0,0,0,0,0,0,0,0,0,0,0,1,2,1,2,0,1,0,0,0,0,1,\"NA\",0,0,2,1,0,0,1,\"NA\",0,0,0,0,0,0,\"NA\",0.29289322,1,0,0,0,0,0,0,0,0,\"NA\",0,0,0,0,\"NA\",\"NA\",0,0,0,0,0,0,\"NA\",\"NA\",0,0,0,\"NA\",0,0,\"NA\",0.58578644,2,\"NA\",\"NA\",0,0,0,\"NA\",\"NA\",0,0,0,1,\"NA\",\"NA\",2,2,1,0,0,0,\"NA\",0,0,2,0,1,2,1,5,1,4,0,1,0,0,0,1,0,1,0,0,\"NA\",0.29289322,\"NA\",\"NA\",0.57735027,5.55111512e-17,0,\"NA\",0,0,\"NA\",\"NA\",1.15470054,\"NA\",0.29289322,1,0,0,0,1,0,2,0,2,0,0,0,\"NA\",0,\"NA\",0,0,0,1,\"NA\",1.70710678,1,3,7,1,0,\"NA\",3.41421356,2,2,2,1,0,0,0,1,1,1,0,0,0,1,1,1,0,0,0,1,0,0,0,0,0,0,0,0,0,0,0,0,0,\"NA\",0,\"NA\",0,\"NA\",0,\"NA\",0,0,0,0,0,\"NA\",0,0,0,0,0,\"NA\",\"NA\",0,0,0,0,\"NA\",0.70710678,0,0,1,0,0,1,1,1,0,0,0,\"NA\",0,\"NA\",0.29289322,\"NA\",1.29289322,\"NA\",2.29289322,3,6,5,3,2,2,0,2,1,1,1,\"NA\",2.29289322,3,3,2,1,4,4,0,0,3,5,\"NA\",\"NA\",2.30940108,2.22044605e-16,\"NA\",0.70710678,0,0,0,0,0,0,\"NA\",\"NA\",1,1,1,0,2,2,\"NA\",0.29289322,1,0,1,\"NA\",\"NA\",\"NA\",0.5,0,0,1,0,0,1,0,0,\"NA\",\"NA\",\"NA\",0,0,0,0,0,0,0,0,1,2,0,0,\"NA\",\"NA\",\"NA\",\"NA\",\"NA\",\"NA\",\"NA\",\"NA\",\"NA\",\"NA\",\"NA\",\"NA\",\"NA\",\"NA\",\"NA\",\"NA\",0.48507125,\"NA\",\"NA\",\"NA\",1,2,0,1,1,1,1,\"NA\",\"NA\",0,0,0,0,1,\"NA\",1.70710678,1,2,5,\"NA\"]},{\"type\":\"double\",\"attributes\":{\"tsp\":{\"type\":\"double\",\"attributes\":{},\"value\":[1,351,1]},\"class\":{\"type\":\"character\",\"attributes\":{},\"value\":[\"ts\"]}},\"value\":[0,0,0,0,0,0,0,0,0,0,0,0,0,1,1,-1,1,-2,1,-1,0,0,0,1,-1,\"NA\",0,2,-1,-1,0,1,-1,\"NA\",0,0,0,0,0,0,\"NA\",0.70710678,-1,0,0,0,0,0,0,0,0,\"NA\",0,0,0,0,\"NA\",\"NA\",0,0,0,0,0,0,\"NA\",\"NA\",0,0,0,\"NA\",0,0,\"NA\",1.41421356,-2,\"NA\",\"NA\",0,0,0,\"NA\",\"NA\",0,0,1,1,\"NA\",\"NA\",0,-1,-1,0,0,0,\"NA\",0,2,-2,1,1,-1,4,-4,3,-4,1,-1,0,0,1,-1,1,-1,0,0,\"NA\",0.70710678,\"NA\",\"NA\",-0.57735027,-5.55111512e-17,0,\"NA\",0,2,\"NA\",\"NA\",-1.15470054,\"NA\",0.70710678,-1,0,0,1,-1,2,-2,2,-2,0,0,0,\"NA\",0,\"NA\",0,0,1,1,\"NA\",-0.70710678,2,4,-6,-1,4,\"NA\",-1.41421356,0,0,-1,-1,0,0,1,0,0,-1,0,0,1,0,0,-1,0,0,1,-1,0,0,0,0,0,0,0,0,0,0,0,0,0,\"NA\",0,\"NA\",0,\"NA\",0,\"NA\",0,0,0,0,0,\"NA\",0,0,0,0,0,\"NA\",\"NA\",0,0,0,1,\"NA\",-0.70710678,0,1,-1,0,1,0,0,-1,0,0,0,\"NA\",0,\"NA\",0.70710678,\"NA\",0.70710678,\"NA\",0.70710678,3,-1,-2,-1,0,-2,2,-1,0,0,1,\"NA\",0.70710678,0,-1,-1,3,0,-4,0,3,2,-1,\"NA\",\"NA\",-2.30940108,1,\"NA\",-0.70710678,0,0,0,0,0,1,\"NA\",\"NA\",0,0,-1,2,0,-2,\"NA\",0.70710678,-1,1,0,\"NA\",\"NA\",\"NA\",-0.5,0,1,-1,0,1,-1,0,0,\"NA\",\"NA\",\"NA\",0,0,0,0,0,0,0,1,1,-2,0,2,\"NA\",\"NA\",\"NA\",\"NA\",\"NA\",\"NA\",\"NA\",\"NA\",\"NA\",\"NA\",\"NA\",\"NA\",\"NA\",\"NA\",\"NA\",\"NA\",-0.48507125,\"NA\",\"NA\",\"NA\",1,-2,1,0,0,0,-1,\"NA\",\"NA\",0,0,0,1,1,\"NA\",-0.70710678,1,3,-3,\"NA\"]}]}"]
