"currency","model","dataset","species","estimate","lower_pi","upper_pi","confidence_level","old_cast_id","forecast_id","origin","newmoonnumber","forecast_date","forecast_month","forecast_year","forecast_group","historic_start_newmoonnumber","historic_end_newmoonnumber","forecast_start_newmoonnumber","forecast_end_newmoonnumber","lead_time_newmoons","max_lag","lag_buffer"
"abundance","jags_RW","controls","SF",0.009,0,0.019,0.95,2166,"2166.17",,552,2022-02-24,1,2022,83,217,552,552,564,0,,
"abundance","jags_RW","controls","SF",0.013,0,0.028,0.95,2166,"2166.17",,553,2022-02-24,3,2022,83,217,552,552,564,1,,
"abundance","jags_RW","controls","SF",0.017,0,0.04,0.95,2166,"2166.17",,554,2022-02-24,4,2022,83,217,552,552,564,2,,
"abundance","jags_RW","controls","SF",0.025,0,0.045,0.95,2166,"2166.17",,555,2022-02-24,4,2022,83,217,552,552,564,3,,
"abundance","jags_RW","controls","SF",0.031,0,0.063,0.95,2166,"2166.17",,556,2022-02-24,5,2022,83,217,552,552,564,4,,
"abundance","jags_RW","controls","SF",0.041,0,0.075,0.95,2166,"2166.17",,557,2022-02-24,6,2022,83,217,552,552,564,5,,
"abundance","jags_RW","controls","SF",0.056,0,0.084,0.95,2166,"2166.17",,558,2022-02-24,7,2022,83,217,552,552,564,6,,
"abundance","jags_RW","controls","SF",0.078,0,0.097,0.95,2166,"2166.17",,559,2022-02-24,8,2022,83,217,552,552,564,7,,
"abundance","jags_RW","controls","SF",0.096,0,0.118,0.95,2166,"2166.17",,560,2022-02-24,9,2022,83,217,552,552,564,8,,
"abundance","jags_RW","controls","SF",0.106,0,0.141,0.95,2166,"2166.17",,561,2022-02-24,10,2022,83,217,552,552,564,9,,
"abundance","jags_RW","controls","SF",0.139,0,0.159,0.95,2166,"2166.17",,562,2022-02-24,11,2022,83,217,552,552,564,10,,
"abundance","jags_RW","controls","SF",0.168,0,0.182,0.95,2166,"2166.17",,563,2022-02-24,12,2022,83,217,552,552,564,11,,
"abundance","jags_RW","controls","SF",0.202,0,0.216,0.95,2166,"2166.17",,564,2022-02-24,1,2023,83,217,552,552,564,12,,
