"currency","model","confidence_level","dataset","species","estimate","lower_pi","upper_pi","old_cast_id","forecast_id","origin","newmoonnumber","forecast_date","forecast_month","forecast_year","forecast_group","historic_start_newmoonnumber","historic_end_newmoonnumber","forecast_start_newmoonnumber","forecast_end_newmoonnumber","lead_time_newmoons","max_lag","lag_buffer"
"abundance","nbGARCH",0.95,"controls","RM",0.265031036575425,0,2,2593,"2593.15",,555,2022-06-16,4,2022,99,217,556,555,568,-1,,
"abundance","nbGARCH",0.95,"controls","RM",0.335134753807772,0,2,2593,"2593.15",,556,2022-06-16,5,2022,99,217,556,555,568,0,,
"abundance","nbGARCH",0.95,"controls","RM",0.353673440738862,0,2,2593,"2593.15",,557,2022-06-16,6,2022,99,217,556,555,568,1,,
"abundance","nbGARCH",0.95,"controls","RM",0.358575644541134,0,2,2593,"2593.15",,558,2022-06-16,7,2022,99,217,556,555,568,2,,
"abundance","nbGARCH",0.95,"controls","RM",0.359871919585839,0,2,2593,"2593.15",,559,2022-06-16,8,2022,99,217,556,555,568,3,,
"abundance","nbGARCH",0.95,"controls","RM",0.360214688339193,0,2,2593,"2593.15",,560,2022-06-16,9,2022,99,217,556,555,568,4,,
"abundance","nbGARCH",0.95,"controls","RM",0.360305325195142,0,2,2593,"2593.15",,561,2022-06-16,10,2022,99,217,556,555,568,5,,
"abundance","nbGARCH",0.95,"controls","RM",0.360329291899482,0,2,2593,"2593.15",,562,2022-06-16,11,2022,99,217,556,555,568,6,,
"abundance","nbGARCH",0.95,"controls","RM",0.360335629309012,0,2,2593,"2593.15",,563,2022-06-16,12,2022,99,217,556,555,568,7,,
"abundance","nbGARCH",0.95,"controls","RM",0.360337305082126,0,2,2593,"2593.15",,564,2022-06-16,1,2023,99,217,556,555,568,8,,
"abundance","nbGARCH",0.95,"controls","RM",0.360337748199381,0,2,2593,"2593.15",,565,2022-06-16,2,2023,99,217,556,555,568,9,,
"abundance","nbGARCH",0.95,"controls","RM",0.360337865370912,0,2,2593,"2593.15",,566,2022-06-16,3,2023,99,217,556,555,568,10,,
"abundance","nbGARCH",0.95,"controls","RM",0.36033789635406,0,2,2593,"2593.15",,567,2022-06-16,4,2023,99,217,556,555,568,11,,
"abundance","nbGARCH",0.95,"controls","RM",0.360334995127383,0,2,2593,"2593.15",,568,2022-06-16,5,2023,99,217,556,555,568,12,,
