"currency","model","confidence_level","dataset","species","estimate","lower_pi","upper_pi","old_cast_id","forecast_id","origin","newmoonnumber","forecast_date","forecast_month","forecast_year","forecast_group","historic_start_newmoonnumber","historic_end_newmoonnumber","forecast_start_newmoonnumber","forecast_end_newmoonnumber","lead_time_newmoons","max_lag","lag_buffer"
"abundance","nbGARCH",0.95,"exclosures","PB",2.74954868061956,0,6,2594,"2594.07",,555,2022-06-16,4,2022,99,217,556,555,568,-1,,
"abundance","nbGARCH",0.95,"exclosures","PB",3.41183869104192,0,10,2594,"2594.07",,556,2022-06-16,5,2022,99,217,556,555,568,0,,
"abundance","nbGARCH",0.95,"exclosures","PB",3.99331001773492,0,11,2594,"2594.07",,557,2022-06-16,6,2022,99,217,556,555,568,1,,
"abundance","nbGARCH",0.95,"exclosures","PB",4.5015650662264,0,12,2594,"2594.07",,558,2022-06-16,7,2022,99,217,556,555,568,2,,
"abundance","nbGARCH",0.95,"exclosures","PB",4.94417035522332,0,14,2594,"2594.07",,559,2022-06-16,8,2022,99,217,556,555,568,3,,
"abundance","nbGARCH",0.95,"exclosures","PB",5.3767637969319,0,16,2594,"2594.07",,560,2022-06-16,9,2022,99,217,556,555,568,4,,
"abundance","nbGARCH",0.95,"exclosures","PB",5.7547426022297,0,16,2594,"2594.07",,561,2022-06-16,10,2022,99,217,556,555,568,5,,
"abundance","nbGARCH",0.95,"exclosures","PB",6.03020812808403,0,16,2594,"2594.07",,562,2022-06-16,11,2022,99,217,556,555,568,6,,
"abundance","nbGARCH",0.95,"exclosures","PB",6.43591902434752,0,18,2594,"2594.07",,563,2022-06-16,12,2022,99,217,556,555,568,7,,
"abundance","nbGARCH",0.95,"exclosures","PB",6.67734337367123,0,19,2594,"2594.07",,564,2022-06-16,1,2023,99,217,556,555,568,8,,
"abundance","nbGARCH",0.95,"exclosures","PB",6.73953429634186,0,19,2594,"2594.07",,565,2022-06-16,2,2023,99,217,556,555,568,9,,
"abundance","nbGARCH",0.95,"exclosures","PB",6.9409793045638,0,20,2594,"2594.07",,566,2022-06-16,3,2023,99,217,556,555,568,10,,
"abundance","nbGARCH",0.95,"exclosures","PB",7.05207159114344,0,20,2594,"2594.07",,567,2022-06-16,4,2023,99,217,556,555,568,11,,
"abundance","nbGARCH",0.95,"exclosures","PB",7.19746716658139,0,20,2594,"2594.07",,568,2022-06-16,5,2023,99,217,556,555,568,12,,
