"currency","model","confidence_level","dataset","species","estimate","lower_pi","upper_pi","old_cast_id","forecast_id","origin","newmoonnumber","forecast_date","forecast_month","forecast_year","forecast_group","historic_start_newmoonnumber","historic_end_newmoonnumber","forecast_start_newmoonnumber","forecast_end_newmoonnumber","lead_time_newmoons","max_lag","lag_buffer"
"abundance","nbGARCH",0.95,"exclosures","OL",0.314802688615116,0,2,2770,"2770.05",,558,2022-08-11,7,2022,107,217,558,558,570,0,,
"abundance","nbGARCH",0.95,"exclosures","OL",0.207282708381048,0,2,2770,"2770.05",,559,2022-08-11,8,2022,107,217,558,558,570,1,,
"abundance","nbGARCH",0.95,"exclosures","OL",0.190393727149729,0,1,2770,"2770.05",,560,2022-08-11,9,2022,107,217,558,558,570,2,,
"abundance","nbGARCH",0.95,"exclosures","OL",0.187740338042566,0,1,2770,"2770.05",,561,2022-08-11,10,2022,107,217,558,558,570,3,,
"abundance","nbGARCH",0.95,"exclosures","OL",0.187323457179948,0,1,2770,"2770.05",,562,2022-08-11,11,2022,107,217,558,558,570,4,,
"abundance","nbGARCH",0.95,"exclosures","OL",0.187257959621222,0,1,2770,"2770.05",,563,2022-08-11,12,2022,107,217,558,558,570,5,,
"abundance","nbGARCH",0.95,"exclosures","OL",0.187247669070842,0,1,2770,"2770.05",,564,2022-08-11,1,2023,107,217,558,558,570,6,,
"abundance","nbGARCH",0.95,"exclosures","OL",0.187246052286308,0,2,2770,"2770.05",,565,2022-08-11,2,2023,107,217,558,558,570,7,,
"abundance","nbGARCH",0.95,"exclosures","OL",0.187245798267603,0,1,2770,"2770.05",,566,2022-08-11,3,2023,107,217,558,558,570,8,,
"abundance","nbGARCH",0.95,"exclosures","OL",0.187245758357831,0,1,2770,"2770.05",,567,2022-08-11,4,2023,107,217,558,558,570,9,,
"abundance","nbGARCH",0.95,"exclosures","OL",0.187245752087466,0,1,2770,"2770.05",,568,2022-08-11,5,2023,107,217,558,558,570,10,,
"abundance","nbGARCH",0.95,"exclosures","OL",0.187384729429892,0,1,2770,"2770.05",,569,2022-08-11,6,2023,107,217,558,558,570,11,,
"abundance","nbGARCH",0.95,"exclosures","OL",0.187406580850822,0,1,2770,"2770.05",,570,2022-08-11,7,2023,107,217,558,558,570,12,,
