"currency","model","confidence_level","dataset","species","estimate","lower_pi","upper_pi","old_cast_id","forecast_id","origin","newmoonnumber","forecast_date","forecast_month","forecast_year","forecast_group","historic_start_newmoonnumber","historic_end_newmoonnumber","forecast_start_newmoonnumber","forecast_end_newmoonnumber","lead_time_newmoons","max_lag","lag_buffer"
"abundance","nbGARCH",0.95,"exclosures","DM",0.863866457294921,0,3,2770,"2770.02",,558,2022-08-11,7,2022,107,217,558,558,570,0,,
"abundance","nbGARCH",0.95,"exclosures","DM",0.805211726016945,0,3,2770,"2770.02",,559,2022-08-11,8,2022,107,217,558,558,570,1,,
"abundance","nbGARCH",0.95,"exclosures","DM",0.779936298815064,0,3,2770,"2770.02",,560,2022-08-11,9,2022,107,217,558,558,570,2,,
"abundance","nbGARCH",0.95,"exclosures","DM",0.769043816496185,0,3,2770,"2770.02",,561,2022-08-11,10,2022,107,217,558,558,570,3,,
"abundance","nbGARCH",0.95,"exclosures","DM",0.764655814079838,0,3,2770,"2770.02",,562,2022-08-11,11,2022,107,217,558,558,570,4,,
"abundance","nbGARCH",0.95,"exclosures","DM",0.762764001729972,0,3,2770,"2770.02",,563,2022-08-11,12,2022,107,217,558,558,570,5,,
"abundance","nbGARCH",0.95,"exclosures","DM",0.761643286536636,0,3,2770,"2770.02",,564,2022-08-11,1,2023,107,217,558,558,570,6,,
"abundance","nbGARCH",0.95,"exclosures","DM",0.761770212624626,0,3,2770,"2770.02",,565,2022-08-11,2,2023,107,217,558,558,570,7,,
"abundance","nbGARCH",0.95,"exclosures","DM",0.762003450305549,0,3,2770,"2770.02",,566,2022-08-11,3,2023,107,217,558,558,570,8,,
"abundance","nbGARCH",0.95,"exclosures","DM",0.762230756451741,0,3,2770,"2770.02",,567,2022-08-11,4,2023,107,217,558,558,570,9,,
"abundance","nbGARCH",0.95,"exclosures","DM",0.762202133393995,0,3,2770,"2770.02",,568,2022-08-11,5,2023,107,217,558,558,570,10,,
"abundance","nbGARCH",0.95,"exclosures","DM",0.76201124815026,0,3,2770,"2770.02",,569,2022-08-11,6,2023,107,217,558,558,570,11,,
"abundance","nbGARCH",0.95,"exclosures","DM",0.761623836530757,0,3,2770,"2770.02",,570,2022-08-11,7,2023,107,217,558,558,570,12,,
