["{\"type\":\"list\",\"attributes\":{\"names\":{\"type\":\"character\",\"attributes\":{},\"value\":[\"method\",\"model\",\"level\",\"mean\",\"lower\",\"upper\",\"x\",\"series\",\"fitted\",\"residuals\"]},\"class\":{\"type\":\"character\",\"attributes\":{},\"value\":[\"forecast\"]}},\"value\":[{\"type\":\"character\",\"attributes\":{},\"value\":[\"ARIMA(0,1,0)\"]},{\"type\":\"list\",\"attributes\":{\"names\":{\"type\":\"character\",\"attributes\":{},\"value\":[\"coef\",\"sigma2\",\"var.coef\",\"mask\",\"loglik\",\"aic\",\"arma\",\"residuals\",\"call\",\"series\",\"code\",\"n.cond\",\"nobs\",\"model\",\"aicc\",\"bic\",\"x\",\"fitted\"]},\"class\":{\"type\":\"character\",\"attributes\":{},\"value\":[\"forecast_ARIMA\",\"ARIMA\",\"Arima\"]}},\"value\":[{\"type\":\"double\",\"attributes\":{},\"value\":[]},{\"type\":\"double\",\"attributes\":{},\"value\":[3.20357558]},{\"type\":\"double\",\"attributes\":{},\"value\":[]},{\"type\":\"logical\",\"attributes\":{},\"value\":[]},{\"type\":\"double\",\"attributes\":{},\"value\":[-599.48797314]},{\"type\":\"double\",\"attributes\":{},\"value\":[1200.97594629]},{\"type\":\"integer\",\"attributes\":{},\"value\":[0,0,0,0,1,1,0]},{\"type\":\"double\",\"attributes\":{\"tsp\":{\"type\":\"double\",\"attributes\":{},\"value\":[1,372,1]},\"class\":{\"type\":\"character\",\"attributes\":{},\"value\":[\"ts\"]}},\"value\":[0.003,-2,0,0,0,0,-1,3,-2,5,2,-3,-2,4,0,-1,14,-6,-1,-9,-4,4,0,-1,1,\"NA\",4.24264069,-4,8,-6,-2,2,-2,\"NA\",-0.70710678,-4,-1,0,0,0,\"NA\",0,0,4,-2,-2,0,0,0,0,0,\"NA\",0,0,0,0,\"NA\",\"NA\",0,0,0,0,0,0,\"NA\",\"NA\",0,0,0,\"NA\",0,0,\"NA\",0,0,\"NA\",\"NA\",0,1,0,\"NA\",\"NA\",0.57735027,-2,1,0,\"NA\",\"NA\",0,0,-1,1,-1,0,\"NA\",0,0,0,0,0,1,3,0,-3,0,-1,1,-1,1,-1,0,0,0,0,0,\"NA\",1.41421356,\"NA\",\"NA\",0,-2,0,\"NA\",0.70710678,0,\"NA\",\"NA\",-0.57735027,\"NA\",-3.92523115e-17,6.16297582e-33,0,0,0,0,0,0,0,0,0,1,-1,\"NA\",0,\"NA\",0,0,0,0,\"NA\",0.70710678,0,-1,0,1,0,\"NA\",1.41421356,-1,1,-2,0,-1,0,3,-2,4,-1,-3,0,-1,0,1,0,-1,0,0,2,-1,1,-2,0,0,0,0,0,0,0,0,0,0,\"NA\",0.70710678,\"NA\",0.70710678,\"NA\",-1.41421356,\"NA\",0,0,0,0,0,\"NA\",0,0,0,0,1,\"NA\",\"NA\",1.73205081,-1,-1,-1,\"NA\",0.70710678,-2,1,-1,0,0,0,1,-1,4,-3,1,\"NA\",1.41421356,\"NA\",-2.82842712,\"NA\",0,\"NA\",0,1,0,2,-3,0,0,0,0,0,1,-1,\"NA\",1.41421356,-1,1,1,-2,5,-2,0,-4,4,1,\"NA\",\"NA\",-2.88675135,1,\"NA\",-0.70710678,4,0,-2,-2,0,0,\"NA\",\"NA\",0,0,0,1,0,0,\"NA\",-0.70710678,0,0,0,\"NA\",\"NA\",\"NA\",0,0,0,0,0,0,0,0,0,\"NA\",\"NA\",\"NA\",0,0,0,0,0,0,0,0,0,0,0,0,\"NA\",\"NA\",\"NA\",\"NA\",\"NA\",\"NA\",\"NA\",\"NA\",\"NA\",\"NA\",\"NA\",\"NA\",\"NA\",\"NA\",\"NA\",\"NA\",0,\"NA\",\"NA\",\"NA\",0,0,0,0,0,0,0,\"NA\",\"NA\",0,0,0,0,0,\"NA\",0,0,4,1,-1,-1,-1,\"NA\",\"NA\",0.57735027,-2,\"NA\",-0.70710678,\"NA\",0,0,2,-1,-1,\"NA\",0,0,0,\"NA\",0,\"NA\"]},{\"type\":\"language\",\"attributes\":{},\"value\":[\"Arima(y = c(3L, 1L, 1L, 1L, 1L, 1L, 0L, 3L, 1L, 6L, 8L, 5L, 3L, \",\"7L, 7L, 6L, 20L, 14L, 13L, 4L, 0L, 4L, 4L, 3L, 4L, NA, 10L, 6L, \",\"14L, 8L, 6L, 8L, 6L, NA, 5L, 1L, 0L, 0L, 0L, 0L, NA, 0L, 0L, \",\"4L, 2L, 0L, 0L, 0L, 0L, 0L, 0L, NA, 0L, 0L, 0L, 0L, NA, NA, 0L, \",\"0L, 0L, 0L, 0L, 0L, NA, NA, 0L, 0L, 0L, NA, 0L, 0L, NA, 0L, 0L, \",\"NA, NA, 0L, 1L, 1L, NA, NA, 2L, 0L, 1L, 1L, NA, NA, 1L, 1L, 0L, \",\"1L, 0L, 0L, NA, 0L, 0L, 0L, 0L, 0L, 1L, 4L, 4L, 1L, 1L, 0L, 1L, \",\"0L, 1L, 0L, 0L, 0L, 0L, 0L, 0L, NA, 2L, NA, NA, 2L, 0L, 0L, NA, \",\"1L, 1L, NA, NA, 0L, NA, 0L, 0L, 0L, 0L, 0L, 0L, 0L, 0L, 0L, 0L, \",\"0L, 1L, 0L, NA, 0L, NA, 0L, 0L, 0L, 0L, NA, 1L, 1L, 0L, 0L, 1L, \",\"1L, NA, 3L, 2L, 3L, 1L, 1L, 0L, 0L, 3L, 1L, 5L, 4L, 1L, 1L, 0L, \",\"0L, 1L, 1L, 0L, 0L, 0L, 2L, 1L, 2L, 0L, 0L, 0L, 0L, 0L, 0L, 0L, \",\"0L, 0L, 0L, 0L, NA, 1L, NA, 2L, NA, 0L, NA, 0L, 0L, 0L, 0L, 0L, \",\"NA, 0L, 0L, 0L, 0L, 1L, NA, NA, 4L, 3L, 2L, 1L, NA, 2L, 0L, 1L, \",\"0L, 0L, 0L, 0L, 1L, 0L, 4L, 1L, 2L, NA, 4L, NA, 0L, NA, 0L, NA, \",\"0L, 1L, 1L, 3L, 0L, 0L, 0L, 0L, 0L, 0L, 1L, 0L, NA, 2L, 1L, 2L, \",\"3L, 1L, 6L, 4L, 4L, 0L, 4L, 5L, NA, NA, 0L, 1L, NA, 0L, 4L, 4L, \",\"2L, 0L, 0L, 0L, NA, NA, 0L, 0L, 0L, 1L, 1L, 1L, NA, 0L, 0L, 0L, \",\"0L, NA, NA, NA, 0L, 0L, 0L, 0L, 0L, 0L, 0L, 0L, 0L, NA, NA, NA, \",\"0L, 0L, 0L, 0L, 0L, 0L, 0L, 0L, 0L, 0L, 0L, 0L, NA, NA, NA, NA, \",\"NA, NA, NA, NA, NA, NA, NA, NA, NA, NA, NA, NA, 0L, NA, NA, NA, \",\"0L, 0L, 0L, 0L, 0L, 0L, 0L, NA, NA, 0L, 0L, 0L, 0L, 0L, NA, 0L, \",\"0L, 4L, 5L, 4L, 3L, 2L, NA, NA, 3L, 1L, NA, 0L, NA, 0L, 0L, 2L, \",\"1L, 0L, NA, 0L, 0L, 0L, NA, 0L, NA), order = c(0, 1, 0))\"]},{\"type\":\"character\",\"attributes\":{},\"value\":[\"c(3L, 1L, 1L, 1L, 1L, 1L, 0L, 3L, 1L, 6L, 8L, 5L, 3L, 7L, 7L, \",\"6L, 20L, 14L, 13L, 4L, 0L, 4L, 4L, 3L, 4L, NA, 10L, 6L, 14L, \",\"8L, 6L, 8L, 6L, NA, 5L, 1L, 0L, 0L, 0L, 0L, NA, 0L, 0L, 4L, 2L, \",\"0L, 0L, 0L, 0L, 0L, 0L, NA, 0L, 0L, 0L, 0L, NA, NA, 0L, 0L, 0L, \",\"0L, 0L, 0L, NA, NA, 0L, 0L, 0L, NA, 0L, 0L, NA, 0L, 0L, NA, NA, \",\"0L, 1L, 1L, NA, NA, 2L, 0L, 1L, 1L, NA, NA, 1L, 1L, 0L, 1L, 0L, \",\"0L, NA, 0L, 0L, 0L, 0L, 0L, 1L, 4L, 4L, 1L, 1L, 0L, 1L, 0L, 1L, \",\"0L, 0L, 0L, 0L, 0L, 0L, NA, 2L, NA, NA, 2L, 0L, 0L, NA, 1L, 1L, \",\"NA, NA, 0L, NA, 0L, 0L, 0L, 0L, 0L, 0L, 0L, 0L, 0L, 0L, 0L, 1L, \",\"0L, NA, 0L, NA, 0L, 0L, 0L, 0L, NA, 1L, 1L, 0L, 0L, 1L, 1L, NA, \",\"3L, 2L, 3L, 1L, 1L, 0L, 0L, 3L, 1L, 5L, 4L, 1L, 1L, 0L, 0L, 1L, \",\"1L, 0L, 0L, 0L, 2L, 1L, 2L, 0L, 0L, 0L, 0L, 0L, 0L, 0L, 0L, 0L, \",\"0L, 0L, NA, 1L, NA, 2L, NA, 0L, NA, 0L, 0L, 0L, 0L, 0L, NA, 0L, \",\"0L, 0L, 0L, 1L, NA, NA, 4L, 3L, 2L, 1L, NA, 2L, 0L, 1L, 0L, 0L, \",\"0L, 0L, 1L, 0L, 4L, 1L, 2L, NA, 4L, NA, 0L, NA, 0L, NA, 0L, 1L, \",\"1L, 3L, 0L, 0L, 0L, 0L, 0L, 0L, 1L, 0L, NA, 2L, 1L, 2L, 3L, 1L, \",\"6L, 4L, 4L, 0L, 4L, 5L, NA, NA, 0L, 1L, NA, 0L, 4L, 4L, 2L, 0L, \",\"0L, 0L, NA, NA, 0L, 0L, 0L, 1L, 1L, 1L, NA, 0L, 0L, 0L, 0L, NA, \",\"NA, NA, 0L, 0L, 0L, 0L, 0L, 0L, 0L, 0L, 0L, NA, NA, NA, 0L, 0L, \",\"0L, 0L, 0L, 0L, 0L, 0L, 0L, 0L, 0L, 0L, NA, NA, NA, NA, NA, NA, \",\"NA, NA, NA, NA, NA, NA, NA, NA, NA, NA, 0L, NA, NA, NA, 0L, 0L, \",\"0L, 0L, 0L, 0L, 0L, NA, NA, 0L, 0L, 0L, 0L, 0L, NA, 0L, 0L, 4L, \",\"5L, 4L, 3L, 2L, NA, NA, 3L, 1L, NA, 0L, NA, 0L, 0L, 2L, 1L, 0L, \",\"NA, 0L, 0L, 0L, NA, 0L, NA)\"]},{\"type\":\"double\",\"attributes\":{},\"value\":[0]},{\"type\":\"double\",\"attributes\":{},\"value\":[0]},{\"type\":\"integer\",\"attributes\":{},\"value\":[289]},{\"type\":\"list\",\"attributes\":{\"names\":{\"type\":\"character\",\"attributes\":{},\"value\":[\"phi\",\"theta\",\"Delta\",\"Z\",\"a\",\"P\",\"T\",\"V\",\"h\",\"Pn\"]}},\"value\":[{\"type\":\"double\",\"attributes\":{},\"value\":[]},{\"type\":\"double\",\"attributes\":{},\"value\":[]},{\"type\":\"double\",\"attributes\":{},\"value\":[1]},{\"type\":\"double\",\"attributes\":{},\"value\":[1,1]},{\"type\":\"double\",\"attributes\":{},\"value\":[0,0]},{\"type\":\"double\",\"attributes\":{\"dim\":{\"type\":\"integer\",\"attributes\":{},\"value\":[2,2]}},\"value\":[1,0,0,0]},{\"type\":\"double\",\"attributes\":{\"dim\":{\"type\":\"integer\",\"attributes\":{},\"value\":[2,2]}},\"value\":[0,1,0,1]},{\"type\":\"double\",\"attributes\":{\"dim\":{\"type\":\"integer\",\"attributes\":{},\"value\":[2,2]}},\"value\":[1,0,0,0]},{\"type\":\"double\",\"attributes\":{},\"value\":[0]},{\"type\":\"double\",\"attributes\":{\"dim\":{\"type\":\"integer\",\"attributes\":{},\"value\":[2,2]}},\"value\":[1,0,0,0]}]},{\"type\":\"double\",\"attributes\":{},\"value\":[1200.98988357]},{\"type\":\"double\",\"attributes\":{},\"value\":[1204.64237298]},{\"type\":\"integer\",\"attributes\":{\"tsp\":{\"type\":\"double\",\"attributes\":{},\"value\":[1,372,1]},\"class\":{\"type\":\"character\",\"attributes\":{},\"value\":[\"ts\"]}},\"value\":[3,1,1,1,1,1,0,3,1,6,8,5,3,7,7,6,20,14,13,4,0,4,4,3,4,\"NA\",10,6,14,8,6,8,6,\"NA\",5,1,0,0,0,0,\"NA\",0,0,4,2,0,0,0,0,0,0,\"NA\",0,0,0,0,\"NA\",\"NA\",0,0,0,0,0,0,\"NA\",\"NA\",0,0,0,\"NA\",0,0,\"NA\",0,0,\"NA\",\"NA\",0,1,1,\"NA\",\"NA\",2,0,1,1,\"NA\",\"NA\",1,1,0,1,0,0,\"NA\",0,0,0,0,0,1,4,4,1,1,0,1,0,1,0,0,0,0,0,0,\"NA\",2,\"NA\",\"NA\",2,0,0,\"NA\",1,1,\"NA\",\"NA\",0,\"NA\",0,0,0,0,0,0,0,0,0,0,0,1,0,\"NA\",0,\"NA\",0,0,0,0,\"NA\",1,1,0,0,1,1,\"NA\",3,2,3,1,1,0,0,3,1,5,4,1,1,0,0,1,1,0,0,0,2,1,2,0,0,0,0,0,0,0,0,0,0,0,\"NA\",1,\"NA\",2,\"NA\",0,\"NA\",0,0,0,0,0,\"NA\",0,0,0,0,1,\"NA\",\"NA\",4,3,2,1,\"NA\",2,0,1,0,0,0,0,1,0,4,1,2,\"NA\",4,\"NA\",0,\"NA\",0,\"NA\",0,1,1,3,0,0,0,0,0,0,1,0,\"NA\",2,1,2,3,1,6,4,4,0,4,5,\"NA\",\"NA\",0,1,\"NA\",0,4,4,2,0,0,0,\"NA\",\"NA\",0,0,0,1,1,1,\"NA\",0,0,0,0,\"NA\",\"NA\",\"NA\",0,0,0,0,0,0,0,0,0,\"NA\",\"NA\",\"NA\",0,0,0,0,0,0,0,0,0,0,0,0,\"NA\",\"NA\",\"NA\",\"NA\",\"NA\",\"NA\",\"NA\",\"NA\",\"NA\",\"NA\",\"NA\",\"NA\",\"NA\",\"NA\",\"NA\",\"NA\",0,\"NA\",\"NA\",\"NA\",0,0,0,0,0,0,0,\"NA\",\"NA\",0,0,0,0,0,\"NA\",0,0,4,5,4,3,2,\"NA\",\"NA\",3,1,\"NA\",0,\"NA\",0,0,2,1,0,\"NA\",0,0,0,\"NA\",0,\"NA\"]},{\"type\":\"double\",\"attributes\":{\"tsp\":{\"type\":\"double\",\"attributes\":{},\"value\":[1,372,1]},\"class\":{\"type\":\"character\",\"attributes\":{},\"value\":[\"ts\"]}},\"value\":[2.997,3,1,1,1,1,1,0,3,1,6,8,5,3,7,7,6,20,14,13,4,0,4,4,3,\"NA\",5.75735931,10,6,14,8,6,8,\"NA\",5.70710678,5,1,0,0,0,\"NA\",0,0,0,4,2,0,0,0,0,0,\"NA\",0,0,0,0,\"NA\",\"NA\",0,0,0,0,0,0,\"NA\",\"NA\",0,0,0,\"NA\",0,0,\"NA\",0,0,\"NA\",\"NA\",0,0,1,\"NA\",\"NA\",1.42264973,2,0,1,\"NA\",\"NA\",1,1,1,0,1,0,\"NA\",0,0,0,0,0,0,1,4,4,1,1,0,1,0,1,0,0,0,0,0,\"NA\",0.58578644,\"NA\",\"NA\",2,2,0,\"NA\",0.29289322,1,\"NA\",\"NA\",0.57735027,\"NA\",3.92523115e-17,-6.16297582e-33,0,0,0,0,0,0,0,0,0,0,1,\"NA\",0,\"NA\",0,0,0,0,\"NA\",0.29289322,1,1,0,0,1,\"NA\",1.58578644,3,2,3,1,1,0,0,3,1,5,4,1,1,0,0,1,1,0,0,0,2,1,2,0,0,0,0,0,0,0,0,0,0,\"NA\",0.29289322,\"NA\",1.29289322,\"NA\",1.41421356,\"NA\",0,0,0,0,0,\"NA\",0,0,0,0,0,\"NA\",\"NA\",2.26794919,4,3,2,\"NA\",1.29289322,2,0,1,0,0,0,0,1,0,4,1,\"NA\",2.58578644,\"NA\",2.82842712,\"NA\",0,\"NA\",0,0,1,1,3,0,0,0,0,0,0,1,\"NA\",0.58578644,2,1,2,3,1,6,4,4,0,4,\"NA\",\"NA\",2.88675135,-2.22044605e-16,\"NA\",0.70710678,0,4,4,2,0,0,\"NA\",\"NA\",0,0,0,0,1,1,\"NA\",0.70710678,0,0,0,\"NA\",\"NA\",\"NA\",0,0,0,0,0,0,0,0,0,\"NA\",\"NA\",\"NA\",0,0,0,0,0,0,0,0,0,0,0,0,\"NA\",\"NA\",\"NA\",\"NA\",\"NA\",\"NA\",\"NA\",\"NA\",\"NA\",\"NA\",\"NA\",\"NA\",\"NA\",\"NA\",\"NA\",\"NA\",0,\"NA\",\"NA\",\"NA\",0,0,0,0,0,0,0,\"NA\",\"NA\",0,0,0,0,0,\"NA\",0,0,0,4,5,4,3,\"NA\",\"NA\",2.42264973,3,\"NA\",0.70710678,\"NA\",0,0,0,2,1,\"NA\",0,0,0,\"NA\",0,\"NA\"]}]},{\"type\":\"double\",\"attributes\":{},\"value\":[95]},{\"type\":\"double\",\"attributes\":{\"tsp\":{\"type\":\"double\",\"attributes\":{},\"value\":[373,385,1]},\"class\":{\"type\":\"character\",\"attributes\":{},\"value\":[\"ts\"]}},\"value\":[0,0,0,0,0,0,0,0,0,0,0,0,0]},{\"type\":\"double\",\"attributes\":{\"dim\":{\"type\":\"integer\",\"attributes\":{},\"value\":[13,1]},\"dimnames\":{\"type\":\"list\",\"attributes\":{},\"value\":[{\"type\":\"NULL\"},{\"type\":\"character\",\"attributes\":{},\"value\":[\"95%\"]}]},\"tsp\":{\"type\":\"double\",\"attributes\":{},\"value\":[373,385,1]},\"class\":{\"type\":\"character\",\"attributes\":{},\"value\":[\"ts\"]}},\"value\":[-4.96112964,-6.07611809,-7.01609683,-7.84423472,-8.5929286,-9.28142369,-9.92225929,-10.52414524,-11.09342313,-11.63488033,-12.15223617,-12.64844843,-13.12591526]},{\"type\":\"double\",\"attributes\":{\"dim\":{\"type\":\"integer\",\"attributes\":{},\"value\":[13,1]},\"dimnames\":{\"type\":\"list\",\"attributes\":{},\"value\":[{\"type\":\"NULL\"},{\"type\":\"character\",\"attributes\":{},\"value\":[\"95%\"]}]},\"tsp\":{\"type\":\"double\",\"attributes\":{},\"value\":[373,385,1]},\"class\":{\"type\":\"character\",\"attributes\":{},\"value\":[\"ts\"]}},\"value\":[4.96112964,6.07611809,7.01609683,7.84423472,8.5929286,9.28142369,9.92225929,10.52414524,11.09342313,11.63488033,12.15223617,12.64844843,13.12591526]},{\"type\":\"integer\",\"attributes\":{\"tsp\":{\"type\":\"double\",\"attributes\":{},\"value\":[1,372,1]},\"class\":{\"type\":\"character\",\"attributes\":{},\"value\":[\"ts\"]}},\"value\":[3,1,1,1,1,1,0,3,1,6,8,5,3,7,7,6,20,14,13,4,0,4,4,3,4,\"NA\",10,6,14,8,6,8,6,\"NA\",5,1,0,0,0,0,\"NA\",0,0,4,2,0,0,0,0,0,0,\"NA\",0,0,0,0,\"NA\",\"NA\",0,0,0,0,0,0,\"NA\",\"NA\",0,0,0,\"NA\",0,0,\"NA\",0,0,\"NA\",\"NA\",0,1,1,\"NA\",\"NA\",2,0,1,1,\"NA\",\"NA\",1,1,0,1,0,0,\"NA\",0,0,0,0,0,1,4,4,1,1,0,1,0,1,0,0,0,0,0,0,\"NA\",2,\"NA\",\"NA\",2,0,0,\"NA\",1,1,\"NA\",\"NA\",0,\"NA\",0,0,0,0,0,0,0,0,0,0,0,1,0,\"NA\",0,\"NA\",0,0,0,0,\"NA\",1,1,0,0,1,1,\"NA\",3,2,3,1,1,0,0,3,1,5,4,1,1,0,0,1,1,0,0,0,2,1,2,0,0,0,0,0,0,0,0,0,0,0,\"NA\",1,\"NA\",2,\"NA\",0,\"NA\",0,0,0,0,0,\"NA\",0,0,0,0,1,\"NA\",\"NA\",4,3,2,1,\"NA\",2,0,1,0,0,0,0,1,0,4,1,2,\"NA\",4,\"NA\",0,\"NA\",0,\"NA\",0,1,1,3,0,0,0,0,0,0,1,0,\"NA\",2,1,2,3,1,6,4,4,0,4,5,\"NA\",\"NA\",0,1,\"NA\",0,4,4,2,0,0,0,\"NA\",\"NA\",0,0,0,1,1,1,\"NA\",0,0,0,0,\"NA\",\"NA\",\"NA\",0,0,0,0,0,0,0,0,0,\"NA\",\"NA\",\"NA\",0,0,0,0,0,0,0,0,0,0,0,0,\"NA\",\"NA\",\"NA\",\"NA\",\"NA\",\"NA\",\"NA\",\"NA\",\"NA\",\"NA\",\"NA\",\"NA\",\"NA\",\"NA\",\"NA\",\"NA\",0,\"NA\",\"NA\",\"NA\",0,0,0,0,0,0,0,\"NA\",\"NA\",0,0,0,0,0,\"NA\",0,0,4,5,4,3,2,\"NA\",\"NA\",3,1,\"NA\",0,\"NA\",0,0,2,1,0,\"NA\",0,0,0,\"NA\",0,\"NA\"]},{\"type\":\"character\",\"attributes\":{},\"value\":[\"c(3L, 1L, 1L, 1L, 1L, 1L, 0L, 3L, 1L, 6L, 8L, 5L, 3L, 7L, 7L, \",\"6L, 20L, 14L, 13L, 4L, 0L, 4L, 4L, 3L, 4L, NA, 10L, 6L, 14L, \",\"8L, 6L, 8L, 6L, NA, 5L, 1L, 0L, 0L, 0L, 0L, NA, 0L, 0L, 4L, 2L, \",\"0L, 0L, 0L, 0L, 0L, 0L, NA, 0L, 0L, 0L, 0L, NA, NA, 0L, 0L, 0L, \",\"0L, 0L, 0L, NA, NA, 0L, 0L, 0L, NA, 0L, 0L, NA, 0L, 0L, NA, NA, \",\"0L, 1L, 1L, NA, NA, 2L, 0L, 1L, 1L, NA, NA, 1L, 1L, 0L, 1L, 0L, \",\"0L, NA, 0L, 0L, 0L, 0L, 0L, 1L, 4L, 4L, 1L, 1L, 0L, 1L, 0L, 1L, \",\"0L, 0L, 0L, 0L, 0L, 0L, NA, 2L, NA, NA, 2L, 0L, 0L, NA, 1L, 1L, \",\"NA, NA, 0L, NA, 0L, 0L, 0L, 0L, 0L, 0L, 0L, 0L, 0L, 0L, 0L, 1L, \",\"0L, NA, 0L, NA, 0L, 0L, 0L, 0L, NA, 1L, 1L, 0L, 0L, 1L, 1L, NA, \",\"3L, 2L, 3L, 1L, 1L, 0L, 0L, 3L, 1L, 5L, 4L, 1L, 1L, 0L, 0L, 1L, \",\"1L, 0L, 0L, 0L, 2L, 1L, 2L, 0L, 0L, 0L, 0L, 0L, 0L, 0L, 0L, 0L, \",\"0L, 0L, NA, 1L, NA, 2L, NA, 0L, NA, 0L, 0L, 0L, 0L, 0L, NA, 0L, \",\"0L, 0L, 0L, 1L, NA, NA, 4L, 3L, 2L, 1L, NA, 2L, 0L, 1L, 0L, 0L, \",\"0L, 0L, 1L, 0L, 4L, 1L, 2L, NA, 4L, NA, 0L, NA, 0L, NA, 0L, 1L, \",\"1L, 3L, 0L, 0L, 0L, 0L, 0L, 0L, 1L, 0L, NA, 2L, 1L, 2L, 3L, 1L, \",\"6L, 4L, 4L, 0L, 4L, 5L, NA, NA, 0L, 1L, NA, 0L, 4L, 4L, 2L, 0L, \",\"0L, 0L, NA, NA, 0L, 0L, 0L, 1L, 1L, 1L, NA, 0L, 0L, 0L, 0L, NA, \",\"NA, NA, 0L, 0L, 0L, 0L, 0L, 0L, 0L, 0L, 0L, NA, NA, NA, 0L, 0L, \",\"0L, 0L, 0L, 0L, 0L, 0L, 0L, 0L, 0L, 0L, NA, NA, NA, NA, NA, NA, \",\"NA, NA, NA, NA, NA, NA, NA, NA, NA, NA, 0L, NA, NA, NA, 0L, 0L, \",\"0L, 0L, 0L, 0L, 0L, NA, NA, 0L, 0L, 0L, 0L, 0L, NA, 0L, 0L, 4L, \",\"5L, 4L, 3L, 2L, NA, NA, 3L, 1L, NA, 0L, NA, 0L, 0L, 2L, 1L, 0L, \",\"NA, 0L, 0L, 0L, NA, 0L, NA)\"]},{\"type\":\"double\",\"attributes\":{\"tsp\":{\"type\":\"double\",\"attributes\":{},\"value\":[1,372,1]},\"class\":{\"type\":\"character\",\"attributes\":{},\"value\":[\"ts\"]}},\"value\":[2.997,3,1,1,1,1,1,0,3,1,6,8,5,3,7,7,6,20,14,13,4,0,4,4,3,\"NA\",5.75735931,10,6,14,8,6,8,\"NA\",5.70710678,5,1,0,0,0,\"NA\",0,0,0,4,2,0,0,0,0,0,\"NA\",0,0,0,0,\"NA\",\"NA\",0,0,0,0,0,0,\"NA\",\"NA\",0,0,0,\"NA\",0,0,\"NA\",0,0,\"NA\",\"NA\",0,0,1,\"NA\",\"NA\",1.42264973,2,0,1,\"NA\",\"NA\",1,1,1,0,1,0,\"NA\",0,0,0,0,0,0,1,4,4,1,1,0,1,0,1,0,0,0,0,0,\"NA\",0.58578644,\"NA\",\"NA\",2,2,0,\"NA\",0.29289322,1,\"NA\",\"NA\",0.57735027,\"NA\",3.92523115e-17,-6.16297582e-33,0,0,0,0,0,0,0,0,0,0,1,\"NA\",0,\"NA\",0,0,0,0,\"NA\",0.29289322,1,1,0,0,1,\"NA\",1.58578644,3,2,3,1,1,0,0,3,1,5,4,1,1,0,0,1,1,0,0,0,2,1,2,0,0,0,0,0,0,0,0,0,0,\"NA\",0.29289322,\"NA\",1.29289322,\"NA\",1.41421356,\"NA\",0,0,0,0,0,\"NA\",0,0,0,0,0,\"NA\",\"NA\",2.26794919,4,3,2,\"NA\",1.29289322,2,0,1,0,0,0,0,1,0,4,1,\"NA\",2.58578644,\"NA\",2.82842712,\"NA\",0,\"NA\",0,0,1,1,3,0,0,0,0,0,0,1,\"NA\",0.58578644,2,1,2,3,1,6,4,4,0,4,\"NA\",\"NA\",2.88675135,-2.22044605e-16,\"NA\",0.70710678,0,4,4,2,0,0,\"NA\",\"NA\",0,0,0,0,1,1,\"NA\",0.70710678,0,0,0,\"NA\",\"NA\",\"NA\",0,0,0,0,0,0,0,0,0,\"NA\",\"NA\",\"NA\",0,0,0,0,0,0,0,0,0,0,0,0,\"NA\",\"NA\",\"NA\",\"NA\",\"NA\",\"NA\",\"NA\",\"NA\",\"NA\",\"NA\",\"NA\",\"NA\",\"NA\",\"NA\",\"NA\",\"NA\",0,\"NA\",\"NA\",\"NA\",0,0,0,0,0,0,0,\"NA\",\"NA\",0,0,0,0,0,\"NA\",0,0,0,4,5,4,3,\"NA\",\"NA\",2.42264973,3,\"NA\",0.70710678,\"NA\",0,0,0,2,1,\"NA\",0,0,0,\"NA\",0,\"NA\"]},{\"type\":\"double\",\"attributes\":{\"tsp\":{\"type\":\"double\",\"attributes\":{},\"value\":[1,372,1]},\"class\":{\"type\":\"character\",\"attributes\":{},\"value\":[\"ts\"]}},\"value\":[0.003,-2,0,0,0,0,-1,3,-2,5,2,-3,-2,4,0,-1,14,-6,-1,-9,-4,4,0,-1,1,\"NA\",4.24264069,-4,8,-6,-2,2,-2,\"NA\",-0.70710678,-4,-1,0,0,0,\"NA\",0,0,4,-2,-2,0,0,0,0,0,\"NA\",0,0,0,0,\"NA\",\"NA\",0,0,0,0,0,0,\"NA\",\"NA\",0,0,0,\"NA\",0,0,\"NA\",0,0,\"NA\",\"NA\",0,1,0,\"NA\",\"NA\",0.57735027,-2,1,0,\"NA\",\"NA\",0,0,-1,1,-1,0,\"NA\",0,0,0,0,0,1,3,0,-3,0,-1,1,-1,1,-1,0,0,0,0,0,\"NA\",1.41421356,\"NA\",\"NA\",0,-2,0,\"NA\",0.70710678,0,\"NA\",\"NA\",-0.57735027,\"NA\",-3.92523115e-17,6.16297582e-33,0,0,0,0,0,0,0,0,0,1,-1,\"NA\",0,\"NA\",0,0,0,0,\"NA\",0.70710678,0,-1,0,1,0,\"NA\",1.41421356,-1,1,-2,0,-1,0,3,-2,4,-1,-3,0,-1,0,1,0,-1,0,0,2,-1,1,-2,0,0,0,0,0,0,0,0,0,0,\"NA\",0.70710678,\"NA\",0.70710678,\"NA\",-1.41421356,\"NA\",0,0,0,0,0,\"NA\",0,0,0,0,1,\"NA\",\"NA\",1.73205081,-1,-1,-1,\"NA\",0.70710678,-2,1,-1,0,0,0,1,-1,4,-3,1,\"NA\",1.41421356,\"NA\",-2.82842712,\"NA\",0,\"NA\",0,1,0,2,-3,0,0,0,0,0,1,-1,\"NA\",1.41421356,-1,1,1,-2,5,-2,0,-4,4,1,\"NA\",\"NA\",-2.88675135,1,\"NA\",-0.70710678,4,0,-2,-2,0,0,\"NA\",\"NA\",0,0,0,1,0,0,\"NA\",-0.70710678,0,0,0,\"NA\",\"NA\",\"NA\",0,0,0,0,0,0,0,0,0,\"NA\",\"NA\",\"NA\",0,0,0,0,0,0,0,0,0,0,0,0,\"NA\",\"NA\",\"NA\",\"NA\",\"NA\",\"NA\",\"NA\",\"NA\",\"NA\",\"NA\",\"NA\",\"NA\",\"NA\",\"NA\",\"NA\",\"NA\",0,\"NA\",\"NA\",\"NA\",0,0,0,0,0,0,0,\"NA\",\"NA\",0,0,0,0,0,\"NA\",0,0,4,1,-1,-1,-1,\"NA\",\"NA\",0.57735027,-2,\"NA\",-0.70710678,\"NA\",0,0,2,-1,-1,\"NA\",0,0,0,\"NA\",0,\"NA\"]}]}"]
