["{\"type\":\"list\",\"attributes\":{\"names\":{\"type\":\"character\",\"attributes\":{},\"value\":[\"method\",\"model\",\"level\",\"mean\",\"lower\",\"upper\",\"x\",\"series\",\"fitted\",\"residuals\"]},\"class\":{\"type\":\"character\",\"attributes\":{},\"value\":[\"forecast\"]}},\"value\":[{\"type\":\"character\",\"attributes\":{},\"value\":[\"ARIMA(0,1,0)\"]},{\"type\":\"list\",\"attributes\":{\"names\":{\"type\":\"character\",\"attributes\":{},\"value\":[\"coef\",\"sigma2\",\"var.coef\",\"mask\",\"loglik\",\"aic\",\"arma\",\"residuals\",\"call\",\"series\",\"code\",\"n.cond\",\"nobs\",\"model\",\"aicc\",\"bic\",\"x\",\"fitted\"]},\"class\":{\"type\":\"character\",\"attributes\":{},\"value\":[\"forecast_ARIMA\",\"ARIMA\",\"Arima\"]}},\"value\":[{\"type\":\"double\",\"attributes\":{},\"value\":[]},{\"type\":\"double\",\"attributes\":{},\"value\":[3.41637833]},{\"type\":\"double\",\"attributes\":{},\"value\":[]},{\"type\":\"logical\",\"attributes\":{},\"value\":[]},{\"type\":\"double\",\"attributes\":{},\"value\":[-608.78127004]},{\"type\":\"double\",\"attributes\":{},\"value\":[1219.56254008]},{\"type\":\"integer\",\"attributes\":{},\"value\":[0,0,0,0,1,1,0]},{\"type\":\"double\",\"attributes\":{\"tsp\":{\"type\":\"double\",\"attributes\":{},\"value\":[1,372,1]},\"class\":{\"type\":\"character\",\"attributes\":{},\"value\":[\"ts\"]}},\"value\":[0.002,0,0,-2,0,4,-2,1,1,1,-2,-1,-2,1,2,-1,1,-2,1,-2,0,0,1,-1,0,\"NA\",0.70710678,0,2,-2,0,0,-1,\"NA\",0,0,0,0,0,0,\"NA\",0,0,0,0,0,0,0,0,0,0,\"NA\",0,0,0,0,\"NA\",\"NA\",0,0,0,0,0,0,\"NA\",\"NA\",0,0,0,\"NA\",0,0,\"NA\",0,0,\"NA\",\"NA\",0,0,0,\"NA\",\"NA\",0,0,0,0,\"NA\",\"NA\",0,0,0,0,0,0,\"NA\",0,2,1,-2,1,-1,0,3,8,-6,-2,-2,2,-1,-2,-1,0,3,-3,0,\"NA\",0,\"NA\",\"NA\",0,0,0,\"NA\",0,0,\"NA\",\"NA\",0,\"NA\",0,0,0,0,2,0,-1,-1,1,-1,0,0,1,\"NA\",-0.70710678,\"NA\",0,0,0,0,\"NA\",0,2,-2,1,-1,2,\"NA\",-0.70710678,4,5,-6,-1,1,0,-3,3,-1,0,-1,-2,0,1,0,-1,2,-2,3,2,-3,1,0,-1,1,-1,0,-1,-1,3,-2,0,0,\"NA\",0,\"NA\",0,\"NA\",-0.70710678,\"NA\",0,1,0,-1,0,\"NA\",0,0,0,0,1,\"NA\",\"NA\",3.46410162,0,-3,4,\"NA\",-5.65685425,0,0,4,2,1,0,-2,2,0,-4,4,\"NA\",-4.94974747,\"NA\",0,\"NA\",2.82842712,\"NA\",-2.82842712,5,-4,1,1,-1,1,-2,0,2,-3,4,\"NA\",2.12132034,4,-7,3,7,-8,1,3,1,6,0,\"NA\",\"NA\",-6.35085296,-4,\"NA\",0.70710678,-2,1,-1,1,-1,1,\"NA\",\"NA\",-0.57735027,-1,3,-1,-1,-1,\"NA\",0,0,0,0,\"NA\",\"NA\",\"NA\",0,1,-1,0,0,0,0,0,1,\"NA\",\"NA\",\"NA\",0,-1,0,0,0,1,-1,0,0,0,0,0,\"NA\",\"NA\",\"NA\",\"NA\",\"NA\",\"NA\",\"NA\",\"NA\",\"NA\",\"NA\",\"NA\",\"NA\",\"NA\",\"NA\",\"NA\",\"NA\",0,\"NA\",\"NA\",\"NA\",0,0,0,1,0,-1,0,\"NA\",\"NA\",0.57735027,-1,1,0,-1,\"NA\",0,0,0,1,0,-1,1,\"NA\",\"NA\",-0.57735027,-5.55111512e-17,\"NA\",0.70710678,\"NA\",0,1,-2,0,0,\"NA\",0,0,0,\"NA\",0,\"NA\"]},{\"type\":\"language\",\"attributes\":{},\"value\":[\"Arima(y = c(2L, 2L, 2L, 0L, 0L, 4L, 2L, 3L, 4L, 5L, 3L, 2L, 0L, \",\"1L, 3L, 2L, 3L, 1L, 2L, 0L, 0L, 0L, 1L, 0L, 0L, NA, 1L, 1L, 3L, \",\"1L, 1L, 1L, 0L, NA, 0L, 0L, 0L, 0L, 0L, 0L, NA, 0L, 0L, 0L, 0L, \",\"0L, 0L, 0L, 0L, 0L, 0L, NA, 0L, 0L, 0L, 0L, NA, NA, 0L, 0L, 0L, \",\"0L, 0L, 0L, NA, NA, 0L, 0L, 0L, NA, 0L, 0L, NA, 0L, 0L, NA, NA, \",\"0L, 0L, 0L, NA, NA, 0L, 0L, 0L, 0L, NA, NA, 0L, 0L, 0L, 0L, 0L, \",\"0L, NA, 0L, 2L, 3L, 1L, 2L, 1L, 1L, 4L, 12L, 6L, 4L, 2L, 4L, \",\"3L, 1L, 0L, 0L, 3L, 0L, 0L, NA, 0L, NA, NA, 0L, 0L, 0L, NA, 0L, \",\"0L, NA, NA, 0L, NA, 0L, 0L, 0L, 0L, 2L, 2L, 1L, 0L, 1L, 0L, 0L, \",\"0L, 1L, NA, 0L, NA, 0L, 0L, 0L, 0L, NA, 0L, 2L, 0L, 1L, 0L, 2L, \",\"NA, 1L, 5L, 10L, 4L, 3L, 4L, 4L, 1L, 4L, 3L, 3L, 2L, 0L, 0L, \",\"1L, 1L, 0L, 2L, 0L, 3L, 5L, 2L, 3L, 3L, 2L, 3L, 2L, 2L, 1L, 0L, \",\"3L, 1L, 1L, 1L, NA, 1L, NA, 1L, NA, 0L, NA, 0L, 1L, 1L, 0L, 0L, \",\"NA, 0L, 0L, 0L, 0L, 1L, NA, NA, 7L, 7L, 4L, 8L, NA, 0L, 0L, 0L, \",\"4L, 6L, 7L, 7L, 5L, 7L, 7L, 3L, 7L, NA, 0L, NA, 0L, NA, 4L, NA, \",\"0L, 5L, 1L, 2L, 3L, 2L, 3L, 1L, 1L, 3L, 0L, 4L, NA, 7L, 11L, \",\"4L, 7L, 14L, 6L, 7L, 10L, 11L, 17L, 17L, NA, NA, 6L, 2L, NA, \",\"3L, 1L, 2L, 1L, 2L, 1L, 2L, NA, NA, 1L, 0L, 3L, 2L, 1L, 0L, NA, \",\"0L, 0L, 0L, 0L, NA, NA, NA, 0L, 1L, 0L, 0L, 0L, 0L, 0L, 0L, 1L, \",\"NA, NA, NA, 1L, 0L, 0L, 0L, 0L, 1L, 0L, 0L, 0L, 0L, 0L, 0L, NA, \",\"NA, NA, NA, NA, NA, NA, NA, NA, NA, NA, NA, NA, NA, NA, NA, 0L, \",\"NA, NA, NA, 0L, 0L, 0L, 1L, 1L, 0L, 0L, NA, NA, 1L, 0L, 1L, 1L, \",\"0L, NA, 0L, 0L, 0L, 1L, 1L, 0L, 1L, NA, NA, 0L, 0L, NA, 1L, NA, \",\"1L, 2L, 0L, 0L, 0L, NA, 0L, 0L, 0L, NA, 0L, NA), order = c(0, \",\"1, 0))\"]},{\"type\":\"character\",\"attributes\":{},\"value\":[\"c(2L, 2L, 2L, 0L, 0L, 4L, 2L, 3L, 4L, 5L, 3L, 2L, 0L, 1L, 3L, \",\"2L, 3L, 1L, 2L, 0L, 0L, 0L, 1L, 0L, 0L, NA, 1L, 1L, 3L, 1L, 1L, \",\"1L, 0L, NA, 0L, 0L, 0L, 0L, 0L, 0L, NA, 0L, 0L, 0L, 0L, 0L, 0L, \",\"0L, 0L, 0L, 0L, NA, 0L, 0L, 0L, 0L, NA, NA, 0L, 0L, 0L, 0L, 0L, \",\"0L, NA, NA, 0L, 0L, 0L, NA, 0L, 0L, NA, 0L, 0L, NA, NA, 0L, 0L, \",\"0L, NA, NA, 0L, 0L, 0L, 0L, NA, NA, 0L, 0L, 0L, 0L, 0L, 0L, NA, \",\"0L, 2L, 3L, 1L, 2L, 1L, 1L, 4L, 12L, 6L, 4L, 2L, 4L, 3L, 1L, \",\"0L, 0L, 3L, 0L, 0L, NA, 0L, NA, NA, 0L, 0L, 0L, NA, 0L, 0L, NA, \",\"NA, 0L, NA, 0L, 0L, 0L, 0L, 2L, 2L, 1L, 0L, 1L, 0L, 0L, 0L, 1L, \",\"NA, 0L, NA, 0L, 0L, 0L, 0L, NA, 0L, 2L, 0L, 1L, 0L, 2L, NA, 1L, \",\"5L, 10L, 4L, 3L, 4L, 4L, 1L, 4L, 3L, 3L, 2L, 0L, 0L, 1L, 1L, \",\"0L, 2L, 0L, 3L, 5L, 2L, 3L, 3L, 2L, 3L, 2L, 2L, 1L, 0L, 3L, 1L, \",\"1L, 1L, NA, 1L, NA, 1L, NA, 0L, NA, 0L, 1L, 1L, 0L, 0L, NA, 0L, \",\"0L, 0L, 0L, 1L, NA, NA, 7L, 7L, 4L, 8L, NA, 0L, 0L, 0L, 4L, 6L, \",\"7L, 7L, 5L, 7L, 7L, 3L, 7L, NA, 0L, NA, 0L, NA, 4L, NA, 0L, 5L, \",\"1L, 2L, 3L, 2L, 3L, 1L, 1L, 3L, 0L, 4L, NA, 7L, 11L, 4L, 7L, \",\"14L, 6L, 7L, 10L, 11L, 17L, 17L, NA, NA, 6L, 2L, NA, 3L, 1L, \",\"2L, 1L, 2L, 1L, 2L, NA, NA, 1L, 0L, 3L, 2L, 1L, 0L, NA, 0L, 0L, \",\"0L, 0L, NA, NA, NA, 0L, 1L, 0L, 0L, 0L, 0L, 0L, 0L, 1L, NA, NA, \",\"NA, 1L, 0L, 0L, 0L, 0L, 1L, 0L, 0L, 0L, 0L, 0L, 0L, NA, NA, NA, \",\"NA, NA, NA, NA, NA, NA, NA, NA, NA, NA, NA, NA, NA, 0L, NA, NA, \",\"NA, 0L, 0L, 0L, 1L, 1L, 0L, 0L, NA, NA, 1L, 0L, 1L, 1L, 0L, NA, \",\"0L, 0L, 0L, 1L, 1L, 0L, 1L, NA, NA, 0L, 0L, NA, 1L, NA, 1L, 2L, \",\"0L, 0L, 0L, NA, 0L, 0L, 0L, NA, 0L, NA)\"]},{\"type\":\"double\",\"attributes\":{},\"value\":[0]},{\"type\":\"double\",\"attributes\":{},\"value\":[0]},{\"type\":\"integer\",\"attributes\":{},\"value\":[289]},{\"type\":\"list\",\"attributes\":{\"names\":{\"type\":\"character\",\"attributes\":{},\"value\":[\"phi\",\"theta\",\"Delta\",\"Z\",\"a\",\"P\",\"T\",\"V\",\"h\",\"Pn\"]}},\"value\":[{\"type\":\"double\",\"attributes\":{},\"value\":[]},{\"type\":\"double\",\"attributes\":{},\"value\":[]},{\"type\":\"double\",\"attributes\":{},\"value\":[1]},{\"type\":\"double\",\"attributes\":{},\"value\":[1,1]},{\"type\":\"double\",\"attributes\":{},\"value\":[0,0]},{\"type\":\"double\",\"attributes\":{\"dim\":{\"type\":\"integer\",\"attributes\":{},\"value\":[2,2]}},\"value\":[1,0,0,0]},{\"type\":\"double\",\"attributes\":{\"dim\":{\"type\":\"integer\",\"attributes\":{},\"value\":[2,2]}},\"value\":[0,1,0,1]},{\"type\":\"double\",\"attributes\":{\"dim\":{\"type\":\"integer\",\"attributes\":{},\"value\":[2,2]}},\"value\":[1,0,0,0]},{\"type\":\"double\",\"attributes\":{},\"value\":[0]},{\"type\":\"double\",\"attributes\":{\"dim\":{\"type\":\"integer\",\"attributes\":{},\"value\":[2,2]}},\"value\":[1,0,0,0]}]},{\"type\":\"double\",\"attributes\":{},\"value\":[1219.57647736]},{\"type\":\"double\",\"attributes\":{},\"value\":[1223.22896677]},{\"type\":\"integer\",\"attributes\":{\"tsp\":{\"type\":\"double\",\"attributes\":{},\"value\":[1,372,1]},\"class\":{\"type\":\"character\",\"attributes\":{},\"value\":[\"ts\"]}},\"value\":[2,2,2,0,0,4,2,3,4,5,3,2,0,1,3,2,3,1,2,0,0,0,1,0,0,\"NA\",1,1,3,1,1,1,0,\"NA\",0,0,0,0,0,0,\"NA\",0,0,0,0,0,0,0,0,0,0,\"NA\",0,0,0,0,\"NA\",\"NA\",0,0,0,0,0,0,\"NA\",\"NA\",0,0,0,\"NA\",0,0,\"NA\",0,0,\"NA\",\"NA\",0,0,0,\"NA\",\"NA\",0,0,0,0,\"NA\",\"NA\",0,0,0,0,0,0,\"NA\",0,2,3,1,2,1,1,4,12,6,4,2,4,3,1,0,0,3,0,0,\"NA\",0,\"NA\",\"NA\",0,0,0,\"NA\",0,0,\"NA\",\"NA\",0,\"NA\",0,0,0,0,2,2,1,0,1,0,0,0,1,\"NA\",0,\"NA\",0,0,0,0,\"NA\",0,2,0,1,0,2,\"NA\",1,5,10,4,3,4,4,1,4,3,3,2,0,0,1,1,0,2,0,3,5,2,3,3,2,3,2,2,1,0,3,1,1,1,\"NA\",1,\"NA\",1,\"NA\",0,\"NA\",0,1,1,0,0,\"NA\",0,0,0,0,1,\"NA\",\"NA\",7,7,4,8,\"NA\",0,0,0,4,6,7,7,5,7,7,3,7,\"NA\",0,\"NA\",0,\"NA\",4,\"NA\",0,5,1,2,3,2,3,1,1,3,0,4,\"NA\",7,11,4,7,14,6,7,10,11,17,17,\"NA\",\"NA\",6,2,\"NA\",3,1,2,1,2,1,2,\"NA\",\"NA\",1,0,3,2,1,0,\"NA\",0,0,0,0,\"NA\",\"NA\",\"NA\",0,1,0,0,0,0,0,0,1,\"NA\",\"NA\",\"NA\",1,0,0,0,0,1,0,0,0,0,0,0,\"NA\",\"NA\",\"NA\",\"NA\",\"NA\",\"NA\",\"NA\",\"NA\",\"NA\",\"NA\",\"NA\",\"NA\",\"NA\",\"NA\",\"NA\",\"NA\",0,\"NA\",\"NA\",\"NA\",0,0,0,1,1,0,0,\"NA\",\"NA\",1,0,1,1,0,\"NA\",0,0,0,1,1,0,1,\"NA\",\"NA\",0,0,\"NA\",1,\"NA\",1,2,0,0,0,\"NA\",0,0,0,\"NA\",0,\"NA\"]},{\"type\":\"double\",\"attributes\":{\"tsp\":{\"type\":\"double\",\"attributes\":{},\"value\":[1,372,1]},\"class\":{\"type\":\"character\",\"attributes\":{},\"value\":[\"ts\"]}},\"value\":[1.998,2,2,2,0,0,4,2,3,4,5,3,2,0,1,3,2,3,1,2,0,0,0,1,0,\"NA\",0.29289322,1,1,3,1,1,1,\"NA\",0,0,0,0,0,0,\"NA\",0,0,0,0,0,0,0,0,0,0,\"NA\",0,0,0,0,\"NA\",\"NA\",0,0,0,0,0,0,\"NA\",\"NA\",0,0,0,\"NA\",0,0,\"NA\",0,0,\"NA\",\"NA\",0,0,0,\"NA\",\"NA\",0,0,0,0,\"NA\",\"NA\",0,0,0,0,0,0,\"NA\",0,0,2,3,1,2,1,1,4,12,6,4,2,4,3,1,0,0,3,0,\"NA\",0,\"NA\",\"NA\",0,0,0,\"NA\",0,0,\"NA\",\"NA\",0,\"NA\",0,0,0,0,0,2,2,1,0,1,0,0,0,\"NA\",0.70710678,\"NA\",0,0,0,0,\"NA\",0,0,2,0,1,0,\"NA\",1.70710678,1,5,10,4,3,4,4,1,4,3,3,2,0,0,1,1,0,2,0,3,5,2,3,3,2,3,2,2,1,0,3,1,1,\"NA\",1,\"NA\",1,\"NA\",0.70710678,\"NA\",0,0,1,1,0,\"NA\",0,0,0,0,0,\"NA\",\"NA\",3.53589838,7,7,4,\"NA\",5.65685425,0,0,0,4,6,7,7,5,7,7,3,\"NA\",4.94974747,\"NA\",0,\"NA\",1.17157288,\"NA\",2.82842712,0,5,1,2,3,2,3,1,1,3,0,\"NA\",4.87867966,7,11,4,7,14,6,7,10,11,17,\"NA\",\"NA\",12.35085296,6,\"NA\",2.29289322,3,1,2,1,2,1,\"NA\",\"NA\",1.57735027,1,0,3,2,1,\"NA\",0,0,0,0,\"NA\",\"NA\",\"NA\",0,0,1,0,0,0,0,0,0,\"NA\",\"NA\",\"NA\",1,1,0,0,0,0,1,0,0,0,0,0,\"NA\",\"NA\",\"NA\",\"NA\",\"NA\",\"NA\",\"NA\",\"NA\",\"NA\",\"NA\",\"NA\",\"NA\",\"NA\",\"NA\",\"NA\",\"NA\",0,\"NA\",\"NA\",\"NA\",0,0,0,0,1,1,0,\"NA\",\"NA\",0.42264973,1,0,1,1,\"NA\",0,0,0,0,1,1,0,\"NA\",\"NA\",0.57735027,5.55111512e-17,\"NA\",0.29289322,\"NA\",1,1,2,0,0,\"NA\",0,0,0,\"NA\",0,\"NA\"]}]},{\"type\":\"double\",\"attributes\":{},\"value\":[95]},{\"type\":\"double\",\"attributes\":{\"tsp\":{\"type\":\"double\",\"attributes\":{},\"value\":[373,385,1]},\"class\":{\"type\":\"character\",\"attributes\":{},\"value\":[\"ts\"]}},\"value\":[0,0,0,0,0,0,0,0,0,0,0,0,0]},{\"type\":\"double\",\"attributes\":{\"dim\":{\"type\":\"integer\",\"attributes\":{},\"value\":[13,1]},\"dimnames\":{\"type\":\"list\",\"attributes\":{},\"value\":[{\"type\":\"NULL\"},{\"type\":\"character\",\"attributes\":{},\"value\":[\"95%\"]}]},\"tsp\":{\"type\":\"double\",\"attributes\":{},\"value\":[373,385,1]},\"class\":{\"type\":\"character\",\"attributes\":{},\"value\":[\"ts\"]}},\"value\":[-5.12325613,-6.27468167,-7.2453783,-8.1005792,-8.87373991,-9.58473457,-10.24651225,-10.86806745,-11.45594897,-12.01510064,-12.54936333,-13.06179148,-13.55486161]},{\"type\":\"double\",\"attributes\":{\"dim\":{\"type\":\"integer\",\"attributes\":{},\"value\":[13,1]},\"dimnames\":{\"type\":\"list\",\"attributes\":{},\"value\":[{\"type\":\"NULL\"},{\"type\":\"character\",\"attributes\":{},\"value\":[\"95%\"]}]},\"tsp\":{\"type\":\"double\",\"attributes\":{},\"value\":[373,385,1]},\"class\":{\"type\":\"character\",\"attributes\":{},\"value\":[\"ts\"]}},\"value\":[5.12325613,6.27468167,7.2453783,8.1005792,8.87373991,9.58473457,10.24651225,10.86806745,11.45594897,12.01510064,12.54936333,13.06179148,13.55486161]},{\"type\":\"integer\",\"attributes\":{\"tsp\":{\"type\":\"double\",\"attributes\":{},\"value\":[1,372,1]},\"class\":{\"type\":\"character\",\"attributes\":{},\"value\":[\"ts\"]}},\"value\":[2,2,2,0,0,4,2,3,4,5,3,2,0,1,3,2,3,1,2,0,0,0,1,0,0,\"NA\",1,1,3,1,1,1,0,\"NA\",0,0,0,0,0,0,\"NA\",0,0,0,0,0,0,0,0,0,0,\"NA\",0,0,0,0,\"NA\",\"NA\",0,0,0,0,0,0,\"NA\",\"NA\",0,0,0,\"NA\",0,0,\"NA\",0,0,\"NA\",\"NA\",0,0,0,\"NA\",\"NA\",0,0,0,0,\"NA\",\"NA\",0,0,0,0,0,0,\"NA\",0,2,3,1,2,1,1,4,12,6,4,2,4,3,1,0,0,3,0,0,\"NA\",0,\"NA\",\"NA\",0,0,0,\"NA\",0,0,\"NA\",\"NA\",0,\"NA\",0,0,0,0,2,2,1,0,1,0,0,0,1,\"NA\",0,\"NA\",0,0,0,0,\"NA\",0,2,0,1,0,2,\"NA\",1,5,10,4,3,4,4,1,4,3,3,2,0,0,1,1,0,2,0,3,5,2,3,3,2,3,2,2,1,0,3,1,1,1,\"NA\",1,\"NA\",1,\"NA\",0,\"NA\",0,1,1,0,0,\"NA\",0,0,0,0,1,\"NA\",\"NA\",7,7,4,8,\"NA\",0,0,0,4,6,7,7,5,7,7,3,7,\"NA\",0,\"NA\",0,\"NA\",4,\"NA\",0,5,1,2,3,2,3,1,1,3,0,4,\"NA\",7,11,4,7,14,6,7,10,11,17,17,\"NA\",\"NA\",6,2,\"NA\",3,1,2,1,2,1,2,\"NA\",\"NA\",1,0,3,2,1,0,\"NA\",0,0,0,0,\"NA\",\"NA\",\"NA\",0,1,0,0,0,0,0,0,1,\"NA\",\"NA\",\"NA\",1,0,0,0,0,1,0,0,0,0,0,0,\"NA\",\"NA\",\"NA\",\"NA\",\"NA\",\"NA\",\"NA\",\"NA\",\"NA\",\"NA\",\"NA\",\"NA\",\"NA\",\"NA\",\"NA\",\"NA\",0,\"NA\",\"NA\",\"NA\",0,0,0,1,1,0,0,\"NA\",\"NA\",1,0,1,1,0,\"NA\",0,0,0,1,1,0,1,\"NA\",\"NA\",0,0,\"NA\",1,\"NA\",1,2,0,0,0,\"NA\",0,0,0,\"NA\",0,\"NA\"]},{\"type\":\"character\",\"attributes\":{},\"value\":[\"c(2L, 2L, 2L, 0L, 0L, 4L, 2L, 3L, 4L, 5L, 3L, 2L, 0L, 1L, 3L, \",\"2L, 3L, 1L, 2L, 0L, 0L, 0L, 1L, 0L, 0L, NA, 1L, 1L, 3L, 1L, 1L, \",\"1L, 0L, NA, 0L, 0L, 0L, 0L, 0L, 0L, NA, 0L, 0L, 0L, 0L, 0L, 0L, \",\"0L, 0L, 0L, 0L, NA, 0L, 0L, 0L, 0L, NA, NA, 0L, 0L, 0L, 0L, 0L, \",\"0L, NA, NA, 0L, 0L, 0L, NA, 0L, 0L, NA, 0L, 0L, NA, NA, 0L, 0L, \",\"0L, NA, NA, 0L, 0L, 0L, 0L, NA, NA, 0L, 0L, 0L, 0L, 0L, 0L, NA, \",\"0L, 2L, 3L, 1L, 2L, 1L, 1L, 4L, 12L, 6L, 4L, 2L, 4L, 3L, 1L, \",\"0L, 0L, 3L, 0L, 0L, NA, 0L, NA, NA, 0L, 0L, 0L, NA, 0L, 0L, NA, \",\"NA, 0L, NA, 0L, 0L, 0L, 0L, 2L, 2L, 1L, 0L, 1L, 0L, 0L, 0L, 1L, \",\"NA, 0L, NA, 0L, 0L, 0L, 0L, NA, 0L, 2L, 0L, 1L, 0L, 2L, NA, 1L, \",\"5L, 10L, 4L, 3L, 4L, 4L, 1L, 4L, 3L, 3L, 2L, 0L, 0L, 1L, 1L, \",\"0L, 2L, 0L, 3L, 5L, 2L, 3L, 3L, 2L, 3L, 2L, 2L, 1L, 0L, 3L, 1L, \",\"1L, 1L, NA, 1L, NA, 1L, NA, 0L, NA, 0L, 1L, 1L, 0L, 0L, NA, 0L, \",\"0L, 0L, 0L, 1L, NA, NA, 7L, 7L, 4L, 8L, NA, 0L, 0L, 0L, 4L, 6L, \",\"7L, 7L, 5L, 7L, 7L, 3L, 7L, NA, 0L, NA, 0L, NA, 4L, NA, 0L, 5L, \",\"1L, 2L, 3L, 2L, 3L, 1L, 1L, 3L, 0L, 4L, NA, 7L, 11L, 4L, 7L, \",\"14L, 6L, 7L, 10L, 11L, 17L, 17L, NA, NA, 6L, 2L, NA, 3L, 1L, \",\"2L, 1L, 2L, 1L, 2L, NA, NA, 1L, 0L, 3L, 2L, 1L, 0L, NA, 0L, 0L, \",\"0L, 0L, NA, NA, NA, 0L, 1L, 0L, 0L, 0L, 0L, 0L, 0L, 1L, NA, NA, \",\"NA, 1L, 0L, 0L, 0L, 0L, 1L, 0L, 0L, 0L, 0L, 0L, 0L, NA, NA, NA, \",\"NA, NA, NA, NA, NA, NA, NA, NA, NA, NA, NA, NA, NA, 0L, NA, NA, \",\"NA, 0L, 0L, 0L, 1L, 1L, 0L, 0L, NA, NA, 1L, 0L, 1L, 1L, 0L, NA, \",\"0L, 0L, 0L, 1L, 1L, 0L, 1L, NA, NA, 0L, 0L, NA, 1L, NA, 1L, 2L, \",\"0L, 0L, 0L, NA, 0L, 0L, 0L, NA, 0L, NA)\"]},{\"type\":\"double\",\"attributes\":{\"tsp\":{\"type\":\"double\",\"attributes\":{},\"value\":[1,372,1]},\"class\":{\"type\":\"character\",\"attributes\":{},\"value\":[\"ts\"]}},\"value\":[1.998,2,2,2,0,0,4,2,3,4,5,3,2,0,1,3,2,3,1,2,0,0,0,1,0,\"NA\",0.29289322,1,1,3,1,1,1,\"NA\",0,0,0,0,0,0,\"NA\",0,0,0,0,0,0,0,0,0,0,\"NA\",0,0,0,0,\"NA\",\"NA\",0,0,0,0,0,0,\"NA\",\"NA\",0,0,0,\"NA\",0,0,\"NA\",0,0,\"NA\",\"NA\",0,0,0,\"NA\",\"NA\",0,0,0,0,\"NA\",\"NA\",0,0,0,0,0,0,\"NA\",0,0,2,3,1,2,1,1,4,12,6,4,2,4,3,1,0,0,3,0,\"NA\",0,\"NA\",\"NA\",0,0,0,\"NA\",0,0,\"NA\",\"NA\",0,\"NA\",0,0,0,0,0,2,2,1,0,1,0,0,0,\"NA\",0.70710678,\"NA\",0,0,0,0,\"NA\",0,0,2,0,1,0,\"NA\",1.70710678,1,5,10,4,3,4,4,1,4,3,3,2,0,0,1,1,0,2,0,3,5,2,3,3,2,3,2,2,1,0,3,1,1,\"NA\",1,\"NA\",1,\"NA\",0.70710678,\"NA\",0,0,1,1,0,\"NA\",0,0,0,0,0,\"NA\",\"NA\",3.53589838,7,7,4,\"NA\",5.65685425,0,0,0,4,6,7,7,5,7,7,3,\"NA\",4.94974747,\"NA\",0,\"NA\",1.17157288,\"NA\",2.82842712,0,5,1,2,3,2,3,1,1,3,0,\"NA\",4.87867966,7,11,4,7,14,6,7,10,11,17,\"NA\",\"NA\",12.35085296,6,\"NA\",2.29289322,3,1,2,1,2,1,\"NA\",\"NA\",1.57735027,1,0,3,2,1,\"NA\",0,0,0,0,\"NA\",\"NA\",\"NA\",0,0,1,0,0,0,0,0,0,\"NA\",\"NA\",\"NA\",1,1,0,0,0,0,1,0,0,0,0,0,\"NA\",\"NA\",\"NA\",\"NA\",\"NA\",\"NA\",\"NA\",\"NA\",\"NA\",\"NA\",\"NA\",\"NA\",\"NA\",\"NA\",\"NA\",\"NA\",0,\"NA\",\"NA\",\"NA\",0,0,0,0,1,1,0,\"NA\",\"NA\",0.42264973,1,0,1,1,\"NA\",0,0,0,0,1,1,0,\"NA\",\"NA\",0.57735027,5.55111512e-17,\"NA\",0.29289322,\"NA\",1,1,2,0,0,\"NA\",0,0,0,\"NA\",0,\"NA\"]},{\"type\":\"double\",\"attributes\":{\"tsp\":{\"type\":\"double\",\"attributes\":{},\"value\":[1,372,1]},\"class\":{\"type\":\"character\",\"attributes\":{},\"value\":[\"ts\"]}},\"value\":[0.002,0,0,-2,0,4,-2,1,1,1,-2,-1,-2,1,2,-1,1,-2,1,-2,0,0,1,-1,0,\"NA\",0.70710678,0,2,-2,0,0,-1,\"NA\",0,0,0,0,0,0,\"NA\",0,0,0,0,0,0,0,0,0,0,\"NA\",0,0,0,0,\"NA\",\"NA\",0,0,0,0,0,0,\"NA\",\"NA\",0,0,0,\"NA\",0,0,\"NA\",0,0,\"NA\",\"NA\",0,0,0,\"NA\",\"NA\",0,0,0,0,\"NA\",\"NA\",0,0,0,0,0,0,\"NA\",0,2,1,-2,1,-1,0,3,8,-6,-2,-2,2,-1,-2,-1,0,3,-3,0,\"NA\",0,\"NA\",\"NA\",0,0,0,\"NA\",0,0,\"NA\",\"NA\",0,\"NA\",0,0,0,0,2,0,-1,-1,1,-1,0,0,1,\"NA\",-0.70710678,\"NA\",0,0,0,0,\"NA\",0,2,-2,1,-1,2,\"NA\",-0.70710678,4,5,-6,-1,1,0,-3,3,-1,0,-1,-2,0,1,0,-1,2,-2,3,2,-3,1,0,-1,1,-1,0,-1,-1,3,-2,0,0,\"NA\",0,\"NA\",0,\"NA\",-0.70710678,\"NA\",0,1,0,-1,0,\"NA\",0,0,0,0,1,\"NA\",\"NA\",3.46410162,0,-3,4,\"NA\",-5.65685425,0,0,4,2,1,0,-2,2,0,-4,4,\"NA\",-4.94974747,\"NA\",0,\"NA\",2.82842712,\"NA\",-2.82842712,5,-4,1,1,-1,1,-2,0,2,-3,4,\"NA\",2.12132034,4,-7,3,7,-8,1,3,1,6,0,\"NA\",\"NA\",-6.35085296,-4,\"NA\",0.70710678,-2,1,-1,1,-1,1,\"NA\",\"NA\",-0.57735027,-1,3,-1,-1,-1,\"NA\",0,0,0,0,\"NA\",\"NA\",\"NA\",0,1,-1,0,0,0,0,0,1,\"NA\",\"NA\",\"NA\",0,-1,0,0,0,1,-1,0,0,0,0,0,\"NA\",\"NA\",\"NA\",\"NA\",\"NA\",\"NA\",\"NA\",\"NA\",\"NA\",\"NA\",\"NA\",\"NA\",\"NA\",\"NA\",\"NA\",\"NA\",0,\"NA\",\"NA\",\"NA\",0,0,0,1,0,-1,0,\"NA\",\"NA\",0.57735027,-1,1,0,-1,\"NA\",0,0,0,1,0,-1,1,\"NA\",\"NA\",-0.57735027,-5.55111512e-17,\"NA\",0.70710678,\"NA\",0,1,-2,0,0,\"NA\",0,0,0,\"NA\",0,\"NA\"]}]}"]
