["{\"type\":\"list\",\"attributes\":{\"names\":{\"type\":\"character\",\"attributes\":{},\"value\":[\"method\",\"model\",\"level\",\"mean\",\"lower\",\"upper\",\"x\",\"series\",\"fitted\",\"residuals\"]},\"class\":{\"type\":\"character\",\"attributes\":{},\"value\":[\"forecast\"]}},\"value\":[{\"type\":\"character\",\"attributes\":{},\"value\":[\"ARIMA(0,1,0)\"]},{\"type\":\"list\",\"attributes\":{\"names\":{\"type\":\"character\",\"attributes\":{},\"value\":[\"coef\",\"sigma2\",\"var.coef\",\"mask\",\"loglik\",\"aic\",\"arma\",\"residuals\",\"call\",\"series\",\"code\",\"n.cond\",\"nobs\",\"model\",\"aicc\",\"bic\",\"x\",\"fitted\"]},\"class\":{\"type\":\"character\",\"attributes\":{},\"value\":[\"forecast_ARIMA\",\"ARIMA\",\"Arima\"]}},\"value\":[{\"type\":\"double\",\"attributes\":{},\"value\":[]},{\"type\":\"double\",\"attributes\":{},\"value\":[178.24962684]},{\"type\":\"double\",\"attributes\":{},\"value\":[]},{\"type\":\"logical\",\"attributes\":{},\"value\":[]},{\"type\":\"double\",\"attributes\":{},\"value\":[-1180.22154049]},{\"type\":\"double\",\"attributes\":{},\"value\":[2362.44308099]},{\"type\":\"integer\",\"attributes\":{},\"value\":[0,0,0,0,1,1,0]},{\"type\":\"double\",\"attributes\":{\"tsp\":{\"type\":\"double\",\"attributes\":{},\"value\":[1,372,1]},\"class\":{\"type\":\"character\",\"attributes\":{},\"value\":[\"ts\"]}},\"value\":[0,0,0,0,0,0,0,0,0,1,2,-2,1,1,-1,-1,-1,0,2,-1,1,7,-1,-3,1,\"NA\",2.82842712,-2,-2,13,22,4,-14,\"NA\",2.12132034,-9,0,-10,2,4,\"NA\",-7.07106781,5,14,9,14,-8,-8,-7,-10,3,\"NA\",1.41421356,8,-5,11,\"NA\",\"NA\",-17.89785834,12,11,6,3,17,\"NA\",\"NA\",-4.04145188,13,11,\"NA\",-8.48528137,-13,\"NA\",-11.3137085,-2,\"NA\",\"NA\",-8.08290377,4,7,\"NA\",\"NA\",30.59956427,6,-9,2,\"NA\",\"NA\",-9.81495458,-10,1,34,7,0,\"NA\",-48.08326112,73,10,-5,-28,32,-3,-9,19,20,-29,1,-17,-8,-20,-5,-6,-7,-6,0,\"NA\",-8.48528137,\"NA\",\"NA\",9.81495458,-1,5,\"NA\",-2.12132034,-6,\"NA\",\"NA\",-8.08290377,\"NA\",12.72792206,19,18,19,0,-3,-36,4,-6,-3,3,-11,9,\"NA\",14.8492424,\"NA\",-33.9411255,30,19,24,\"NA\",-2.12132034,-9,23,84,34,17,\"NA\",-43.84062043,-45,-7,-53,-14,-6,-1,2,-1,2,7,-50,21,3,-5,-8,-7,-2,-1,-3,19,13,6,-20,-12,-10,-3,-1,-4,-3,1,2,-5,1,\"NA\",0,\"NA\",0,\"NA\",-1.41421356,\"NA\",0.70710678,-1,0,1,0,\"NA\",0,0,-1,1,1,\"NA\",\"NA\",1.15470054,4.4408921e-16,1,0,\"NA\",3.53553391,19,-3,-1,-7,-6,1,-4,1,1,-4,8,\"NA\",-0.70710678,\"NA\",-0.70710678,\"NA\",2.12132034,\"NA\",0,-6,2,-2,7,-2,11,-12,14,0,-4,1,\"NA\",-8.48528137,5,-3,-4,0,7,-6,2,0,2,-1,\"NA\",\"NA\",-6.92820323,-1,\"NA\",1.41421356,2,-2,2,0,-1,0,\"NA\",\"NA\",-2.30940108,1,-1,1,3,-3,\"NA\",4.24264069,-2,-1,1,\"NA\",\"NA\",\"NA\",0,-3,-1,4,0,-3,2,0,-1,\"NA\",\"NA\",\"NA\",-0.5,1,-1,2,-2,0,0,6,-1,0,-5,4,\"NA\",\"NA\",\"NA\",\"NA\",\"NA\",\"NA\",\"NA\",\"NA\",\"NA\",\"NA\",\"NA\",\"NA\",\"NA\",\"NA\",\"NA\",\"NA\",4.36564125,\"NA\",\"NA\",\"NA\",-5,1,6,-4,-8,10,3,\"NA\",\"NA\",19.05255888,0,-9,-7,-3,\"NA\",0,-18,16,1,14,40,8,\"NA\",\"NA\",-14.43375673,-17,\"NA\",-19.09188309,\"NA\",-9.89949494,1,-3,-3,-1,\"NA\",2.82842712,8,-13,\"NA\",-3.53553391,\"NA\"]},{\"type\":\"language\",\"attributes\":{},\"value\":[\"Arima(y = c(0L, 0L, 0L, 0L, 0L, 0L, 0L, 0L, 0L, 1L, 3L, 1L, 2L, \",\"3L, 2L, 1L, 0L, 0L, 2L, 1L, 2L, 9L, 8L, 5L, 6L, NA, 10L, 8L, \",\"6L, 19L, 41L, 45L, 31L, NA, 34L, 25L, 25L, 15L, 17L, 21L, NA, \",\"11L, 16L, 30L, 39L, 53L, 45L, 37L, 30L, 20L, 23L, NA, 25L, 33L, \",\"28L, 39L, NA, NA, 8L, 20L, 31L, 37L, 40L, 57L, NA, NA, 50L, 63L, \",\"74L, NA, 62L, 49L, NA, 33L, 31L, NA, NA, 17L, 21L, 28L, NA, NA, \",\"81L, 87L, 78L, 80L, NA, NA, 63L, 53L, 54L, 88L, 95L, 95L, NA, \",\"27L, 100L, 110L, 105L, 77L, 109L, 106L, 97L, 116L, 136L, 107L, \",\"108L, 91L, 83L, 63L, 58L, 52L, 45L, 39L, 39L, NA, 27L, NA, NA, \",\"44L, 43L, 48L, NA, 45L, 39L, NA, NA, 25L, NA, 43L, 62L, 80L, \",\"99L, 99L, 96L, 60L, 64L, 58L, 55L, 58L, 47L, 56L, NA, 77L, NA, \",\"29L, 59L, 78L, 102L, NA, 99L, 90L, 113L, 197L, 231L, 248L, NA, \",\"186L, 141L, 134L, 81L, 67L, 61L, 60L, 62L, 61L, 63L, 70L, 20L, \",\"41L, 44L, 39L, 31L, 24L, 22L, 21L, 18L, 37L, 50L, 56L, 36L, 24L, \",\"14L, 11L, 10L, 6L, 3L, 4L, 6L, 1L, 2L, NA, 2L, NA, 2L, NA, 0L, \",\"NA, 1L, 0L, 0L, 1L, 1L, NA, 1L, 1L, 0L, 1L, 2L, NA, NA, 4L, 4L, \",\"5L, 5L, NA, 10L, 29L, 26L, 25L, 18L, 12L, 13L, 9L, 10L, 11L, \",\"7L, 15L, NA, 14L, NA, 13L, NA, 16L, NA, 16L, 10L, 12L, 10L, 17L, \",\"15L, 26L, 14L, 28L, 28L, 24L, 25L, NA, 13L, 18L, 15L, 11L, 11L, \",\"18L, 12L, 14L, 14L, 16L, 15L, NA, NA, 3L, 2L, NA, 4L, 6L, 4L, \",\"6L, 6L, 5L, 5L, NA, NA, 1L, 2L, 1L, 2L, 5L, 2L, NA, 8L, 6L, 5L, \",\"6L, NA, NA, NA, 6L, 3L, 2L, 6L, 6L, 3L, 5L, 5L, 4L, NA, NA, NA, \",\"3L, 4L, 3L, 5L, 3L, 3L, 3L, 9L, 8L, 8L, 3L, 7L, NA, NA, NA, NA, \",\"NA, NA, NA, NA, NA, NA, NA, NA, NA, NA, NA, NA, 25L, NA, NA, \",\"NA, 15L, 16L, 22L, 18L, 10L, 20L, 23L, NA, NA, 56L, 56L, 47L, \",\"40L, 37L, NA, 37L, 19L, 35L, 36L, 50L, 90L, 98L, NA, NA, 73L, \",\"56L, NA, 29L, NA, 15L, 16L, 13L, 10L, 9L, NA, 13L, 21L, 8L, NA, \",\"3L, NA), order = c(0, 1, 0))\"]},{\"type\":\"character\",\"attributes\":{},\"value\":[\"c(0L, 0L, 0L, 0L, 0L, 0L, 0L, 0L, 0L, 1L, 3L, 1L, 2L, 3L, 2L, \",\"1L, 0L, 0L, 2L, 1L, 2L, 9L, 8L, 5L, 6L, NA, 10L, 8L, 6L, 19L, \",\"41L, 45L, 31L, NA, 34L, 25L, 25L, 15L, 17L, 21L, NA, 11L, 16L, \",\"30L, 39L, 53L, 45L, 37L, 30L, 20L, 23L, NA, 25L, 33L, 28L, 39L, \",\"NA, NA, 8L, 20L, 31L, 37L, 40L, 57L, NA, NA, 50L, 63L, 74L, NA, \",\"62L, 49L, NA, 33L, 31L, NA, NA, 17L, 21L, 28L, NA, NA, 81L, 87L, \",\"78L, 80L, NA, NA, 63L, 53L, 54L, 88L, 95L, 95L, NA, 27L, 100L, \",\"110L, 105L, 77L, 109L, 106L, 97L, 116L, 136L, 107L, 108L, 91L, \",\"83L, 63L, 58L, 52L, 45L, 39L, 39L, NA, 27L, NA, NA, 44L, 43L, \",\"48L, NA, 45L, 39L, NA, NA, 25L, NA, 43L, 62L, 80L, 99L, 99L, \",\"96L, 60L, 64L, 58L, 55L, 58L, 47L, 56L, NA, 77L, NA, 29L, 59L, \",\"78L, 102L, NA, 99L, 90L, 113L, 197L, 231L, 248L, NA, 186L, 141L, \",\"134L, 81L, 67L, 61L, 60L, 62L, 61L, 63L, 70L, 20L, 41L, 44L, \",\"39L, 31L, 24L, 22L, 21L, 18L, 37L, 50L, 56L, 36L, 24L, 14L, 11L, \",\"10L, 6L, 3L, 4L, 6L, 1L, 2L, NA, 2L, NA, 2L, NA, 0L, NA, 1L, \",\"0L, 0L, 1L, 1L, NA, 1L, 1L, 0L, 1L, 2L, NA, NA, 4L, 4L, 5L, 5L, \",\"NA, 10L, 29L, 26L, 25L, 18L, 12L, 13L, 9L, 10L, 11L, 7L, 15L, \",\"NA, 14L, NA, 13L, NA, 16L, NA, 16L, 10L, 12L, 10L, 17L, 15L, \",\"26L, 14L, 28L, 28L, 24L, 25L, NA, 13L, 18L, 15L, 11L, 11L, 18L, \",\"12L, 14L, 14L, 16L, 15L, NA, NA, 3L, 2L, NA, 4L, 6L, 4L, 6L, \",\"6L, 5L, 5L, NA, NA, 1L, 2L, 1L, 2L, 5L, 2L, NA, 8L, 6L, 5L, 6L, \",\"NA, NA, NA, 6L, 3L, 2L, 6L, 6L, 3L, 5L, 5L, 4L, NA, NA, NA, 3L, \",\"4L, 3L, 5L, 3L, 3L, 3L, 9L, 8L, 8L, 3L, 7L, NA, NA, NA, NA, NA, \",\"NA, NA, NA, NA, NA, NA, NA, NA, NA, NA, NA, 25L, NA, NA, NA, \",\"15L, 16L, 22L, 18L, 10L, 20L, 23L, NA, NA, 56L, 56L, 47L, 40L, \",\"37L, NA, 37L, 19L, 35L, 36L, 50L, 90L, 98L, NA, NA, 73L, 56L, \",\"NA, 29L, NA, 15L, 16L, 13L, 10L, 9L, NA, 13L, 21L, 8L, NA, 3L, \",\"NA)\"]},{\"type\":\"double\",\"attributes\":{},\"value\":[0]},{\"type\":\"double\",\"attributes\":{},\"value\":[0]},{\"type\":\"integer\",\"attributes\":{},\"value\":[289]},{\"type\":\"list\",\"attributes\":{\"names\":{\"type\":\"character\",\"attributes\":{},\"value\":[\"phi\",\"theta\",\"Delta\",\"Z\",\"a\",\"P\",\"T\",\"V\",\"h\",\"Pn\"]}},\"value\":[{\"type\":\"double\",\"attributes\":{},\"value\":[]},{\"type\":\"double\",\"attributes\":{},\"value\":[]},{\"type\":\"double\",\"attributes\":{},\"value\":[1]},{\"type\":\"double\",\"attributes\":{},\"value\":[1,1]},{\"type\":\"double\",\"attributes\":{},\"value\":[0,3]},{\"type\":\"double\",\"attributes\":{\"dim\":{\"type\":\"integer\",\"attributes\":{},\"value\":[2,2]}},\"value\":[1,0,0,0]},{\"type\":\"double\",\"attributes\":{\"dim\":{\"type\":\"integer\",\"attributes\":{},\"value\":[2,2]}},\"value\":[0,1,0,1]},{\"type\":\"double\",\"attributes\":{\"dim\":{\"type\":\"integer\",\"attributes\":{},\"value\":[2,2]}},\"value\":[1,0,0,0]},{\"type\":\"double\",\"attributes\":{},\"value\":[0]},{\"type\":\"double\",\"attributes\":{\"dim\":{\"type\":\"integer\",\"attributes\":{},\"value\":[2,2]}},\"value\":[1,0,0,0]}]},{\"type\":\"double\",\"attributes\":{},\"value\":[2362.45701827]},{\"type\":\"double\",\"attributes\":{},\"value\":[2366.10950767]},{\"type\":\"integer\",\"attributes\":{\"tsp\":{\"type\":\"double\",\"attributes\":{},\"value\":[1,372,1]},\"class\":{\"type\":\"character\",\"attributes\":{},\"value\":[\"ts\"]}},\"value\":[0,0,0,0,0,0,0,0,0,1,3,1,2,3,2,1,0,0,2,1,2,9,8,5,6,\"NA\",10,8,6,19,41,45,31,\"NA\",34,25,25,15,17,21,\"NA\",11,16,30,39,53,45,37,30,20,23,\"NA\",25,33,28,39,\"NA\",\"NA\",8,20,31,37,40,57,\"NA\",\"NA\",50,63,74,\"NA\",62,49,\"NA\",33,31,\"NA\",\"NA\",17,21,28,\"NA\",\"NA\",81,87,78,80,\"NA\",\"NA\",63,53,54,88,95,95,\"NA\",27,100,110,105,77,109,106,97,116,136,107,108,91,83,63,58,52,45,39,39,\"NA\",27,\"NA\",\"NA\",44,43,48,\"NA\",45,39,\"NA\",\"NA\",25,\"NA\",43,62,80,99,99,96,60,64,58,55,58,47,56,\"NA\",77,\"NA\",29,59,78,102,\"NA\",99,90,113,197,231,248,\"NA\",186,141,134,81,67,61,60,62,61,63,70,20,41,44,39,31,24,22,21,18,37,50,56,36,24,14,11,10,6,3,4,6,1,2,\"NA\",2,\"NA\",2,\"NA\",0,\"NA\",1,0,0,1,1,\"NA\",1,1,0,1,2,\"NA\",\"NA\",4,4,5,5,\"NA\",10,29,26,25,18,12,13,9,10,11,7,15,\"NA\",14,\"NA\",13,\"NA\",16,\"NA\",16,10,12,10,17,15,26,14,28,28,24,25,\"NA\",13,18,15,11,11,18,12,14,14,16,15,\"NA\",\"NA\",3,2,\"NA\",4,6,4,6,6,5,5,\"NA\",\"NA\",1,2,1,2,5,2,\"NA\",8,6,5,6,\"NA\",\"NA\",\"NA\",6,3,2,6,6,3,5,5,4,\"NA\",\"NA\",\"NA\",3,4,3,5,3,3,3,9,8,8,3,7,\"NA\",\"NA\",\"NA\",\"NA\",\"NA\",\"NA\",\"NA\",\"NA\",\"NA\",\"NA\",\"NA\",\"NA\",\"NA\",\"NA\",\"NA\",\"NA\",25,\"NA\",\"NA\",\"NA\",15,16,22,18,10,20,23,\"NA\",\"NA\",56,56,47,40,37,\"NA\",37,19,35,36,50,90,98,\"NA\",\"NA\",73,56,\"NA\",29,\"NA\",15,16,13,10,9,\"NA\",13,21,8,\"NA\",3,\"NA\"]},{\"type\":\"double\",\"attributes\":{\"tsp\":{\"type\":\"double\",\"attributes\":{},\"value\":[1,372,1]},\"class\":{\"type\":\"character\",\"attributes\":{},\"value\":[\"ts\"]}},\"value\":[0,0,0,0,0,0,0,0,0,0,1,3,1,2,3,2,1,0,0,2,1,2,9,8,5,\"NA\",7.17157288,10,8,6,19,41,45,\"NA\",31.87867966,34,25,25,15,17,\"NA\",18.07106781,11,16,30,39,53,45,37,30,20,\"NA\",23.58578644,25,33,28,\"NA\",\"NA\",25.89785834,8,20,31,37,40,\"NA\",\"NA\",54.04145188,50,63,\"NA\",70.48528137,62,\"NA\",44.3137085,33,\"NA\",\"NA\",25.08290377,17,21,\"NA\",\"NA\",50.40043573,81,87,78,\"NA\",\"NA\",72.81495458,63,53,54,88,95,\"NA\",75.08326112,27,100,110,105,77,109,106,97,116,136,107,108,91,83,63,58,52,45,39,\"NA\",35.48528137,\"NA\",\"NA\",34.18504542,44,43,\"NA\",47.12132034,45,\"NA\",\"NA\",33.08290377,\"NA\",30.27207794,43,62,80,99,99,96,60,64,58,55,58,47,\"NA\",62.1507576,\"NA\",62.9411255,29,59,78,\"NA\",101.12132034,99,90,113,197,231,\"NA\",229.84062043,186,141,134,81,67,61,60,62,61,63,70,20,41,44,39,31,24,22,21,18,37,50,56,36,24,14,11,10,6,3,4,6,1,\"NA\",2,\"NA\",2,\"NA\",1.41421356,\"NA\",0.29289322,1,0,0,1,\"NA\",1,1,1,0,1,\"NA\",\"NA\",2.84529946,4,4,5,\"NA\",6.46446609,10,29,26,25,18,12,13,9,10,11,7,\"NA\",14.70710678,\"NA\",13.70710678,\"NA\",13.87867966,\"NA\",16,16,10,12,10,17,15,26,14,28,28,24,\"NA\",21.48528137,13,18,15,11,11,18,12,14,14,16,\"NA\",\"NA\",9.92820323,3,\"NA\",2.58578644,4,6,4,6,6,5,\"NA\",\"NA\",3.30940108,1,2,1,2,5,\"NA\",3.75735931,8,6,5,\"NA\",\"NA\",\"NA\",6,6,3,2,6,6,3,5,5,\"NA\",\"NA\",\"NA\",3.5,3,4,3,5,3,3,3,9,8,8,3,\"NA\",\"NA\",\"NA\",\"NA\",\"NA\",\"NA\",\"NA\",\"NA\",\"NA\",\"NA\",\"NA\",\"NA\",\"NA\",\"NA\",\"NA\",\"NA\",20.63435875,\"NA\",\"NA\",\"NA\",20,15,16,22,18,10,20,\"NA\",\"NA\",36.94744112,56,56,47,40,\"NA\",37,37,19,35,36,50,90,\"NA\",\"NA\",87.43375673,73,\"NA\",48.09188309,\"NA\",24.89949494,15,16,13,10,\"NA\",10.17157288,13,21,\"NA\",6.53553391,\"NA\"]}]},{\"type\":\"double\",\"attributes\":{},\"value\":[95]},{\"type\":\"double\",\"attributes\":{\"tsp\":{\"type\":\"double\",\"attributes\":{},\"value\":[373,385,1]},\"class\":{\"type\":\"character\",\"attributes\":{},\"value\":[\"ts\"]}},\"value\":[3,3,3,3,3,3,3,3,3,3,3,3,3]},{\"type\":\"double\",\"attributes\":{\"dim\":{\"type\":\"integer\",\"attributes\":{},\"value\":[13,1]},\"dimnames\":{\"type\":\"list\",\"attributes\":{},\"value\":[{\"type\":\"NULL\"},{\"type\":\"character\",\"attributes\":{},\"value\":[\"95%\"]}]},\"tsp\":{\"type\":\"double\",\"attributes\":{},\"value\":[373,385,1]},\"class\":{\"type\":\"character\",\"attributes\":{},\"value\":[\"ts\"]}},\"value\":[-34.00644812,-42.32345755,-49.33502083,-55.51233209,-61.09704836,-66.23272499,-71.01289624,-75.50253124,-79.74893361,-83.78781374,-87.64691509,-91.34830055,-94.90985864]},{\"type\":\"double\",\"attributes\":{\"dim\":{\"type\":\"integer\",\"attributes\":{},\"value\":[13,1]},\"dimnames\":{\"type\":\"list\",\"attributes\":{},\"value\":[{\"type\":\"NULL\"},{\"type\":\"character\",\"attributes\":{},\"value\":[\"95%\"]}]},\"tsp\":{\"type\":\"double\",\"attributes\":{},\"value\":[373,385,1]},\"class\":{\"type\":\"character\",\"attributes\":{},\"value\":[\"ts\"]}},\"value\":[40.00644812,48.32345755,55.33502083,61.51233209,67.09704836,72.23272499,77.01289624,81.50253124,85.74893361,89.78781374,93.64691509,97.34830055,100.90985864]},{\"type\":\"integer\",\"attributes\":{\"tsp\":{\"type\":\"double\",\"attributes\":{},\"value\":[1,372,1]},\"class\":{\"type\":\"character\",\"attributes\":{},\"value\":[\"ts\"]}},\"value\":[0,0,0,0,0,0,0,0,0,1,3,1,2,3,2,1,0,0,2,1,2,9,8,5,6,\"NA\",10,8,6,19,41,45,31,\"NA\",34,25,25,15,17,21,\"NA\",11,16,30,39,53,45,37,30,20,23,\"NA\",25,33,28,39,\"NA\",\"NA\",8,20,31,37,40,57,\"NA\",\"NA\",50,63,74,\"NA\",62,49,\"NA\",33,31,\"NA\",\"NA\",17,21,28,\"NA\",\"NA\",81,87,78,80,\"NA\",\"NA\",63,53,54,88,95,95,\"NA\",27,100,110,105,77,109,106,97,116,136,107,108,91,83,63,58,52,45,39,39,\"NA\",27,\"NA\",\"NA\",44,43,48,\"NA\",45,39,\"NA\",\"NA\",25,\"NA\",43,62,80,99,99,96,60,64,58,55,58,47,56,\"NA\",77,\"NA\",29,59,78,102,\"NA\",99,90,113,197,231,248,\"NA\",186,141,134,81,67,61,60,62,61,63,70,20,41,44,39,31,24,22,21,18,37,50,56,36,24,14,11,10,6,3,4,6,1,2,\"NA\",2,\"NA\",2,\"NA\",0,\"NA\",1,0,0,1,1,\"NA\",1,1,0,1,2,\"NA\",\"NA\",4,4,5,5,\"NA\",10,29,26,25,18,12,13,9,10,11,7,15,\"NA\",14,\"NA\",13,\"NA\",16,\"NA\",16,10,12,10,17,15,26,14,28,28,24,25,\"NA\",13,18,15,11,11,18,12,14,14,16,15,\"NA\",\"NA\",3,2,\"NA\",4,6,4,6,6,5,5,\"NA\",\"NA\",1,2,1,2,5,2,\"NA\",8,6,5,6,\"NA\",\"NA\",\"NA\",6,3,2,6,6,3,5,5,4,\"NA\",\"NA\",\"NA\",3,4,3,5,3,3,3,9,8,8,3,7,\"NA\",\"NA\",\"NA\",\"NA\",\"NA\",\"NA\",\"NA\",\"NA\",\"NA\",\"NA\",\"NA\",\"NA\",\"NA\",\"NA\",\"NA\",\"NA\",25,\"NA\",\"NA\",\"NA\",15,16,22,18,10,20,23,\"NA\",\"NA\",56,56,47,40,37,\"NA\",37,19,35,36,50,90,98,\"NA\",\"NA\",73,56,\"NA\",29,\"NA\",15,16,13,10,9,\"NA\",13,21,8,\"NA\",3,\"NA\"]},{\"type\":\"character\",\"attributes\":{},\"value\":[\"c(0L, 0L, 0L, 0L, 0L, 0L, 0L, 0L, 0L, 1L, 3L, 1L, 2L, 3L, 2L, \",\"1L, 0L, 0L, 2L, 1L, 2L, 9L, 8L, 5L, 6L, NA, 10L, 8L, 6L, 19L, \",\"41L, 45L, 31L, NA, 34L, 25L, 25L, 15L, 17L, 21L, NA, 11L, 16L, \",\"30L, 39L, 53L, 45L, 37L, 30L, 20L, 23L, NA, 25L, 33L, 28L, 39L, \",\"NA, NA, 8L, 20L, 31L, 37L, 40L, 57L, NA, NA, 50L, 63L, 74L, NA, \",\"62L, 49L, NA, 33L, 31L, NA, NA, 17L, 21L, 28L, NA, NA, 81L, 87L, \",\"78L, 80L, NA, NA, 63L, 53L, 54L, 88L, 95L, 95L, NA, 27L, 100L, \",\"110L, 105L, 77L, 109L, 106L, 97L, 116L, 136L, 107L, 108L, 91L, \",\"83L, 63L, 58L, 52L, 45L, 39L, 39L, NA, 27L, NA, NA, 44L, 43L, \",\"48L, NA, 45L, 39L, NA, NA, 25L, NA, 43L, 62L, 80L, 99L, 99L, \",\"96L, 60L, 64L, 58L, 55L, 58L, 47L, 56L, NA, 77L, NA, 29L, 59L, \",\"78L, 102L, NA, 99L, 90L, 113L, 197L, 231L, 248L, NA, 186L, 141L, \",\"134L, 81L, 67L, 61L, 60L, 62L, 61L, 63L, 70L, 20L, 41L, 44L, \",\"39L, 31L, 24L, 22L, 21L, 18L, 37L, 50L, 56L, 36L, 24L, 14L, 11L, \",\"10L, 6L, 3L, 4L, 6L, 1L, 2L, NA, 2L, NA, 2L, NA, 0L, NA, 1L, \",\"0L, 0L, 1L, 1L, NA, 1L, 1L, 0L, 1L, 2L, NA, NA, 4L, 4L, 5L, 5L, \",\"NA, 10L, 29L, 26L, 25L, 18L, 12L, 13L, 9L, 10L, 11L, 7L, 15L, \",\"NA, 14L, NA, 13L, NA, 16L, NA, 16L, 10L, 12L, 10L, 17L, 15L, \",\"26L, 14L, 28L, 28L, 24L, 25L, NA, 13L, 18L, 15L, 11L, 11L, 18L, \",\"12L, 14L, 14L, 16L, 15L, NA, NA, 3L, 2L, NA, 4L, 6L, 4L, 6L, \",\"6L, 5L, 5L, NA, NA, 1L, 2L, 1L, 2L, 5L, 2L, NA, 8L, 6L, 5L, 6L, \",\"NA, NA, NA, 6L, 3L, 2L, 6L, 6L, 3L, 5L, 5L, 4L, NA, NA, NA, 3L, \",\"4L, 3L, 5L, 3L, 3L, 3L, 9L, 8L, 8L, 3L, 7L, NA, NA, NA, NA, NA, \",\"NA, NA, NA, NA, NA, NA, NA, NA, NA, NA, NA, 25L, NA, NA, NA, \",\"15L, 16L, 22L, 18L, 10L, 20L, 23L, NA, NA, 56L, 56L, 47L, 40L, \",\"37L, NA, 37L, 19L, 35L, 36L, 50L, 90L, 98L, NA, NA, 73L, 56L, \",\"NA, 29L, NA, 15L, 16L, 13L, 10L, 9L, NA, 13L, 21L, 8L, NA, 3L, \",\"NA)\"]},{\"type\":\"double\",\"attributes\":{\"tsp\":{\"type\":\"double\",\"attributes\":{},\"value\":[1,372,1]},\"class\":{\"type\":\"character\",\"attributes\":{},\"value\":[\"ts\"]}},\"value\":[0,0,0,0,0,0,0,0,0,0,1,3,1,2,3,2,1,0,0,2,1,2,9,8,5,\"NA\",7.17157288,10,8,6,19,41,45,\"NA\",31.87867966,34,25,25,15,17,\"NA\",18.07106781,11,16,30,39,53,45,37,30,20,\"NA\",23.58578644,25,33,28,\"NA\",\"NA\",25.89785834,8,20,31,37,40,\"NA\",\"NA\",54.04145188,50,63,\"NA\",70.48528137,62,\"NA\",44.3137085,33,\"NA\",\"NA\",25.08290377,17,21,\"NA\",\"NA\",50.40043573,81,87,78,\"NA\",\"NA\",72.81495458,63,53,54,88,95,\"NA\",75.08326112,27,100,110,105,77,109,106,97,116,136,107,108,91,83,63,58,52,45,39,\"NA\",35.48528137,\"NA\",\"NA\",34.18504542,44,43,\"NA\",47.12132034,45,\"NA\",\"NA\",33.08290377,\"NA\",30.27207794,43,62,80,99,99,96,60,64,58,55,58,47,\"NA\",62.1507576,\"NA\",62.9411255,29,59,78,\"NA\",101.12132034,99,90,113,197,231,\"NA\",229.84062043,186,141,134,81,67,61,60,62,61,63,70,20,41,44,39,31,24,22,21,18,37,50,56,36,24,14,11,10,6,3,4,6,1,\"NA\",2,\"NA\",2,\"NA\",1.41421356,\"NA\",0.29289322,1,0,0,1,\"NA\",1,1,1,0,1,\"NA\",\"NA\",2.84529946,4,4,5,\"NA\",6.46446609,10,29,26,25,18,12,13,9,10,11,7,\"NA\",14.70710678,\"NA\",13.70710678,\"NA\",13.87867966,\"NA\",16,16,10,12,10,17,15,26,14,28,28,24,\"NA\",21.48528137,13,18,15,11,11,18,12,14,14,16,\"NA\",\"NA\",9.92820323,3,\"NA\",2.58578644,4,6,4,6,6,5,\"NA\",\"NA\",3.30940108,1,2,1,2,5,\"NA\",3.75735931,8,6,5,\"NA\",\"NA\",\"NA\",6,6,3,2,6,6,3,5,5,\"NA\",\"NA\",\"NA\",3.5,3,4,3,5,3,3,3,9,8,8,3,\"NA\",\"NA\",\"NA\",\"NA\",\"NA\",\"NA\",\"NA\",\"NA\",\"NA\",\"NA\",\"NA\",\"NA\",\"NA\",\"NA\",\"NA\",\"NA\",20.63435875,\"NA\",\"NA\",\"NA\",20,15,16,22,18,10,20,\"NA\",\"NA\",36.94744112,56,56,47,40,\"NA\",37,37,19,35,36,50,90,\"NA\",\"NA\",87.43375673,73,\"NA\",48.09188309,\"NA\",24.89949494,15,16,13,10,\"NA\",10.17157288,13,21,\"NA\",6.53553391,\"NA\"]},{\"type\":\"double\",\"attributes\":{\"tsp\":{\"type\":\"double\",\"attributes\":{},\"value\":[1,372,1]},\"class\":{\"type\":\"character\",\"attributes\":{},\"value\":[\"ts\"]}},\"value\":[0,0,0,0,0,0,0,0,0,1,2,-2,1,1,-1,-1,-1,0,2,-1,1,7,-1,-3,1,\"NA\",2.82842712,-2,-2,13,22,4,-14,\"NA\",2.12132034,-9,0,-10,2,4,\"NA\",-7.07106781,5,14,9,14,-8,-8,-7,-10,3,\"NA\",1.41421356,8,-5,11,\"NA\",\"NA\",-17.89785834,12,11,6,3,17,\"NA\",\"NA\",-4.04145188,13,11,\"NA\",-8.48528137,-13,\"NA\",-11.3137085,-2,\"NA\",\"NA\",-8.08290377,4,7,\"NA\",\"NA\",30.59956427,6,-9,2,\"NA\",\"NA\",-9.81495458,-10,1,34,7,0,\"NA\",-48.08326112,73,10,-5,-28,32,-3,-9,19,20,-29,1,-17,-8,-20,-5,-6,-7,-6,0,\"NA\",-8.48528137,\"NA\",\"NA\",9.81495458,-1,5,\"NA\",-2.12132034,-6,\"NA\",\"NA\",-8.08290377,\"NA\",12.72792206,19,18,19,0,-3,-36,4,-6,-3,3,-11,9,\"NA\",14.8492424,\"NA\",-33.9411255,30,19,24,\"NA\",-2.12132034,-9,23,84,34,17,\"NA\",-43.84062043,-45,-7,-53,-14,-6,-1,2,-1,2,7,-50,21,3,-5,-8,-7,-2,-1,-3,19,13,6,-20,-12,-10,-3,-1,-4,-3,1,2,-5,1,\"NA\",0,\"NA\",0,\"NA\",-1.41421356,\"NA\",0.70710678,-1,0,1,0,\"NA\",0,0,-1,1,1,\"NA\",\"NA\",1.15470054,4.4408921e-16,1,0,\"NA\",3.53553391,19,-3,-1,-7,-6,1,-4,1,1,-4,8,\"NA\",-0.70710678,\"NA\",-0.70710678,\"NA\",2.12132034,\"NA\",0,-6,2,-2,7,-2,11,-12,14,0,-4,1,\"NA\",-8.48528137,5,-3,-4,0,7,-6,2,0,2,-1,\"NA\",\"NA\",-6.92820323,-1,\"NA\",1.41421356,2,-2,2,0,-1,0,\"NA\",\"NA\",-2.30940108,1,-1,1,3,-3,\"NA\",4.24264069,-2,-1,1,\"NA\",\"NA\",\"NA\",0,-3,-1,4,0,-3,2,0,-1,\"NA\",\"NA\",\"NA\",-0.5,1,-1,2,-2,0,0,6,-1,0,-5,4,\"NA\",\"NA\",\"NA\",\"NA\",\"NA\",\"NA\",\"NA\",\"NA\",\"NA\",\"NA\",\"NA\",\"NA\",\"NA\",\"NA\",\"NA\",\"NA\",4.36564125,\"NA\",\"NA\",\"NA\",-5,1,6,-4,-8,10,3,\"NA\",\"NA\",19.05255888,0,-9,-7,-3,\"NA\",0,-18,16,1,14,40,8,\"NA\",\"NA\",-14.43375673,-17,\"NA\",-19.09188309,\"NA\",-9.89949494,1,-3,-3,-1,\"NA\",2.82842712,8,-13,\"NA\",-3.53553391,\"NA\"]}]}"]
