["{\"type\":\"list\",\"attributes\":{\"names\":{\"type\":\"character\",\"attributes\":{},\"value\":[\"method\",\"model\",\"level\",\"mean\",\"lower\",\"upper\",\"x\",\"series\",\"fitted\",\"residuals\"]},\"class\":{\"type\":\"character\",\"attributes\":{},\"value\":[\"forecast\"]}},\"value\":[{\"type\":\"character\",\"attributes\":{},\"value\":[\"ARIMA(1,1,0)\"]},{\"type\":\"list\",\"attributes\":{\"names\":{\"type\":\"character\",\"attributes\":{},\"value\":[\"coef\",\"sigma2\",\"var.coef\",\"mask\",\"loglik\",\"aic\",\"arma\",\"residuals\",\"call\",\"series\",\"code\",\"n.cond\",\"nobs\",\"model\",\"bic\",\"aicc\",\"x\",\"fitted\"]},\"class\":{\"type\":\"character\",\"attributes\":{},\"value\":[\"forecast_ARIMA\",\"ARIMA\",\"Arima\"]}},\"value\":[{\"type\":\"double\",\"attributes\":{\"names\":{\"type\":\"character\",\"attributes\":{},\"value\":[\"ar1\"]}},\"value\":[-0.51682025]},{\"type\":\"double\",\"attributes\":{},\"value\":[1.44513639]},{\"type\":\"double\",\"attributes\":{\"dim\":{\"type\":\"integer\",\"attributes\":{},\"value\":[1,1]},\"dimnames\":{\"type\":\"list\",\"attributes\":{},\"value\":[{\"type\":\"character\",\"attributes\":{},\"value\":[\"ar1\"]},{\"type\":\"character\",\"attributes\":{},\"value\":[\"ar1\"]}]}},\"value\":[0.00235308]},{\"type\":\"logical\",\"attributes\":{},\"value\":[true]},{\"type\":\"double\",\"attributes\":{},\"value\":[-475.96239448]},{\"type\":\"double\",\"attributes\":{},\"value\":[955.92478897]},{\"type\":\"integer\",\"attributes\":{},\"value\":[1,0,0,0,1,1,0]},{\"type\":\"double\",\"attributes\":{\"tsp\":{\"type\":\"double\",\"attributes\":{},\"value\":[1,372,1]},\"class\":{\"type\":\"character\",\"attributes\":{},\"value\":[\"ts\"]}},\"value\":[0,0,1,1.51682025,-0.48317975,-1.51682025,0.48317975,2.51682025,0.03364049,5.48317975,6.10092147,-3.44953926,-3.58410123,-0.51682025,2,-4.96635951,3.89907853,-2.38225828,1.89907853,1.58410123,-4.51682025,2.93271902,1.58410123,0.48317975,-4.48317975,\"NA\",0.67657606,1.40166667,0.03364049,-2.51682025,-0.03364049,1.51682025,-0.48317975,\"NA\",-1.12524916,-2.2946325,-2.03364049,-0.51682025,5.73785736e-17,-6.37030135e-33,\"NA\",-1.31885867e-64,-4.17479649e-65,1.272203e-82,-2.18693353e-81,1,-0.48317975,-0.51682025,1.18834025e-32,6.14158297e-33,-1.41215254e-64,\"NA\",-3.17516905e-65,-2.77249079e-65,7.53206499e-82,-7.3706941e-82,\"NA\",\"NA\",-1.31007934e-113,-4.34250221e-114,0,0,0,0,\"NA\",\"NA\",0,0,0,\"NA\",0,0,\"NA\",0,0,\"NA\",\"NA\",0.74610514,0.24731046,0,\"NA\",\"NA\",0.74610514,-0.65689237,3.48317975,-2.93271902,\"NA\",\"NA\",-1.44655388,1.65146611,1.03364049,-1,-1.51682025,0.48317975,\"NA\",-0.67555709,0.81795293,0.51682025,2.22044605e-16,-1,-0.51682025,2,-0.96635951,-1.03364049,3,-0.44953926,-0.03364049,-0.48317975,-0.51682025,-1,-0.51682025,-1.18834025e-32,-6.14158297e-33,-1.41215254e-64,-7.29829022e-65,\"NA\",-1.51098242e-96,\"NA\",\"NA\",-2.85778304e-97,-2.99921696e-98,1.34313956e-113,\"NA\",0,0,\"NA\",\"NA\",0,\"NA\",0,0,0,0,1,2.51682025,-1.96635951,-1.55046074,0,1,2.51682025,-0.96635951,-1.03364049,\"NA\",0,\"NA\",-0.88249931,-0.25033385,0,0,\"NA\",0,1.81328252,-0.96635951,-0.03364049,-0.48317975,0.48317975,\"NA\",2.02565229,-0.14027212,2.48317975,-3.44953926,-2.58410123,5.94170123e-32,3.07079149e-32,-7.0607627e-64,3,1.55046074,2,-2.96635951,-3.06728098,0.48317975,-0.48317975,0.48317975,-0.48317975,-0.51682025,-1.18834025e-32,-6.14158297e-33,-1.41215254e-64,-7.29829022e-65,-1.6781177e-96,-8.67285199e-97,-1.9941748e-128,-1.03062991e-128,-2.36975817e-160,-1.224739e-160,-2.816079e-192,-1.45540664e-192,-3.34646002e-224,-1.72951829e-224,-3.97673312e-256,-2.05525618e-256,\"NA\",-4.25504587e-288,\"NA\",-6.33474183e-289,\"NA\",0.87958383,\"NA\",-0.76241979,-0.14621547,0,1,0.51682025,\"NA\",-0.90040313,-0.28501915,1.86742234e-18,-1.38620826e-17,1,\"NA\",\"NA\",0.28931078,1.83979357,2.03364049,-2.48317975,\"NA\",-0.67453812,-1.49563375,1.48317975,-0.96635951,-1.03364049,2.37668049e-32,1.22831659e-32,-2.82430508e-64,-1.45965804e-64,2,-0.96635951,-1.03364049,\"NA\",0.90040313,\"NA\",-0.7484509,\"NA\",-0.06531827,\"NA\",-0.02610347,-0.02186808,0,0,0,0,0,0,0,0,0,0,\"NA\",0,0.90664126,-0.48317975,-0.51682025,-1.23120026e-32,1,-0.48317975,-0.51682025,-1.18834025e-32,-6.14158297e-33,-1.41215254e-64,\"NA\",\"NA\",-4.08550947e-65,-4.4324519e-66,\"NA\",0,0,0,0,0,0,0,\"NA\",\"NA\",0,0,0,0,0,0,\"NA\",0,0,0,0,\"NA\",\"NA\",\"NA\",0,0,0,0,0,0,0,0,0,\"NA\",\"NA\",\"NA\",0,0,0,0,0,0,0,0,0,0,0,0,\"NA\",\"NA\",\"NA\",\"NA\",\"NA\",\"NA\",\"NA\",\"NA\",\"NA\",\"NA\",\"NA\",\"NA\",\"NA\",\"NA\",\"NA\",\"NA\",0,\"NA\",\"NA\",\"NA\",0,0,0,0,0,0,0,\"NA\",\"NA\",0,0,0,0,0,\"NA\",0,0,0,0,0,1,-0.48317975,\"NA\",\"NA\",-0.28931078,-0.03138791,\"NA\",6.24073123e-18,\"NA\",2.56286874e-18,2.1611467e-18,0,0,0,\"NA\",0,0,0,\"NA\",0,\"NA\"]},{\"type\":\"language\",\"attributes\":{},\"value\":[\"auto.arima(y = c(0L, 0L, 1L, 2L, 1L, 0L, 1L, 3L, 2L, 8L, 11L, \",\"6L, 5L, 5L, 7L, 1L, 8L, 2L, 7L, 6L, 2L, 7L, 6L, 7L, 2L, NA, 4L, \",\"6L, 5L, 3L, 4L, 5L, 4L, NA, 3L, 1L, 0L, 0L, 0L, 0L, NA, 0L, 0L, \",\"0L, 0L, 1L, 0L, 0L, 0L, 0L, 0L, NA, 0L, 0L, 0L, 0L, NA, NA, 0L, \",\"0L, 0L, 0L, 0L, 0L, NA, NA, 0L, 0L, 0L, NA, 0L, 0L, NA, 0L, 0L, \",\"NA, NA, 1L, 1L, 1L, NA, NA, 2L, 1L, 5L, 0L, NA, NA, 0L, 2L, 2L, \",\"1L, 0L, 1L, NA, 0L, 1L, 1L, 1L, 0L, 0L, 2L, 0L, 0L, 3L, 1L, 2L, \",\"1L, 1L, 0L, 0L, 0L, 0L, 0L, 0L, NA, 0L, NA, NA, 0L, 0L, 0L, NA, \",\"0L, 0L, NA, NA, 0L, NA, 0L, 0L, 0L, 0L, 1L, 3L, 0L, 0L, 0L, 1L, \",\"3L, 1L, 1L, NA, 1L, NA, 0L, 0L, 0L, 0L, NA, 0L, 2L, 0L, 1L, 0L, \",\"1L, NA, 3L, 2L, 5L, 0L, 0L, 0L, 0L, 0L, 3L, 3L, 5L, 1L, 0L, 1L, \",\"0L, 1L, 0L, 0L, 0L, 0L, 0L, 0L, 0L, 0L, 0L, 0L, 0L, 0L, 0L, 0L, \",\"0L, 0L, 0L, 0L, NA, 0L, NA, 0L, NA, 1L, NA, 0L, 0L, 0L, 1L, 1L, \",\"NA, 0L, 0L, 0L, 0L, 1L, NA, NA, 1L, 3L, 4L, 1L, NA, 1L, 0L, 2L, \",\"0L, 0L, 0L, 0L, 0L, 0L, 2L, 0L, 0L, NA, 1L, NA, 0L, NA, 0L, NA, \",\"0L, 0L, 0L, 0L, 0L, 0L, 0L, 0L, 0L, 0L, 0L, 0L, NA, 0L, 1L, 0L, \",\"0L, 0L, 1L, 0L, 0L, 0L, 0L, 0L, NA, NA, 0L, 0L, NA, 0L, 0L, 0L, \",\"0L, 0L, 0L, 0L, NA, NA, 0L, 0L, 0L, 0L, 0L, 0L, NA, 0L, 0L, 0L, \",\"0L, NA, NA, NA, 0L, 0L, 0L, 0L, 0L, 0L, 0L, 0L, 0L, NA, NA, NA, \",\"0L, 0L, 0L, 0L, 0L, 0L, 0L, 0L, 0L, 0L, 0L, 0L, NA, NA, NA, NA, \",\"NA, NA, NA, NA, NA, NA, NA, NA, NA, NA, NA, NA, 0L, NA, NA, NA, \",\"0L, 0L, 0L, 0L, 0L, 0L, 0L, NA, NA, 0L, 0L, 0L, 0L, 0L, NA, 0L, \",\"0L, 0L, 0L, 0L, 1L, 0L, NA, NA, 0L, 0L, NA, 0L, NA, 0L, 0L, 0L, \",\"0L, 0L, NA, 0L, 0L, 0L, NA, 0L, NA), x = structure(list(x = structure(c(0L, \",\"0L, 1L, 2L, 1L, 0L, 1L, 3L, 2L, 8L, 11L, 6L, 5L, 5L, 7L, 1L, \",\"8L, 2L, 7L, 6L, 2L, 7L, 6L, 7L, 2L, NA, 4L, 6L, 5L, 3L, 4L, 5L, \",\"4L, NA, 3L, 1L, 0L, 0L, 0L, 0L, NA, 0L, 0L, 0L, 0L, 1L, 0L, 0L, \",\"0L, 0L, 0L, NA, 0L, 0L, 0L, 0L, NA, NA, 0L, 0L, 0L, 0L, 0L, 0L, \",\"NA, NA, 0L, 0L, 0L, NA, 0L, 0L, NA, 0L, 0L, NA, NA, 1L, 1L, 1L, \",\"NA, NA, 2L, 1L, 5L, 0L, NA, NA, 0L, 2L, 2L, 1L, 0L, 1L, NA, 0L, \",\"1L, 1L, 1L, 0L, 0L, 2L, 0L, 0L, 3L, 1L, 2L, 1L, 1L, 0L, 0L, 0L, \",\"0L, 0L, 0L, NA, 0L, NA, NA, 0L, 0L, 0L, NA, 0L, 0L, NA, NA, 0L, \",\"NA, 0L, 0L, 0L, 0L, 1L, 3L, 0L, 0L, 0L, 1L, 3L, 1L, 1L, NA, 1L, \",\"NA, 0L, 0L, 0L, 0L, NA, 0L, 2L, 0L, 1L, 0L, 1L, NA, 3L, 2L, 5L, \",\"0L, 0L, 0L, 0L, 0L, 3L, 3L, 5L, 1L, 0L, 1L, 0L, 1L, 0L, 0L, 0L, \",\"0L, 0L, 0L, 0L, 0L, 0L, 0L, 0L, 0L, 0L, 0L, 0L, 0L, 0L, 0L, NA, \",\"0L, NA, 0L, NA, 1L, NA, 0L, 0L, 0L, 1L, 1L, NA, 0L, 0L, 0L, 0L, \",\"1L, NA, NA, 1L, 3L, 4L, 1L, NA, 1L, 0L, 2L, 0L, 0L, 0L, 0L, 0L, \",\"0L, 2L, 0L, 0L, NA, 1L, NA, 0L, NA, 0L, NA, 0L, 0L, 0L, 0L, 0L, \",\"0L, 0L, 0L, 0L, 0L, 0L, 0L, NA, 0L, 1L, 0L, 0L, 0L, 1L, 0L, 0L, \",\"0L, 0L, 0L, NA, NA, 0L, 0L, NA, 0L, 0L, 0L, 0L, 0L, 0L, 0L, NA, \",\"NA, 0L, 0L, 0L, 0L, 0L, 0L, NA, 0L, 0L, 0L, 0L, NA, NA, NA, 0L, \",\"0L, 0L, 0L, 0L, 0L, 0L, 0L, 0L, NA, NA, NA, 0L, 0L, 0L, 0L, 0L, \",\"0L, 0L, 0L, 0L, 0L, 0L, 0L, NA, NA, NA, NA, NA, NA, NA, NA, NA, \",\"NA, NA, NA, NA, NA, NA, NA, 0L, NA, NA, NA, 0L, 0L, 0L, 0L, 0L, \",\"0L, 0L, NA, NA, 0L, 0L, 0L, 0L, 0L, NA, 0L, 0L, 0L, 0L, 0L, 1L, \",\"0L, NA, NA, 0L, 0L, NA, 0L, NA, 0L, 0L, 0L, 0L, 0L, NA, 0L, 0L, \",\"0L, NA, 0L, NA), tsp = c(1, 372, 1), class = \\\"ts\\\")), class = \\\"data.frame\\\", row.names = c(NA, \",\"-372L)))\"]},{\"type\":\"character\",\"attributes\":{},\"value\":[\"c(0L, 0L, 1L, 2L, 1L, 0L, 1L, 3L, 2L, 8L, 11L, 6L, 5L, 5L, 7L, \",\"1L, 8L, 2L, 7L, 6L, 2L, 7L, 6L, 7L, 2L, NA, 4L, 6L, 5L, 3L, 4L, \",\"5L, 4L, NA, 3L, 1L, 0L, 0L, 0L, 0L, NA, 0L, 0L, 0L, 0L, 1L, 0L, \",\"0L, 0L, 0L, 0L, NA, 0L, 0L, 0L, 0L, NA, NA, 0L, 0L, 0L, 0L, 0L, \",\"0L, NA, NA, 0L, 0L, 0L, NA, 0L, 0L, NA, 0L, 0L, NA, NA, 1L, 1L, \",\"1L, NA, NA, 2L, 1L, 5L, 0L, NA, NA, 0L, 2L, 2L, 1L, 0L, 1L, NA, \",\"0L, 1L, 1L, 1L, 0L, 0L, 2L, 0L, 0L, 3L, 1L, 2L, 1L, 1L, 0L, 0L, \",\"0L, 0L, 0L, 0L, NA, 0L, NA, NA, 0L, 0L, 0L, NA, 0L, 0L, NA, NA, \",\"0L, NA, 0L, 0L, 0L, 0L, 1L, 3L, 0L, 0L, 0L, 1L, 3L, 1L, 1L, NA, \",\"1L, NA, 0L, 0L, 0L, 0L, NA, 0L, 2L, 0L, 1L, 0L, 1L, NA, 3L, 2L, \",\"5L, 0L, 0L, 0L, 0L, 0L, 3L, 3L, 5L, 1L, 0L, 1L, 0L, 1L, 0L, 0L, \",\"0L, 0L, 0L, 0L, 0L, 0L, 0L, 0L, 0L, 0L, 0L, 0L, 0L, 0L, 0L, 0L, \",\"NA, 0L, NA, 0L, NA, 1L, NA, 0L, 0L, 0L, 1L, 1L, NA, 0L, 0L, 0L, \",\"0L, 1L, NA, NA, 1L, 3L, 4L, 1L, NA, 1L, 0L, 2L, 0L, 0L, 0L, 0L, \",\"0L, 0L, 2L, 0L, 0L, NA, 1L, NA, 0L, NA, 0L, NA, 0L, 0L, 0L, 0L, \",\"0L, 0L, 0L, 0L, 0L, 0L, 0L, 0L, NA, 0L, 1L, 0L, 0L, 0L, 1L, 0L, \",\"0L, 0L, 0L, 0L, NA, NA, 0L, 0L, NA, 0L, 0L, 0L, 0L, 0L, 0L, 0L, \",\"NA, NA, 0L, 0L, 0L, 0L, 0L, 0L, NA, 0L, 0L, 0L, 0L, NA, NA, NA, \",\"0L, 0L, 0L, 0L, 0L, 0L, 0L, 0L, 0L, NA, NA, NA, 0L, 0L, 0L, 0L, \",\"0L, 0L, 0L, 0L, 0L, 0L, 0L, 0L, NA, NA, NA, NA, NA, NA, NA, NA, \",\"NA, NA, NA, NA, NA, NA, NA, NA, 0L, NA, NA, NA, 0L, 0L, 0L, 0L, \",\"0L, 0L, 0L, NA, NA, 0L, 0L, 0L, 0L, 0L, NA, 0L, 0L, 0L, 0L, 0L, \",\"1L, 0L, NA, NA, 0L, 0L, NA, 0L, NA, 0L, 0L, 0L, 0L, 0L, NA, 0L, \",\"0L, 0L, NA, 0L, NA)\"]},{\"type\":\"integer\",\"attributes\":{},\"value\":[0]},{\"type\":\"double\",\"attributes\":{},\"value\":[0]},{\"type\":\"integer\",\"attributes\":{},\"value\":[289]},{\"type\":\"list\",\"attributes\":{\"names\":{\"type\":\"character\",\"attributes\":{},\"value\":[\"phi\",\"theta\",\"Delta\",\"Z\",\"a\",\"P\",\"T\",\"V\",\"h\",\"Pn\"]}},\"value\":[{\"type\":\"double\",\"attributes\":{},\"value\":[-0.51682025]},{\"type\":\"double\",\"attributes\":{},\"value\":[]},{\"type\":\"double\",\"attributes\":{},\"value\":[1]},{\"type\":\"double\",\"attributes\":{},\"value\":[1,1]},{\"type\":\"double\",\"attributes\":{},\"value\":[0,0]},{\"type\":\"double\",\"attributes\":{\"dim\":{\"type\":\"integer\",\"attributes\":{},\"value\":[2,2]}},\"value\":[1.21654742,0,0,1.11022302e-16]},{\"type\":\"double\",\"attributes\":{\"dim\":{\"type\":\"integer\",\"attributes\":{},\"value\":[2,2]}},\"value\":[-0.51682025,1,0,1]},{\"type\":\"double\",\"attributes\":{\"dim\":{\"type\":\"integer\",\"attributes\":{},\"value\":[2,2]}},\"value\":[1,0,0,0]},{\"type\":\"double\",\"attributes\":{},\"value\":[0]},{\"type\":\"double\",\"attributes\":{\"dim\":{\"type\":\"integer\",\"attributes\":{},\"value\":[2,2]}},\"value\":[1.21654742,0,0,1.11022302e-16]}]},{\"type\":\"double\",\"attributes\":{},\"value\":[963.25764234]},{\"type\":\"double\",\"attributes\":{},\"value\":[955.96674701]},{\"type\":\"integer\",\"attributes\":{\"tsp\":{\"type\":\"double\",\"attributes\":{},\"value\":[1,372,1]},\"class\":{\"type\":\"character\",\"attributes\":{},\"value\":[\"ts\"]}},\"value\":[0,0,1,2,1,0,1,3,2,8,11,6,5,5,7,1,8,2,7,6,2,7,6,7,2,\"NA\",4,6,5,3,4,5,4,\"NA\",3,1,0,0,0,0,\"NA\",0,0,0,0,1,0,0,0,0,0,\"NA\",0,0,0,0,\"NA\",\"NA\",0,0,0,0,0,0,\"NA\",\"NA\",0,0,0,\"NA\",0,0,\"NA\",0,0,\"NA\",\"NA\",1,1,1,\"NA\",\"NA\",2,1,5,0,\"NA\",\"NA\",0,2,2,1,0,1,\"NA\",0,1,1,1,0,0,2,0,0,3,1,2,1,1,0,0,0,0,0,0,\"NA\",0,\"NA\",\"NA\",0,0,0,\"NA\",0,0,\"NA\",\"NA\",0,\"NA\",0,0,0,0,1,3,0,0,0,1,3,1,1,\"NA\",1,\"NA\",0,0,0,0,\"NA\",0,2,0,1,0,1,\"NA\",3,2,5,0,0,0,0,0,3,3,5,1,0,1,0,1,0,0,0,0,0,0,0,0,0,0,0,0,0,0,0,0,0,0,\"NA\",0,\"NA\",0,\"NA\",1,\"NA\",0,0,0,1,1,\"NA\",0,0,0,0,1,\"NA\",\"NA\",1,3,4,1,\"NA\",1,0,2,0,0,0,0,0,0,2,0,0,\"NA\",1,\"NA\",0,\"NA\",0,\"NA\",0,0,0,0,0,0,0,0,0,0,0,0,\"NA\",0,1,0,0,0,1,0,0,0,0,0,\"NA\",\"NA\",0,0,\"NA\",0,0,0,0,0,0,0,\"NA\",\"NA\",0,0,0,0,0,0,\"NA\",0,0,0,0,\"NA\",\"NA\",\"NA\",0,0,0,0,0,0,0,0,0,\"NA\",\"NA\",\"NA\",0,0,0,0,0,0,0,0,0,0,0,0,\"NA\",\"NA\",\"NA\",\"NA\",\"NA\",\"NA\",\"NA\",\"NA\",\"NA\",\"NA\",\"NA\",\"NA\",\"NA\",\"NA\",\"NA\",\"NA\",0,\"NA\",\"NA\",\"NA\",0,0,0,0,0,0,0,\"NA\",\"NA\",0,0,0,0,0,\"NA\",0,0,0,0,0,1,0,\"NA\",\"NA\",0,0,\"NA\",0,\"NA\",0,0,0,0,0,\"NA\",0,0,0,\"NA\",0,\"NA\"]},{\"type\":\"double\",\"attributes\":{\"tsp\":{\"type\":\"double\",\"attributes\":{},\"value\":[1,372,1]},\"class\":{\"type\":\"character\",\"attributes\":{},\"value\":[\"ts\"]}},\"value\":[0,0,-6.80455692e-12,0.48317975,1.48317975,1.51682025,0.51682025,0.48317975,1.96635951,2.51682025,4.89907853,9.44953926,8.58410123,5.51682025,5,5.96635951,4.10092147,4.38225828,5.10092147,4.41589877,6.51682025,4.06728098,4.41589877,6.51682025,6.48317975,\"NA\",3.32342394,4.59833333,4.96635951,5.51682025,4.03364049,3.48317975,4.48317975,\"NA\",4.12524916,3.2946325,2.03364049,0.51682025,-5.73785736e-17,6.37030135e-33,\"NA\",1.31885867e-64,4.17479649e-65,-1.272203e-82,2.18693353e-81,0,0.48317975,0.51682025,-1.18834025e-32,-6.14158297e-33,1.41215254e-64,\"NA\",3.17516905e-65,2.77249079e-65,-7.53206499e-82,7.3706941e-82,\"NA\",\"NA\",1.31007934e-113,4.34250221e-114,0,0,0,0,\"NA\",\"NA\",0,0,0,\"NA\",0,0,\"NA\",0,0,\"NA\",\"NA\",0.25389486,0.75268954,1,\"NA\",\"NA\",1.25389486,1.65689237,1.51682025,2.93271902,\"NA\",\"NA\",1.44655388,0.34853389,0.96635951,2,1.51682025,0.51682025,\"NA\",0.67555709,0.18204707,0.48317975,1,1,0.51682025,0,0.96635951,1.03364049,0,1.44953926,2.03364049,1.48317975,1.51682025,1,0.51682025,1.18834025e-32,6.14158297e-33,1.41215254e-64,7.29829022e-65,\"NA\",1.51098242e-96,\"NA\",\"NA\",2.85778304e-97,2.99921696e-98,-1.34313956e-113,\"NA\",0,0,\"NA\",\"NA\",0,\"NA\",0,0,0,0,0,0.48317975,1.96635951,1.55046074,0,0,0.48317975,1.96635951,2.03364049,\"NA\",1,\"NA\",0.88249931,0.25033385,0,0,\"NA\",0,0.18671748,0.96635951,1.03364049,0.48317975,0.51682025,\"NA\",0.97434771,2.14027212,2.51682025,3.44953926,2.58410123,-5.94170123e-32,-3.07079149e-32,7.0607627e-64,0,1.44953926,3,3.96635951,3.06728098,0.51682025,0.48317975,0.51682025,0.48317975,0.51682025,1.18834025e-32,6.14158297e-33,1.41215254e-64,7.29829022e-65,1.6781177e-96,8.67285199e-97,1.9941748e-128,1.03062991e-128,2.36975817e-160,1.224739e-160,2.816079e-192,1.45540664e-192,3.34646002e-224,1.72951829e-224,3.97673312e-256,2.05525618e-256,\"NA\",4.25504587e-288,\"NA\",6.33474183e-289,\"NA\",0.12041617,\"NA\",0.76241979,0.14621547,0,0,0.48317975,\"NA\",0.90040313,0.28501915,-1.86742234e-18,1.38620826e-17,0,\"NA\",\"NA\",0.71068922,1.16020643,1.96635951,3.48317975,\"NA\",1.67453812,1.49563375,0.51682025,0.96635951,1.03364049,-2.37668049e-32,-1.22831659e-32,2.82430508e-64,1.45965804e-64,0,0.96635951,1.03364049,\"NA\",0.09959687,\"NA\",0.7484509,\"NA\",0.06531827,\"NA\",0.02610347,0.02186808,0,0,0,0,0,0,0,0,0,0,\"NA\",0,0.09335874,0.48317975,0.51682025,1.23120026e-32,0,0.48317975,0.51682025,1.18834025e-32,6.14158297e-33,1.41215254e-64,\"NA\",\"NA\",4.08550947e-65,4.4324519e-66,\"NA\",0,0,0,0,0,0,0,\"NA\",\"NA\",0,0,0,0,0,0,\"NA\",0,0,0,0,\"NA\",\"NA\",\"NA\",0,0,0,0,0,0,0,0,0,\"NA\",\"NA\",\"NA\",0,0,0,0,0,0,0,0,0,0,0,0,\"NA\",\"NA\",\"NA\",\"NA\",\"NA\",\"NA\",\"NA\",\"NA\",\"NA\",\"NA\",\"NA\",\"NA\",\"NA\",\"NA\",\"NA\",\"NA\",0,\"NA\",\"NA\",\"NA\",0,0,0,0,0,0,0,\"NA\",\"NA\",0,0,0,0,0,\"NA\",0,0,0,0,0,0,0.48317975,\"NA\",\"NA\",0.28931078,0.03138791,\"NA\",-6.24073123e-18,\"NA\",-2.56286874e-18,-2.1611467e-18,0,0,0,\"NA\",0,0,0,\"NA\",0,\"NA\"]}]},{\"type\":\"double\",\"attributes\":{},\"value\":[95]},{\"type\":\"double\",\"attributes\":{\"tsp\":{\"type\":\"double\",\"attributes\":{},\"value\":[373,385,1]},\"class\":{\"type\":\"character\",\"attributes\":{},\"value\":[\"ts\"]}},\"value\":[0,0,0,0,0,0,0,0,0,0,0,0,0]},{\"type\":\"double\",\"attributes\":{\"dim\":{\"type\":\"integer\",\"attributes\":{},\"value\":[13,1]},\"dimnames\":{\"type\":\"list\",\"attributes\":{},\"value\":[{\"type\":\"NULL\"},{\"type\":\"character\",\"attributes\":{},\"value\":[\"95%\"]}]},\"tsp\":{\"type\":\"double\",\"attributes\":{},\"value\":[373,385,1]},\"class\":{\"type\":\"character\",\"attributes\":{},\"value\":[\"ts\"]}},\"value\":[-2.66985783,-3.26331726,-3.53610047,-3.89990343,-4.17996192,-4.46797445,-4.72604834,-4.97686531,-5.21261407,-5.43964866,-5.65683635,-5.86635872,-6.06846645]},{\"type\":\"double\",\"attributes\":{\"dim\":{\"type\":\"integer\",\"attributes\":{},\"value\":[13,1]},\"dimnames\":{\"type\":\"list\",\"attributes\":{},\"value\":[{\"type\":\"NULL\"},{\"type\":\"character\",\"attributes\":{},\"value\":[\"95%\"]}]},\"tsp\":{\"type\":\"double\",\"attributes\":{},\"value\":[373,385,1]},\"class\":{\"type\":\"character\",\"attributes\":{},\"value\":[\"ts\"]}},\"value\":[2.66985783,3.26331726,3.53610047,3.89990343,4.17996192,4.46797445,4.72604834,4.97686531,5.21261407,5.43964866,5.65683635,5.86635872,6.06846645]},{\"type\":\"integer\",\"attributes\":{\"tsp\":{\"type\":\"double\",\"attributes\":{},\"value\":[1,372,1]},\"class\":{\"type\":\"character\",\"attributes\":{},\"value\":[\"ts\"]}},\"value\":[0,0,1,2,1,0,1,3,2,8,11,6,5,5,7,1,8,2,7,6,2,7,6,7,2,\"NA\",4,6,5,3,4,5,4,\"NA\",3,1,0,0,0,0,\"NA\",0,0,0,0,1,0,0,0,0,0,\"NA\",0,0,0,0,\"NA\",\"NA\",0,0,0,0,0,0,\"NA\",\"NA\",0,0,0,\"NA\",0,0,\"NA\",0,0,\"NA\",\"NA\",1,1,1,\"NA\",\"NA\",2,1,5,0,\"NA\",\"NA\",0,2,2,1,0,1,\"NA\",0,1,1,1,0,0,2,0,0,3,1,2,1,1,0,0,0,0,0,0,\"NA\",0,\"NA\",\"NA\",0,0,0,\"NA\",0,0,\"NA\",\"NA\",0,\"NA\",0,0,0,0,1,3,0,0,0,1,3,1,1,\"NA\",1,\"NA\",0,0,0,0,\"NA\",0,2,0,1,0,1,\"NA\",3,2,5,0,0,0,0,0,3,3,5,1,0,1,0,1,0,0,0,0,0,0,0,0,0,0,0,0,0,0,0,0,0,0,\"NA\",0,\"NA\",0,\"NA\",1,\"NA\",0,0,0,1,1,\"NA\",0,0,0,0,1,\"NA\",\"NA\",1,3,4,1,\"NA\",1,0,2,0,0,0,0,0,0,2,0,0,\"NA\",1,\"NA\",0,\"NA\",0,\"NA\",0,0,0,0,0,0,0,0,0,0,0,0,\"NA\",0,1,0,0,0,1,0,0,0,0,0,\"NA\",\"NA\",0,0,\"NA\",0,0,0,0,0,0,0,\"NA\",\"NA\",0,0,0,0,0,0,\"NA\",0,0,0,0,\"NA\",\"NA\",\"NA\",0,0,0,0,0,0,0,0,0,\"NA\",\"NA\",\"NA\",0,0,0,0,0,0,0,0,0,0,0,0,\"NA\",\"NA\",\"NA\",\"NA\",\"NA\",\"NA\",\"NA\",\"NA\",\"NA\",\"NA\",\"NA\",\"NA\",\"NA\",\"NA\",\"NA\",\"NA\",0,\"NA\",\"NA\",\"NA\",0,0,0,0,0,0,0,\"NA\",\"NA\",0,0,0,0,0,\"NA\",0,0,0,0,0,1,0,\"NA\",\"NA\",0,0,\"NA\",0,\"NA\",0,0,0,0,0,\"NA\",0,0,0,\"NA\",0,\"NA\"]},{\"type\":\"character\",\"attributes\":{},\"value\":[\"c(0L, 0L, 1L, 2L, 1L, 0L, 1L, 3L, 2L, 8L, 11L, 6L, 5L, 5L, 7L, \",\"1L, 8L, 2L, 7L, 6L, 2L, 7L, 6L, 7L, 2L, NA, 4L, 6L, 5L, 3L, 4L, \",\"5L, 4L, NA, 3L, 1L, 0L, 0L, 0L, 0L, NA, 0L, 0L, 0L, 0L, 1L, 0L, \",\"0L, 0L, 0L, 0L, NA, 0L, 0L, 0L, 0L, NA, NA, 0L, 0L, 0L, 0L, 0L, \",\"0L, NA, NA, 0L, 0L, 0L, NA, 0L, 0L, NA, 0L, 0L, NA, NA, 1L, 1L, \",\"1L, NA, NA, 2L, 1L, 5L, 0L, NA, NA, 0L, 2L, 2L, 1L, 0L, 1L, NA, \",\"0L, 1L, 1L, 1L, 0L, 0L, 2L, 0L, 0L, 3L, 1L, 2L, 1L, 1L, 0L, 0L, \",\"0L, 0L, 0L, 0L, NA, 0L, NA, NA, 0L, 0L, 0L, NA, 0L, 0L, NA, NA, \",\"0L, NA, 0L, 0L, 0L, 0L, 1L, 3L, 0L, 0L, 0L, 1L, 3L, 1L, 1L, NA, \",\"1L, NA, 0L, 0L, 0L, 0L, NA, 0L, 2L, 0L, 1L, 0L, 1L, NA, 3L, 2L, \",\"5L, 0L, 0L, 0L, 0L, 0L, 3L, 3L, 5L, 1L, 0L, 1L, 0L, 1L, 0L, 0L, \",\"0L, 0L, 0L, 0L, 0L, 0L, 0L, 0L, 0L, 0L, 0L, 0L, 0L, 0L, 0L, 0L, \",\"NA, 0L, NA, 0L, NA, 1L, NA, 0L, 0L, 0L, 1L, 1L, NA, 0L, 0L, 0L, \",\"0L, 1L, NA, NA, 1L, 3L, 4L, 1L, NA, 1L, 0L, 2L, 0L, 0L, 0L, 0L, \",\"0L, 0L, 2L, 0L, 0L, NA, 1L, NA, 0L, NA, 0L, NA, 0L, 0L, 0L, 0L, \",\"0L, 0L, 0L, 0L, 0L, 0L, 0L, 0L, NA, 0L, 1L, 0L, 0L, 0L, 1L, 0L, \",\"0L, 0L, 0L, 0L, NA, NA, 0L, 0L, NA, 0L, 0L, 0L, 0L, 0L, 0L, 0L, \",\"NA, NA, 0L, 0L, 0L, 0L, 0L, 0L, NA, 0L, 0L, 0L, 0L, NA, NA, NA, \",\"0L, 0L, 0L, 0L, 0L, 0L, 0L, 0L, 0L, NA, NA, NA, 0L, 0L, 0L, 0L, \",\"0L, 0L, 0L, 0L, 0L, 0L, 0L, 0L, NA, NA, NA, NA, NA, NA, NA, NA, \",\"NA, NA, NA, NA, NA, NA, NA, NA, 0L, NA, NA, NA, 0L, 0L, 0L, 0L, \",\"0L, 0L, 0L, NA, NA, 0L, 0L, 0L, 0L, 0L, NA, 0L, 0L, 0L, 0L, 0L, \",\"1L, 0L, NA, NA, 0L, 0L, NA, 0L, NA, 0L, 0L, 0L, 0L, 0L, NA, 0L, \",\"0L, 0L, NA, 0L, NA)\"]},{\"type\":\"double\",\"attributes\":{\"tsp\":{\"type\":\"double\",\"attributes\":{},\"value\":[1,372,1]},\"class\":{\"type\":\"character\",\"attributes\":{},\"value\":[\"ts\"]}},\"value\":[0,0,-6.80455692e-12,0.48317975,1.48317975,1.51682025,0.51682025,0.48317975,1.96635951,2.51682025,4.89907853,9.44953926,8.58410123,5.51682025,5,5.96635951,4.10092147,4.38225828,5.10092147,4.41589877,6.51682025,4.06728098,4.41589877,6.51682025,6.48317975,\"NA\",3.32342394,4.59833333,4.96635951,5.51682025,4.03364049,3.48317975,4.48317975,\"NA\",4.12524916,3.2946325,2.03364049,0.51682025,-5.73785736e-17,6.37030135e-33,\"NA\",1.31885867e-64,4.17479649e-65,-1.272203e-82,2.18693353e-81,0,0.48317975,0.51682025,-1.18834025e-32,-6.14158297e-33,1.41215254e-64,\"NA\",3.17516905e-65,2.77249079e-65,-7.53206499e-82,7.3706941e-82,\"NA\",\"NA\",1.31007934e-113,4.34250221e-114,0,0,0,0,\"NA\",\"NA\",0,0,0,\"NA\",0,0,\"NA\",0,0,\"NA\",\"NA\",0.25389486,0.75268954,1,\"NA\",\"NA\",1.25389486,1.65689237,1.51682025,2.93271902,\"NA\",\"NA\",1.44655388,0.34853389,0.96635951,2,1.51682025,0.51682025,\"NA\",0.67555709,0.18204707,0.48317975,1,1,0.51682025,0,0.96635951,1.03364049,0,1.44953926,2.03364049,1.48317975,1.51682025,1,0.51682025,1.18834025e-32,6.14158297e-33,1.41215254e-64,7.29829022e-65,\"NA\",1.51098242e-96,\"NA\",\"NA\",2.85778304e-97,2.99921696e-98,-1.34313956e-113,\"NA\",0,0,\"NA\",\"NA\",0,\"NA\",0,0,0,0,0,0.48317975,1.96635951,1.55046074,0,0,0.48317975,1.96635951,2.03364049,\"NA\",1,\"NA\",0.88249931,0.25033385,0,0,\"NA\",0,0.18671748,0.96635951,1.03364049,0.48317975,0.51682025,\"NA\",0.97434771,2.14027212,2.51682025,3.44953926,2.58410123,-5.94170123e-32,-3.07079149e-32,7.0607627e-64,0,1.44953926,3,3.96635951,3.06728098,0.51682025,0.48317975,0.51682025,0.48317975,0.51682025,1.18834025e-32,6.14158297e-33,1.41215254e-64,7.29829022e-65,1.6781177e-96,8.67285199e-97,1.9941748e-128,1.03062991e-128,2.36975817e-160,1.224739e-160,2.816079e-192,1.45540664e-192,3.34646002e-224,1.72951829e-224,3.97673312e-256,2.05525618e-256,\"NA\",4.25504587e-288,\"NA\",6.33474183e-289,\"NA\",0.12041617,\"NA\",0.76241979,0.14621547,0,0,0.48317975,\"NA\",0.90040313,0.28501915,-1.86742234e-18,1.38620826e-17,0,\"NA\",\"NA\",0.71068922,1.16020643,1.96635951,3.48317975,\"NA\",1.67453812,1.49563375,0.51682025,0.96635951,1.03364049,-2.37668049e-32,-1.22831659e-32,2.82430508e-64,1.45965804e-64,0,0.96635951,1.03364049,\"NA\",0.09959687,\"NA\",0.7484509,\"NA\",0.06531827,\"NA\",0.02610347,0.02186808,0,0,0,0,0,0,0,0,0,0,\"NA\",0,0.09335874,0.48317975,0.51682025,1.23120026e-32,0,0.48317975,0.51682025,1.18834025e-32,6.14158297e-33,1.41215254e-64,\"NA\",\"NA\",4.08550947e-65,4.4324519e-66,\"NA\",0,0,0,0,0,0,0,\"NA\",\"NA\",0,0,0,0,0,0,\"NA\",0,0,0,0,\"NA\",\"NA\",\"NA\",0,0,0,0,0,0,0,0,0,\"NA\",\"NA\",\"NA\",0,0,0,0,0,0,0,0,0,0,0,0,\"NA\",\"NA\",\"NA\",\"NA\",\"NA\",\"NA\",\"NA\",\"NA\",\"NA\",\"NA\",\"NA\",\"NA\",\"NA\",\"NA\",\"NA\",\"NA\",0,\"NA\",\"NA\",\"NA\",0,0,0,0,0,0,0,\"NA\",\"NA\",0,0,0,0,0,\"NA\",0,0,0,0,0,0,0.48317975,\"NA\",\"NA\",0.28931078,0.03138791,\"NA\",-6.24073123e-18,\"NA\",-2.56286874e-18,-2.1611467e-18,0,0,0,\"NA\",0,0,0,\"NA\",0,\"NA\"]},{\"type\":\"double\",\"attributes\":{\"tsp\":{\"type\":\"double\",\"attributes\":{},\"value\":[1,372,1]},\"class\":{\"type\":\"character\",\"attributes\":{},\"value\":[\"ts\"]}},\"value\":[0,0,1,1.51682025,-0.48317975,-1.51682025,0.48317975,2.51682025,0.03364049,5.48317975,6.10092147,-3.44953926,-3.58410123,-0.51682025,2,-4.96635951,3.89907853,-2.38225828,1.89907853,1.58410123,-4.51682025,2.93271902,1.58410123,0.48317975,-4.48317975,\"NA\",0.67657606,1.40166667,0.03364049,-2.51682025,-0.03364049,1.51682025,-0.48317975,\"NA\",-1.12524916,-2.2946325,-2.03364049,-0.51682025,5.73785736e-17,-6.37030135e-33,\"NA\",-1.31885867e-64,-4.17479649e-65,1.272203e-82,-2.18693353e-81,1,-0.48317975,-0.51682025,1.18834025e-32,6.14158297e-33,-1.41215254e-64,\"NA\",-3.17516905e-65,-2.77249079e-65,7.53206499e-82,-7.3706941e-82,\"NA\",\"NA\",-1.31007934e-113,-4.34250221e-114,0,0,0,0,\"NA\",\"NA\",0,0,0,\"NA\",0,0,\"NA\",0,0,\"NA\",\"NA\",0.74610514,0.24731046,0,\"NA\",\"NA\",0.74610514,-0.65689237,3.48317975,-2.93271902,\"NA\",\"NA\",-1.44655388,1.65146611,1.03364049,-1,-1.51682025,0.48317975,\"NA\",-0.67555709,0.81795293,0.51682025,2.22044605e-16,-1,-0.51682025,2,-0.96635951,-1.03364049,3,-0.44953926,-0.03364049,-0.48317975,-0.51682025,-1,-0.51682025,-1.18834025e-32,-6.14158297e-33,-1.41215254e-64,-7.29829022e-65,\"NA\",-1.51098242e-96,\"NA\",\"NA\",-2.85778304e-97,-2.99921696e-98,1.34313956e-113,\"NA\",0,0,\"NA\",\"NA\",0,\"NA\",0,0,0,0,1,2.51682025,-1.96635951,-1.55046074,0,1,2.51682025,-0.96635951,-1.03364049,\"NA\",0,\"NA\",-0.88249931,-0.25033385,0,0,\"NA\",0,1.81328252,-0.96635951,-0.03364049,-0.48317975,0.48317975,\"NA\",2.02565229,-0.14027212,2.48317975,-3.44953926,-2.58410123,5.94170123e-32,3.07079149e-32,-7.0607627e-64,3,1.55046074,2,-2.96635951,-3.06728098,0.48317975,-0.48317975,0.48317975,-0.48317975,-0.51682025,-1.18834025e-32,-6.14158297e-33,-1.41215254e-64,-7.29829022e-65,-1.6781177e-96,-8.67285199e-97,-1.9941748e-128,-1.03062991e-128,-2.36975817e-160,-1.224739e-160,-2.816079e-192,-1.45540664e-192,-3.34646002e-224,-1.72951829e-224,-3.97673312e-256,-2.05525618e-256,\"NA\",-4.25504587e-288,\"NA\",-6.33474183e-289,\"NA\",0.87958383,\"NA\",-0.76241979,-0.14621547,0,1,0.51682025,\"NA\",-0.90040313,-0.28501915,1.86742234e-18,-1.38620826e-17,1,\"NA\",\"NA\",0.28931078,1.83979357,2.03364049,-2.48317975,\"NA\",-0.67453812,-1.49563375,1.48317975,-0.96635951,-1.03364049,2.37668049e-32,1.22831659e-32,-2.82430508e-64,-1.45965804e-64,2,-0.96635951,-1.03364049,\"NA\",0.90040313,\"NA\",-0.7484509,\"NA\",-0.06531827,\"NA\",-0.02610347,-0.02186808,0,0,0,0,0,0,0,0,0,0,\"NA\",0,0.90664126,-0.48317975,-0.51682025,-1.23120026e-32,1,-0.48317975,-0.51682025,-1.18834025e-32,-6.14158297e-33,-1.41215254e-64,\"NA\",\"NA\",-4.08550947e-65,-4.4324519e-66,\"NA\",0,0,0,0,0,0,0,\"NA\",\"NA\",0,0,0,0,0,0,\"NA\",0,0,0,0,\"NA\",\"NA\",\"NA\",0,0,0,0,0,0,0,0,0,\"NA\",\"NA\",\"NA\",0,0,0,0,0,0,0,0,0,0,0,0,\"NA\",\"NA\",\"NA\",\"NA\",\"NA\",\"NA\",\"NA\",\"NA\",\"NA\",\"NA\",\"NA\",\"NA\",\"NA\",\"NA\",\"NA\",\"NA\",0,\"NA\",\"NA\",\"NA\",0,0,0,0,0,0,0,\"NA\",\"NA\",0,0,0,0,0,\"NA\",0,0,0,0,0,1,-0.48317975,\"NA\",\"NA\",-0.28931078,-0.03138791,\"NA\",6.24073123e-18,\"NA\",2.56286874e-18,2.1611467e-18,0,0,0,\"NA\",0,0,0,\"NA\",0,\"NA\"]}]}"]
