["{\"type\":\"list\",\"attributes\":{\"names\":{\"type\":\"character\",\"attributes\":{},\"value\":[\"method\",\"model\",\"level\",\"mean\",\"lower\",\"upper\",\"x\",\"series\",\"fitted\",\"residuals\"]},\"class\":{\"type\":\"character\",\"attributes\":{},\"value\":[\"forecast\"]}},\"value\":[{\"type\":\"character\",\"attributes\":{},\"value\":[\"ARIMA(0,1,0)\"]},{\"type\":\"list\",\"attributes\":{\"names\":{\"type\":\"character\",\"attributes\":{},\"value\":[\"coef\",\"sigma2\",\"var.coef\",\"mask\",\"loglik\",\"aic\",\"arma\",\"residuals\",\"call\",\"series\",\"code\",\"n.cond\",\"nobs\",\"model\",\"aicc\",\"bic\",\"x\",\"fitted\"]},\"class\":{\"type\":\"character\",\"attributes\":{},\"value\":[\"forecast_ARIMA\",\"ARIMA\",\"Arima\"]}},\"value\":[{\"type\":\"double\",\"attributes\":{},\"value\":[]},{\"type\":\"double\",\"attributes\":{},\"value\":[13.41446163]},{\"type\":\"double\",\"attributes\":{},\"value\":[]},{\"type\":\"logical\",\"attributes\":{},\"value\":[]},{\"type\":\"double\",\"attributes\":{},\"value\":[-806.4214822]},{\"type\":\"double\",\"attributes\":{},\"value\":[1614.84296439]},{\"type\":\"integer\",\"attributes\":{},\"value\":[0,0,0,0,1,1,0]},{\"type\":\"double\",\"attributes\":{\"tsp\":{\"type\":\"double\",\"attributes\":{},\"value\":[1,372,1]},\"class\":{\"type\":\"character\",\"attributes\":{},\"value\":[\"ts\"]}},\"value\":[0,1,-1,0,2,1,-3,0,1,0,3,-3,0,3,3,1,-1,-5,0,-2,0,1,1,1,-3,\"NA\",1.41421356,5,-3,3,0,-1,-1,\"NA\",-2.12132034,6,-2,-3,-3,1,\"NA\",1.41421356,1,2,-4,1,-1,-2,1,-1,2,\"NA\",-1.41421356,0,1,0,\"NA\",\"NA\",-0.57735027,2,-2,0,0,0,\"NA\",\"NA\",1.15470054,-1,0,\"NA\",0.70710678,0,\"NA\",2.82842712,-5,\"NA\",\"NA\",-0.57735027,1,2,\"NA\",\"NA\",0,-1,2,8,\"NA\",\"NA\",-2.88675135,-5,-1,10,-4,1,\"NA\",-5.65685425,5,1,-1,-2,6,9,-2,3,-12,3,1,-4,1,2,-1,-3,-1,-1,-2,\"NA\",-0.70710678,\"NA\",\"NA\",0,-1,4,\"NA\",-1.41421356,3,\"NA\",\"NA\",-1.73205081,\"NA\",1.41421356,1,-3,-2,4,1,2,-2,2,-1,-1,-2,-2,\"NA\",0,\"NA\",-0.70710678,1,1,5,\"NA\",0,6,5,-8,1,6,\"NA\",-8.48528137,12,-6,-5,-2,0,1,-2,1,2,-3,-1,1,-2,2,2,-4,-1,2,1,-2,1,-1,0,0,-1,0,0,1,-1,0,0,0,0,\"NA\",0,\"NA\",0,\"NA\",0,\"NA\",0,0,0,0,0,\"NA\",0,0,0,1,3,\"NA\",\"NA\",5.19615242,-5,-1,0,\"NA\",0.70710678,-3,-1,6,-3,3,0,-3,0,2,-3,-1,\"NA\",-0.70710678,\"NA\",1.41421356,\"NA\",4.94974747,\"NA\",-1.41421356,19,1,-8,-4,-5,-9,6,-3,5,1,2,\"NA\",0.70710678,6,1,7,-5,6,-23,5,4,5,2,\"NA\",\"NA\",-6.35085296,-5,\"NA\",-3.53553391,0,-4,3,2,0,0,\"NA\",\"NA\",-0.57735027,2,5,0,-1,-8,\"NA\",0,-1,8,5,\"NA\",\"NA\",\"NA\",-5,-3,3,-2,3,-4,2,-2,3,\"NA\",\"NA\",\"NA\",-1.5,5,-3,-2,0,0,-1,2,4,-1,-3,3,\"NA\",\"NA\",\"NA\",\"NA\",\"NA\",\"NA\",\"NA\",\"NA\",\"NA\",\"NA\",\"NA\",\"NA\",\"NA\",\"NA\",\"NA\",\"NA\",-0.72760688,\"NA\",\"NA\",\"NA\",1,1,-1,6,-4,-3,2,\"NA\",\"NA\",-1.73205081,0,3,1,4,\"NA\",1.41421356,11,1,6,-5,0,-4,\"NA\",\"NA\",-1.73205081,0,\"NA\",-4.24264069,\"NA\",-2.82842712,-1,2,-3,0,\"NA\",-2.12132034,0,0,\"NA\",-1.41421356,\"NA\"]},{\"type\":\"language\",\"attributes\":{},\"value\":[\"Arima(y = c(0L, 1L, 0L, 0L, 2L, 3L, 0L, 0L, 1L, 1L, 4L, 1L, 1L, \",\"4L, 7L, 8L, 7L, 2L, 2L, 0L, 0L, 1L, 2L, 3L, 0L, NA, 2L, 7L, 4L, \",\"7L, 7L, 6L, 5L, NA, 2L, 8L, 6L, 3L, 0L, 1L, NA, 3L, 4L, 6L, 2L, \",\"3L, 2L, 0L, 1L, 0L, 2L, NA, 0L, 0L, 1L, 1L, NA, NA, 0L, 2L, 0L, \",\"0L, 0L, 0L, NA, NA, 2L, 1L, 1L, NA, 2L, 2L, NA, 6L, 1L, NA, NA, \",\"0L, 1L, 3L, NA, NA, 3L, 2L, 4L, 12L, NA, NA, 7L, 2L, 1L, 11L, \",\"7L, 8L, NA, 0L, 5L, 6L, 5L, 3L, 9L, 18L, 16L, 19L, 7L, 10L, 11L, \",\"7L, 8L, 10L, 9L, 6L, 5L, 4L, 2L, NA, 1L, NA, NA, 1L, 0L, 4L, \",\"NA, 2L, 5L, NA, NA, 2L, NA, 4L, 5L, 2L, 0L, 4L, 5L, 7L, 5L, 7L, \",\"6L, 5L, 3L, 1L, NA, 1L, NA, 0L, 1L, 2L, 7L, NA, 7L, 13L, 18L, \",\"10L, 11L, 17L, NA, 5L, 17L, 11L, 6L, 4L, 4L, 5L, 3L, 4L, 6L, \",\"3L, 2L, 3L, 1L, 3L, 5L, 1L, 0L, 2L, 3L, 1L, 2L, 1L, 1L, 1L, 0L, \",\"0L, 0L, 1L, 0L, 0L, 0L, 0L, 0L, NA, 0L, NA, 0L, NA, 0L, NA, 0L, \",\"0L, 0L, 0L, 0L, NA, 0L, 0L, 0L, 1L, 4L, NA, NA, 13L, 8L, 7L, \",\"7L, NA, 8L, 5L, 4L, 10L, 7L, 10L, 10L, 7L, 7L, 9L, 6L, 5L, NA, \",\"4L, NA, 6L, NA, 13L, NA, 11L, 30L, 31L, 23L, 19L, 14L, 5L, 11L, \",\"8L, 13L, 14L, 16L, NA, 17L, 23L, 24L, 31L, 26L, 32L, 9L, 14L, \",\"18L, 23L, 25L, NA, NA, 14L, 9L, NA, 4L, 4L, 0L, 3L, 5L, 5L, 5L, \",\"NA, NA, 4L, 6L, 11L, 11L, 10L, 2L, NA, 2L, 1L, 9L, 14L, NA, NA, \",\"NA, 4L, 1L, 4L, 2L, 5L, 1L, 3L, 1L, 4L, NA, NA, NA, 1L, 6L, 3L, \",\"1L, 1L, 1L, 0L, 2L, 6L, 5L, 2L, 5L, NA, NA, NA, NA, NA, NA, NA, \",\"NA, NA, NA, NA, NA, NA, NA, NA, NA, 2L, NA, NA, NA, 4L, 5L, 4L, \",\"10L, 6L, 3L, 5L, NA, NA, 2L, 2L, 5L, 6L, 10L, NA, 12L, 23L, 24L, \",\"30L, 25L, 25L, 21L, NA, NA, 18L, 18L, NA, 12L, NA, 8L, 7L, 9L, \",\"6L, 6L, NA, 3L, 3L, 3L, NA, 1L, NA), order = c(0, 1, 0))\"]},{\"type\":\"character\",\"attributes\":{},\"value\":[\"c(0L, 1L, 0L, 0L, 2L, 3L, 0L, 0L, 1L, 1L, 4L, 1L, 1L, 4L, 7L, \",\"8L, 7L, 2L, 2L, 0L, 0L, 1L, 2L, 3L, 0L, NA, 2L, 7L, 4L, 7L, 7L, \",\"6L, 5L, NA, 2L, 8L, 6L, 3L, 0L, 1L, NA, 3L, 4L, 6L, 2L, 3L, 2L, \",\"0L, 1L, 0L, 2L, NA, 0L, 0L, 1L, 1L, NA, NA, 0L, 2L, 0L, 0L, 0L, \",\"0L, NA, NA, 2L, 1L, 1L, NA, 2L, 2L, NA, 6L, 1L, NA, NA, 0L, 1L, \",\"3L, NA, NA, 3L, 2L, 4L, 12L, NA, NA, 7L, 2L, 1L, 11L, 7L, 8L, \",\"NA, 0L, 5L, 6L, 5L, 3L, 9L, 18L, 16L, 19L, 7L, 10L, 11L, 7L, \",\"8L, 10L, 9L, 6L, 5L, 4L, 2L, NA, 1L, NA, NA, 1L, 0L, 4L, NA, \",\"2L, 5L, NA, NA, 2L, NA, 4L, 5L, 2L, 0L, 4L, 5L, 7L, 5L, 7L, 6L, \",\"5L, 3L, 1L, NA, 1L, NA, 0L, 1L, 2L, 7L, NA, 7L, 13L, 18L, 10L, \",\"11L, 17L, NA, 5L, 17L, 11L, 6L, 4L, 4L, 5L, 3L, 4L, 6L, 3L, 2L, \",\"3L, 1L, 3L, 5L, 1L, 0L, 2L, 3L, 1L, 2L, 1L, 1L, 1L, 0L, 0L, 0L, \",\"1L, 0L, 0L, 0L, 0L, 0L, NA, 0L, NA, 0L, NA, 0L, NA, 0L, 0L, 0L, \",\"0L, 0L, NA, 0L, 0L, 0L, 1L, 4L, NA, NA, 13L, 8L, 7L, 7L, NA, \",\"8L, 5L, 4L, 10L, 7L, 10L, 10L, 7L, 7L, 9L, 6L, 5L, NA, 4L, NA, \",\"6L, NA, 13L, NA, 11L, 30L, 31L, 23L, 19L, 14L, 5L, 11L, 8L, 13L, \",\"14L, 16L, NA, 17L, 23L, 24L, 31L, 26L, 32L, 9L, 14L, 18L, 23L, \",\"25L, NA, NA, 14L, 9L, NA, 4L, 4L, 0L, 3L, 5L, 5L, 5L, NA, NA, \",\"4L, 6L, 11L, 11L, 10L, 2L, NA, 2L, 1L, 9L, 14L, NA, NA, NA, 4L, \",\"1L, 4L, 2L, 5L, 1L, 3L, 1L, 4L, NA, NA, NA, 1L, 6L, 3L, 1L, 1L, \",\"1L, 0L, 2L, 6L, 5L, 2L, 5L, NA, NA, NA, NA, NA, NA, NA, NA, NA, \",\"NA, NA, NA, NA, NA, NA, NA, 2L, NA, NA, NA, 4L, 5L, 4L, 10L, \",\"6L, 3L, 5L, NA, NA, 2L, 2L, 5L, 6L, 10L, NA, 12L, 23L, 24L, 30L, \",\"25L, 25L, 21L, NA, NA, 18L, 18L, NA, 12L, NA, 8L, 7L, 9L, 6L, \",\"6L, NA, 3L, 3L, 3L, NA, 1L, NA)\"]},{\"type\":\"double\",\"attributes\":{},\"value\":[0]},{\"type\":\"double\",\"attributes\":{},\"value\":[0]},{\"type\":\"integer\",\"attributes\":{},\"value\":[289]},{\"type\":\"list\",\"attributes\":{\"names\":{\"type\":\"character\",\"attributes\":{},\"value\":[\"phi\",\"theta\",\"Delta\",\"Z\",\"a\",\"P\",\"T\",\"V\",\"h\",\"Pn\"]}},\"value\":[{\"type\":\"double\",\"attributes\":{},\"value\":[]},{\"type\":\"double\",\"attributes\":{},\"value\":[]},{\"type\":\"double\",\"attributes\":{},\"value\":[1]},{\"type\":\"double\",\"attributes\":{},\"value\":[1,1]},{\"type\":\"double\",\"attributes\":{},\"value\":[0,1]},{\"type\":\"double\",\"attributes\":{\"dim\":{\"type\":\"integer\",\"attributes\":{},\"value\":[2,2]}},\"value\":[1,0,0,0]},{\"type\":\"double\",\"attributes\":{\"dim\":{\"type\":\"integer\",\"attributes\":{},\"value\":[2,2]}},\"value\":[0,1,0,1]},{\"type\":\"double\",\"attributes\":{\"dim\":{\"type\":\"integer\",\"attributes\":{},\"value\":[2,2]}},\"value\":[1,0,0,0]},{\"type\":\"double\",\"attributes\":{},\"value\":[0]},{\"type\":\"double\",\"attributes\":{\"dim\":{\"type\":\"integer\",\"attributes\":{},\"value\":[2,2]}},\"value\":[1,0,0,0]}]},{\"type\":\"double\",\"attributes\":{},\"value\":[1614.85690167]},{\"type\":\"double\",\"attributes\":{},\"value\":[1618.50939108]},{\"type\":\"integer\",\"attributes\":{\"tsp\":{\"type\":\"double\",\"attributes\":{},\"value\":[1,372,1]},\"class\":{\"type\":\"character\",\"attributes\":{},\"value\":[\"ts\"]}},\"value\":[0,1,0,0,2,3,0,0,1,1,4,1,1,4,7,8,7,2,2,0,0,1,2,3,0,\"NA\",2,7,4,7,7,6,5,\"NA\",2,8,6,3,0,1,\"NA\",3,4,6,2,3,2,0,1,0,2,\"NA\",0,0,1,1,\"NA\",\"NA\",0,2,0,0,0,0,\"NA\",\"NA\",2,1,1,\"NA\",2,2,\"NA\",6,1,\"NA\",\"NA\",0,1,3,\"NA\",\"NA\",3,2,4,12,\"NA\",\"NA\",7,2,1,11,7,8,\"NA\",0,5,6,5,3,9,18,16,19,7,10,11,7,8,10,9,6,5,4,2,\"NA\",1,\"NA\",\"NA\",1,0,4,\"NA\",2,5,\"NA\",\"NA\",2,\"NA\",4,5,2,0,4,5,7,5,7,6,5,3,1,\"NA\",1,\"NA\",0,1,2,7,\"NA\",7,13,18,10,11,17,\"NA\",5,17,11,6,4,4,5,3,4,6,3,2,3,1,3,5,1,0,2,3,1,2,1,1,1,0,0,0,1,0,0,0,0,0,\"NA\",0,\"NA\",0,\"NA\",0,\"NA\",0,0,0,0,0,\"NA\",0,0,0,1,4,\"NA\",\"NA\",13,8,7,7,\"NA\",8,5,4,10,7,10,10,7,7,9,6,5,\"NA\",4,\"NA\",6,\"NA\",13,\"NA\",11,30,31,23,19,14,5,11,8,13,14,16,\"NA\",17,23,24,31,26,32,9,14,18,23,25,\"NA\",\"NA\",14,9,\"NA\",4,4,0,3,5,5,5,\"NA\",\"NA\",4,6,11,11,10,2,\"NA\",2,1,9,14,\"NA\",\"NA\",\"NA\",4,1,4,2,5,1,3,1,4,\"NA\",\"NA\",\"NA\",1,6,3,1,1,1,0,2,6,5,2,5,\"NA\",\"NA\",\"NA\",\"NA\",\"NA\",\"NA\",\"NA\",\"NA\",\"NA\",\"NA\",\"NA\",\"NA\",\"NA\",\"NA\",\"NA\",\"NA\",2,\"NA\",\"NA\",\"NA\",4,5,4,10,6,3,5,\"NA\",\"NA\",2,2,5,6,10,\"NA\",12,23,24,30,25,25,21,\"NA\",\"NA\",18,18,\"NA\",12,\"NA\",8,7,9,6,6,\"NA\",3,3,3,\"NA\",1,\"NA\"]},{\"type\":\"double\",\"attributes\":{\"tsp\":{\"type\":\"double\",\"attributes\":{},\"value\":[1,372,1]},\"class\":{\"type\":\"character\",\"attributes\":{},\"value\":[\"ts\"]}},\"value\":[0,-4.30722125e-12,1,0,0,2,3,0,0,1,1,4,1,1,4,7,8,7,2,2,0,0,1,2,3,\"NA\",0.58578644,2,7,4,7,7,6,\"NA\",4.12132034,2,8,6,3,0,\"NA\",1.58578644,3,4,6,2,3,2,0,1,0,\"NA\",1.41421356,0,0,1,\"NA\",\"NA\",0.57735027,0,2,0,0,0,\"NA\",\"NA\",0.84529946,2,1,\"NA\",1.29289322,2,\"NA\",3.17157288,6,\"NA\",\"NA\",0.57735027,0,1,\"NA\",\"NA\",3,3,2,4,\"NA\",\"NA\",9.88675135,7,2,1,11,7,\"NA\",5.65685425,0,5,6,5,3,9,18,16,19,7,10,11,7,8,10,9,6,5,4,\"NA\",1.70710678,\"NA\",\"NA\",1,1,0,\"NA\",3.41421356,2,\"NA\",\"NA\",3.73205081,\"NA\",2.58578644,4,5,2,0,4,5,7,5,7,6,5,3,\"NA\",1,\"NA\",0.70710678,0,1,2,\"NA\",7,7,13,18,10,11,\"NA\",13.48528137,5,17,11,6,4,4,5,3,4,6,3,2,3,1,3,5,1,0,2,3,1,2,1,1,1,0,0,0,1,0,0,0,0,\"NA\",0,\"NA\",0,\"NA\",0,\"NA\",0,0,0,0,0,\"NA\",0,0,0,0,1,\"NA\",\"NA\",7.80384758,13,8,7,\"NA\",7.29289322,8,5,4,10,7,10,10,7,7,9,6,\"NA\",4.70710678,\"NA\",4.58578644,\"NA\",8.05025253,\"NA\",12.41421356,11,30,31,23,19,14,5,11,8,13,14,\"NA\",16.29289322,17,23,24,31,26,32,9,14,18,23,\"NA\",\"NA\",20.35085296,14,\"NA\",7.53553391,4,4,0,3,5,5,\"NA\",\"NA\",4.57735027,4,6,11,11,10,\"NA\",2,2,1,9,\"NA\",\"NA\",\"NA\",9,4,1,4,2,5,1,3,1,\"NA\",\"NA\",\"NA\",2.5,1,6,3,1,1,1,0,2,6,5,2,\"NA\",\"NA\",\"NA\",\"NA\",\"NA\",\"NA\",\"NA\",\"NA\",\"NA\",\"NA\",\"NA\",\"NA\",\"NA\",\"NA\",\"NA\",\"NA\",2.72760688,\"NA\",\"NA\",\"NA\",3,4,5,4,10,6,3,\"NA\",\"NA\",3.73205081,2,2,5,6,\"NA\",10.58578644,12,23,24,30,25,25,\"NA\",\"NA\",19.73205081,18,\"NA\",16.24264069,\"NA\",10.82842712,8,7,9,6,\"NA\",5.12132034,3,3,\"NA\",2.41421356,\"NA\"]}]},{\"type\":\"double\",\"attributes\":{},\"value\":[95]},{\"type\":\"double\",\"attributes\":{\"tsp\":{\"type\":\"double\",\"attributes\":{},\"value\":[373,385,1]},\"class\":{\"type\":\"character\",\"attributes\":{},\"value\":[\"ts\"]}},\"value\":[1,1,1,1,1,1,1,1,1,1,1,1,1]},{\"type\":\"double\",\"attributes\":{\"dim\":{\"type\":\"integer\",\"attributes\":{},\"value\":[13,1]},\"dimnames\":{\"type\":\"list\",\"attributes\":{},\"value\":[{\"type\":\"NULL\"},{\"type\":\"character\",\"attributes\":{},\"value\":[\"95%\"]}]},\"tsp\":{\"type\":\"double\",\"attributes\":{},\"value\":[373,385,1]},\"class\":{\"type\":\"character\",\"attributes\":{},\"value\":[\"ts\"]}},\"value\":[-9.15195567,-11.43355564,-13.35703339,-15.05165131,-16.58370302,-17.99256996,-19.30391134,-20.53555009,-21.70046298,-22.80844643,-23.86711128,-24.88251003,-25.85955002]},{\"type\":\"double\",\"attributes\":{\"dim\":{\"type\":\"integer\",\"attributes\":{},\"value\":[13,1]},\"dimnames\":{\"type\":\"list\",\"attributes\":{},\"value\":[{\"type\":\"NULL\"},{\"type\":\"character\",\"attributes\":{},\"value\":[\"95%\"]}]},\"tsp\":{\"type\":\"double\",\"attributes\":{},\"value\":[373,385,1]},\"class\":{\"type\":\"character\",\"attributes\":{},\"value\":[\"ts\"]}},\"value\":[11.15195567,13.43355564,15.35703339,17.05165131,18.58370302,19.99256996,21.30391134,22.53555009,23.70046298,24.80844643,25.86711128,26.88251003,27.85955002]},{\"type\":\"integer\",\"attributes\":{\"tsp\":{\"type\":\"double\",\"attributes\":{},\"value\":[1,372,1]},\"class\":{\"type\":\"character\",\"attributes\":{},\"value\":[\"ts\"]}},\"value\":[0,1,0,0,2,3,0,0,1,1,4,1,1,4,7,8,7,2,2,0,0,1,2,3,0,\"NA\",2,7,4,7,7,6,5,\"NA\",2,8,6,3,0,1,\"NA\",3,4,6,2,3,2,0,1,0,2,\"NA\",0,0,1,1,\"NA\",\"NA\",0,2,0,0,0,0,\"NA\",\"NA\",2,1,1,\"NA\",2,2,\"NA\",6,1,\"NA\",\"NA\",0,1,3,\"NA\",\"NA\",3,2,4,12,\"NA\",\"NA\",7,2,1,11,7,8,\"NA\",0,5,6,5,3,9,18,16,19,7,10,11,7,8,10,9,6,5,4,2,\"NA\",1,\"NA\",\"NA\",1,0,4,\"NA\",2,5,\"NA\",\"NA\",2,\"NA\",4,5,2,0,4,5,7,5,7,6,5,3,1,\"NA\",1,\"NA\",0,1,2,7,\"NA\",7,13,18,10,11,17,\"NA\",5,17,11,6,4,4,5,3,4,6,3,2,3,1,3,5,1,0,2,3,1,2,1,1,1,0,0,0,1,0,0,0,0,0,\"NA\",0,\"NA\",0,\"NA\",0,\"NA\",0,0,0,0,0,\"NA\",0,0,0,1,4,\"NA\",\"NA\",13,8,7,7,\"NA\",8,5,4,10,7,10,10,7,7,9,6,5,\"NA\",4,\"NA\",6,\"NA\",13,\"NA\",11,30,31,23,19,14,5,11,8,13,14,16,\"NA\",17,23,24,31,26,32,9,14,18,23,25,\"NA\",\"NA\",14,9,\"NA\",4,4,0,3,5,5,5,\"NA\",\"NA\",4,6,11,11,10,2,\"NA\",2,1,9,14,\"NA\",\"NA\",\"NA\",4,1,4,2,5,1,3,1,4,\"NA\",\"NA\",\"NA\",1,6,3,1,1,1,0,2,6,5,2,5,\"NA\",\"NA\",\"NA\",\"NA\",\"NA\",\"NA\",\"NA\",\"NA\",\"NA\",\"NA\",\"NA\",\"NA\",\"NA\",\"NA\",\"NA\",\"NA\",2,\"NA\",\"NA\",\"NA\",4,5,4,10,6,3,5,\"NA\",\"NA\",2,2,5,6,10,\"NA\",12,23,24,30,25,25,21,\"NA\",\"NA\",18,18,\"NA\",12,\"NA\",8,7,9,6,6,\"NA\",3,3,3,\"NA\",1,\"NA\"]},{\"type\":\"character\",\"attributes\":{},\"value\":[\"c(0L, 1L, 0L, 0L, 2L, 3L, 0L, 0L, 1L, 1L, 4L, 1L, 1L, 4L, 7L, \",\"8L, 7L, 2L, 2L, 0L, 0L, 1L, 2L, 3L, 0L, NA, 2L, 7L, 4L, 7L, 7L, \",\"6L, 5L, NA, 2L, 8L, 6L, 3L, 0L, 1L, NA, 3L, 4L, 6L, 2L, 3L, 2L, \",\"0L, 1L, 0L, 2L, NA, 0L, 0L, 1L, 1L, NA, NA, 0L, 2L, 0L, 0L, 0L, \",\"0L, NA, NA, 2L, 1L, 1L, NA, 2L, 2L, NA, 6L, 1L, NA, NA, 0L, 1L, \",\"3L, NA, NA, 3L, 2L, 4L, 12L, NA, NA, 7L, 2L, 1L, 11L, 7L, 8L, \",\"NA, 0L, 5L, 6L, 5L, 3L, 9L, 18L, 16L, 19L, 7L, 10L, 11L, 7L, \",\"8L, 10L, 9L, 6L, 5L, 4L, 2L, NA, 1L, NA, NA, 1L, 0L, 4L, NA, \",\"2L, 5L, NA, NA, 2L, NA, 4L, 5L, 2L, 0L, 4L, 5L, 7L, 5L, 7L, 6L, \",\"5L, 3L, 1L, NA, 1L, NA, 0L, 1L, 2L, 7L, NA, 7L, 13L, 18L, 10L, \",\"11L, 17L, NA, 5L, 17L, 11L, 6L, 4L, 4L, 5L, 3L, 4L, 6L, 3L, 2L, \",\"3L, 1L, 3L, 5L, 1L, 0L, 2L, 3L, 1L, 2L, 1L, 1L, 1L, 0L, 0L, 0L, \",\"1L, 0L, 0L, 0L, 0L, 0L, NA, 0L, NA, 0L, NA, 0L, NA, 0L, 0L, 0L, \",\"0L, 0L, NA, 0L, 0L, 0L, 1L, 4L, NA, NA, 13L, 8L, 7L, 7L, NA, \",\"8L, 5L, 4L, 10L, 7L, 10L, 10L, 7L, 7L, 9L, 6L, 5L, NA, 4L, NA, \",\"6L, NA, 13L, NA, 11L, 30L, 31L, 23L, 19L, 14L, 5L, 11L, 8L, 13L, \",\"14L, 16L, NA, 17L, 23L, 24L, 31L, 26L, 32L, 9L, 14L, 18L, 23L, \",\"25L, NA, NA, 14L, 9L, NA, 4L, 4L, 0L, 3L, 5L, 5L, 5L, NA, NA, \",\"4L, 6L, 11L, 11L, 10L, 2L, NA, 2L, 1L, 9L, 14L, NA, NA, NA, 4L, \",\"1L, 4L, 2L, 5L, 1L, 3L, 1L, 4L, NA, NA, NA, 1L, 6L, 3L, 1L, 1L, \",\"1L, 0L, 2L, 6L, 5L, 2L, 5L, NA, NA, NA, NA, NA, NA, NA, NA, NA, \",\"NA, NA, NA, NA, NA, NA, NA, 2L, NA, NA, NA, 4L, 5L, 4L, 10L, \",\"6L, 3L, 5L, NA, NA, 2L, 2L, 5L, 6L, 10L, NA, 12L, 23L, 24L, 30L, \",\"25L, 25L, 21L, NA, NA, 18L, 18L, NA, 12L, NA, 8L, 7L, 9L, 6L, \",\"6L, NA, 3L, 3L, 3L, NA, 1L, NA)\"]},{\"type\":\"double\",\"attributes\":{\"tsp\":{\"type\":\"double\",\"attributes\":{},\"value\":[1,372,1]},\"class\":{\"type\":\"character\",\"attributes\":{},\"value\":[\"ts\"]}},\"value\":[0,-4.30722125e-12,1,0,0,2,3,0,0,1,1,4,1,1,4,7,8,7,2,2,0,0,1,2,3,\"NA\",0.58578644,2,7,4,7,7,6,\"NA\",4.12132034,2,8,6,3,0,\"NA\",1.58578644,3,4,6,2,3,2,0,1,0,\"NA\",1.41421356,0,0,1,\"NA\",\"NA\",0.57735027,0,2,0,0,0,\"NA\",\"NA\",0.84529946,2,1,\"NA\",1.29289322,2,\"NA\",3.17157288,6,\"NA\",\"NA\",0.57735027,0,1,\"NA\",\"NA\",3,3,2,4,\"NA\",\"NA\",9.88675135,7,2,1,11,7,\"NA\",5.65685425,0,5,6,5,3,9,18,16,19,7,10,11,7,8,10,9,6,5,4,\"NA\",1.70710678,\"NA\",\"NA\",1,1,0,\"NA\",3.41421356,2,\"NA\",\"NA\",3.73205081,\"NA\",2.58578644,4,5,2,0,4,5,7,5,7,6,5,3,\"NA\",1,\"NA\",0.70710678,0,1,2,\"NA\",7,7,13,18,10,11,\"NA\",13.48528137,5,17,11,6,4,4,5,3,4,6,3,2,3,1,3,5,1,0,2,3,1,2,1,1,1,0,0,0,1,0,0,0,0,\"NA\",0,\"NA\",0,\"NA\",0,\"NA\",0,0,0,0,0,\"NA\",0,0,0,0,1,\"NA\",\"NA\",7.80384758,13,8,7,\"NA\",7.29289322,8,5,4,10,7,10,10,7,7,9,6,\"NA\",4.70710678,\"NA\",4.58578644,\"NA\",8.05025253,\"NA\",12.41421356,11,30,31,23,19,14,5,11,8,13,14,\"NA\",16.29289322,17,23,24,31,26,32,9,14,18,23,\"NA\",\"NA\",20.35085296,14,\"NA\",7.53553391,4,4,0,3,5,5,\"NA\",\"NA\",4.57735027,4,6,11,11,10,\"NA\",2,2,1,9,\"NA\",\"NA\",\"NA\",9,4,1,4,2,5,1,3,1,\"NA\",\"NA\",\"NA\",2.5,1,6,3,1,1,1,0,2,6,5,2,\"NA\",\"NA\",\"NA\",\"NA\",\"NA\",\"NA\",\"NA\",\"NA\",\"NA\",\"NA\",\"NA\",\"NA\",\"NA\",\"NA\",\"NA\",\"NA\",2.72760688,\"NA\",\"NA\",\"NA\",3,4,5,4,10,6,3,\"NA\",\"NA\",3.73205081,2,2,5,6,\"NA\",10.58578644,12,23,24,30,25,25,\"NA\",\"NA\",19.73205081,18,\"NA\",16.24264069,\"NA\",10.82842712,8,7,9,6,\"NA\",5.12132034,3,3,\"NA\",2.41421356,\"NA\"]},{\"type\":\"double\",\"attributes\":{\"tsp\":{\"type\":\"double\",\"attributes\":{},\"value\":[1,372,1]},\"class\":{\"type\":\"character\",\"attributes\":{},\"value\":[\"ts\"]}},\"value\":[0,1,-1,0,2,1,-3,0,1,0,3,-3,0,3,3,1,-1,-5,0,-2,0,1,1,1,-3,\"NA\",1.41421356,5,-3,3,0,-1,-1,\"NA\",-2.12132034,6,-2,-3,-3,1,\"NA\",1.41421356,1,2,-4,1,-1,-2,1,-1,2,\"NA\",-1.41421356,0,1,0,\"NA\",\"NA\",-0.57735027,2,-2,0,0,0,\"NA\",\"NA\",1.15470054,-1,0,\"NA\",0.70710678,0,\"NA\",2.82842712,-5,\"NA\",\"NA\",-0.57735027,1,2,\"NA\",\"NA\",0,-1,2,8,\"NA\",\"NA\",-2.88675135,-5,-1,10,-4,1,\"NA\",-5.65685425,5,1,-1,-2,6,9,-2,3,-12,3,1,-4,1,2,-1,-3,-1,-1,-2,\"NA\",-0.70710678,\"NA\",\"NA\",0,-1,4,\"NA\",-1.41421356,3,\"NA\",\"NA\",-1.73205081,\"NA\",1.41421356,1,-3,-2,4,1,2,-2,2,-1,-1,-2,-2,\"NA\",0,\"NA\",-0.70710678,1,1,5,\"NA\",0,6,5,-8,1,6,\"NA\",-8.48528137,12,-6,-5,-2,0,1,-2,1,2,-3,-1,1,-2,2,2,-4,-1,2,1,-2,1,-1,0,0,-1,0,0,1,-1,0,0,0,0,\"NA\",0,\"NA\",0,\"NA\",0,\"NA\",0,0,0,0,0,\"NA\",0,0,0,1,3,\"NA\",\"NA\",5.19615242,-5,-1,0,\"NA\",0.70710678,-3,-1,6,-3,3,0,-3,0,2,-3,-1,\"NA\",-0.70710678,\"NA\",1.41421356,\"NA\",4.94974747,\"NA\",-1.41421356,19,1,-8,-4,-5,-9,6,-3,5,1,2,\"NA\",0.70710678,6,1,7,-5,6,-23,5,4,5,2,\"NA\",\"NA\",-6.35085296,-5,\"NA\",-3.53553391,0,-4,3,2,0,0,\"NA\",\"NA\",-0.57735027,2,5,0,-1,-8,\"NA\",0,-1,8,5,\"NA\",\"NA\",\"NA\",-5,-3,3,-2,3,-4,2,-2,3,\"NA\",\"NA\",\"NA\",-1.5,5,-3,-2,0,0,-1,2,4,-1,-3,3,\"NA\",\"NA\",\"NA\",\"NA\",\"NA\",\"NA\",\"NA\",\"NA\",\"NA\",\"NA\",\"NA\",\"NA\",\"NA\",\"NA\",\"NA\",\"NA\",-0.72760688,\"NA\",\"NA\",\"NA\",1,1,-1,6,-4,-3,2,\"NA\",\"NA\",-1.73205081,0,3,1,4,\"NA\",1.41421356,11,1,6,-5,0,-4,\"NA\",\"NA\",-1.73205081,0,\"NA\",-4.24264069,\"NA\",-2.82842712,-1,2,-3,0,\"NA\",-2.12132034,0,0,\"NA\",-1.41421356,\"NA\"]}]}"]
