["{\"type\":\"list\",\"attributes\":{\"names\":{\"type\":\"character\",\"attributes\":{},\"value\":[\"method\",\"model\",\"level\",\"mean\",\"lower\",\"upper\",\"x\",\"series\",\"fitted\",\"residuals\"]},\"class\":{\"type\":\"character\",\"attributes\":{},\"value\":[\"forecast\"]}},\"value\":[{\"type\":\"character\",\"attributes\":{},\"value\":[\"ARIMA(0,1,0)\"]},{\"type\":\"list\",\"attributes\":{\"names\":{\"type\":\"character\",\"attributes\":{},\"value\":[\"coef\",\"sigma2\",\"var.coef\",\"mask\",\"loglik\",\"aic\",\"arma\",\"residuals\",\"call\",\"series\",\"code\",\"n.cond\",\"nobs\",\"model\",\"aicc\",\"bic\",\"x\",\"fitted\"]},\"class\":{\"type\":\"character\",\"attributes\":{},\"value\":[\"forecast_ARIMA\",\"ARIMA\",\"Arima\"]}},\"value\":[{\"type\":\"double\",\"attributes\":{},\"value\":[]},{\"type\":\"double\",\"attributes\":{},\"value\":[2.66176471]},{\"type\":\"double\",\"attributes\":{},\"value\":[]},{\"type\":\"logical\",\"attributes\":{},\"value\":[]},{\"type\":\"double\",\"attributes\":{},\"value\":[-572.71527055]},{\"type\":\"double\",\"attributes\":{},\"value\":[1147.4305411]},{\"type\":\"integer\",\"attributes\":{},\"value\":[0,0,0,0,1,1,0]},{\"type\":\"double\",\"attributes\":{\"tsp\":{\"type\":\"double\",\"attributes\":{},\"value\":[1,372,1]},\"class\":{\"type\":\"character\",\"attributes\":{},\"value\":[\"ts\"]}},\"value\":[0,0,0,0,0,0,0,0,0,2,2,-4,0,0,0,0,1,-1,1,-1,0,6,2,-5,-3,\"NA\",1.41421356,1,-1,2,1,-2,-1,\"NA\",-0.70710678,4,0,-4,0,-1,\"NA\",0,5,-3,-2,1,-1,4,0,-3,0,\"NA\",0,0,0,-1,\"NA\",\"NA\",0,1,1,0,0,-1,\"NA\",\"NA\",0,1,-1,\"NA\",1.41421356,0,\"NA\",-0.70710678,1,\"NA\",\"NA\",-1.15470054,0,1,\"NA\",\"NA\",-0.57735027,6,2,-3,\"NA\",\"NA\",-1.73205081,-3,1,-1,0,3,\"NA\",-1.41421356,0,0,-1,1,2,-3,0,5,0,-1,-1,-1,2,-1,2,-4,2,-2,1,\"NA\",-0.70710678,\"NA\",\"NA\",0.57735027,-2,4,\"NA\",-2.82842712,4,\"NA\",\"NA\",-1.15470054,\"NA\",-0.70710678,-1,2,-1,2,-2,-1,1,-1,0,0,0,0,\"NA\",0,\"NA\",0,1,-1,1,\"NA\",-0.70710678,1,-1,0,2,3,\"NA\",1.41421356,0,3,-7,-3,1,0,-1,2,-1,-1,2,-1,1,-2,2,0,-1,0,-1,1,-1,0,1,0,1,-1,-1,1,-1,0,0,0,0,\"NA\",0,\"NA\",0,\"NA\",0,\"NA\",0,0,0,0,0,\"NA\",0,0,0,0,0,\"NA\",\"NA\",0,0,0,0,\"NA\",0.70710678,-1,0,0,1,-1,1,-1,0,0,0,0,\"NA\",0,\"NA\",0,\"NA\",0,\"NA\",0,0,0,0,0,0,1,-1,0,4,-4,2,\"NA\",0.70710678,2,-3,-1,3,-1,-2,2,-1,3,0,\"NA\",\"NA\",-2.88675135,1,\"NA\",0,-1,0,0,1,-1,0,\"NA\",\"NA\",0,2,-2,0,2,-2,\"NA\",0,1,3,1,\"NA\",\"NA\",\"NA\",-2.5,0,1,-1,0,0,1,-1,0,\"NA\",\"NA\",\"NA\",0,0,0,0,0,1,-1,0,1,-1,0,0,\"NA\",\"NA\",\"NA\",\"NA\",\"NA\",\"NA\",\"NA\",\"NA\",\"NA\",\"NA\",\"NA\",\"NA\",\"NA\",\"NA\",\"NA\",\"NA\",0,\"NA\",\"NA\",\"NA\",0,0,0,0,0,0,0,\"NA\",\"NA\",0,0,0,2,0,\"NA\",0,0,-1,-1,1,0,6,\"NA\",\"NA\",1.15470054,-2,\"NA\",-4.24264069,\"NA\",-0.70710678,1,-1,0,0,\"NA\",0,0,0,\"NA\",0,\"NA\"]},{\"type\":\"language\",\"attributes\":{},\"value\":[\"Arima(y = c(0L, 0L, 0L, 0L, 0L, 0L, 0L, 0L, 0L, 2L, 4L, 0L, 0L, \",\"0L, 0L, 0L, 1L, 0L, 1L, 0L, 0L, 6L, 8L, 3L, 0L, NA, 2L, 3L, 2L, \",\"4L, 5L, 3L, 2L, NA, 1L, 5L, 5L, 1L, 1L, 0L, NA, 0L, 5L, 2L, 0L, \",\"1L, 0L, 4L, 4L, 1L, 1L, NA, 1L, 1L, 1L, 0L, NA, NA, 0L, 1L, 2L, \",\"2L, 2L, 1L, NA, NA, 1L, 2L, 1L, NA, 3L, 3L, NA, 2L, 3L, NA, NA, \",\"1L, 1L, 2L, NA, NA, 1L, 7L, 9L, 6L, NA, NA, 3L, 0L, 1L, 0L, 0L, \",\"3L, NA, 1L, 1L, 1L, 0L, 1L, 3L, 0L, 0L, 5L, 5L, 4L, 3L, 2L, 4L, \",\"3L, 5L, 1L, 3L, 1L, 2L, NA, 1L, NA, NA, 2L, 0L, 4L, NA, 0L, 4L, \",\"NA, NA, 2L, NA, 1L, 0L, 2L, 1L, 3L, 1L, 0L, 1L, 0L, 0L, 0L, 0L, \",\"0L, NA, 0L, NA, 0L, 1L, 0L, 1L, NA, 0L, 1L, 0L, 0L, 2L, 5L, NA, \",\"7L, 7L, 10L, 3L, 0L, 1L, 1L, 0L, 2L, 1L, 0L, 2L, 1L, 2L, 0L, \",\"2L, 2L, 1L, 1L, 0L, 1L, 0L, 0L, 1L, 1L, 2L, 1L, 0L, 1L, 0L, 0L, \",\"0L, 0L, 0L, NA, 0L, NA, 0L, NA, 0L, NA, 0L, 0L, 0L, 0L, 0L, NA, \",\"0L, 0L, 0L, 0L, 0L, NA, NA, 0L, 0L, 0L, 0L, NA, 1L, 0L, 0L, 0L, \",\"1L, 0L, 1L, 0L, 0L, 0L, 0L, 0L, NA, 0L, NA, 0L, NA, 0L, NA, 0L, \",\"0L, 0L, 0L, 0L, 0L, 1L, 0L, 0L, 4L, 0L, 2L, NA, 3L, 5L, 2L, 1L, \",\"4L, 3L, 1L, 3L, 2L, 5L, 5L, NA, NA, 0L, 1L, NA, 1L, 0L, 0L, 0L, \",\"1L, 0L, 0L, NA, NA, 0L, 2L, 0L, 0L, 2L, 0L, NA, 0L, 1L, 4L, 5L, \",\"NA, NA, NA, 0L, 0L, 1L, 0L, 0L, 0L, 1L, 0L, 0L, NA, NA, NA, 0L, \",\"0L, 0L, 0L, 0L, 1L, 0L, 0L, 1L, 0L, 0L, 0L, NA, NA, NA, NA, NA, \",\"NA, NA, NA, NA, NA, NA, NA, NA, NA, NA, NA, 0L, NA, NA, NA, 0L, \",\"0L, 0L, 0L, 0L, 0L, 0L, NA, NA, 0L, 0L, 0L, 2L, 2L, NA, 2L, 2L, \",\"1L, 0L, 1L, 1L, 7L, NA, NA, 9L, 7L, NA, 1L, NA, 0L, 1L, 0L, 0L, \",\"0L, NA, 0L, 0L, 0L, NA, 0L, NA), order = c(0, 1, 0))\"]},{\"type\":\"character\",\"attributes\":{},\"value\":[\"c(0L, 0L, 0L, 0L, 0L, 0L, 0L, 0L, 0L, 2L, 4L, 0L, 0L, 0L, 0L, \",\"0L, 1L, 0L, 1L, 0L, 0L, 6L, 8L, 3L, 0L, NA, 2L, 3L, 2L, 4L, 5L, \",\"3L, 2L, NA, 1L, 5L, 5L, 1L, 1L, 0L, NA, 0L, 5L, 2L, 0L, 1L, 0L, \",\"4L, 4L, 1L, 1L, NA, 1L, 1L, 1L, 0L, NA, NA, 0L, 1L, 2L, 2L, 2L, \",\"1L, NA, NA, 1L, 2L, 1L, NA, 3L, 3L, NA, 2L, 3L, NA, NA, 1L, 1L, \",\"2L, NA, NA, 1L, 7L, 9L, 6L, NA, NA, 3L, 0L, 1L, 0L, 0L, 3L, NA, \",\"1L, 1L, 1L, 0L, 1L, 3L, 0L, 0L, 5L, 5L, 4L, 3L, 2L, 4L, 3L, 5L, \",\"1L, 3L, 1L, 2L, NA, 1L, NA, NA, 2L, 0L, 4L, NA, 0L, 4L, NA, NA, \",\"2L, NA, 1L, 0L, 2L, 1L, 3L, 1L, 0L, 1L, 0L, 0L, 0L, 0L, 0L, NA, \",\"0L, NA, 0L, 1L, 0L, 1L, NA, 0L, 1L, 0L, 0L, 2L, 5L, NA, 7L, 7L, \",\"10L, 3L, 0L, 1L, 1L, 0L, 2L, 1L, 0L, 2L, 1L, 2L, 0L, 2L, 2L, \",\"1L, 1L, 0L, 1L, 0L, 0L, 1L, 1L, 2L, 1L, 0L, 1L, 0L, 0L, 0L, 0L, \",\"0L, NA, 0L, NA, 0L, NA, 0L, NA, 0L, 0L, 0L, 0L, 0L, NA, 0L, 0L, \",\"0L, 0L, 0L, NA, NA, 0L, 0L, 0L, 0L, NA, 1L, 0L, 0L, 0L, 1L, 0L, \",\"1L, 0L, 0L, 0L, 0L, 0L, NA, 0L, NA, 0L, NA, 0L, NA, 0L, 0L, 0L, \",\"0L, 0L, 0L, 1L, 0L, 0L, 4L, 0L, 2L, NA, 3L, 5L, 2L, 1L, 4L, 3L, \",\"1L, 3L, 2L, 5L, 5L, NA, NA, 0L, 1L, NA, 1L, 0L, 0L, 0L, 1L, 0L, \",\"0L, NA, NA, 0L, 2L, 0L, 0L, 2L, 0L, NA, 0L, 1L, 4L, 5L, NA, NA, \",\"NA, 0L, 0L, 1L, 0L, 0L, 0L, 1L, 0L, 0L, NA, NA, NA, 0L, 0L, 0L, \",\"0L, 0L, 1L, 0L, 0L, 1L, 0L, 0L, 0L, NA, NA, NA, NA, NA, NA, NA, \",\"NA, NA, NA, NA, NA, NA, NA, NA, NA, 0L, NA, NA, NA, 0L, 0L, 0L, \",\"0L, 0L, 0L, 0L, NA, NA, 0L, 0L, 0L, 2L, 2L, NA, 2L, 2L, 1L, 0L, \",\"1L, 1L, 7L, NA, NA, 9L, 7L, NA, 1L, NA, 0L, 1L, 0L, 0L, 0L, NA, \",\"0L, 0L, 0L, NA, 0L, NA)\"]},{\"type\":\"double\",\"attributes\":{},\"value\":[0]},{\"type\":\"double\",\"attributes\":{},\"value\":[0]},{\"type\":\"integer\",\"attributes\":{},\"value\":[289]},{\"type\":\"list\",\"attributes\":{\"names\":{\"type\":\"character\",\"attributes\":{},\"value\":[\"phi\",\"theta\",\"Delta\",\"Z\",\"a\",\"P\",\"T\",\"V\",\"h\",\"Pn\"]}},\"value\":[{\"type\":\"double\",\"attributes\":{},\"value\":[]},{\"type\":\"double\",\"attributes\":{},\"value\":[]},{\"type\":\"double\",\"attributes\":{},\"value\":[1]},{\"type\":\"double\",\"attributes\":{},\"value\":[1,1]},{\"type\":\"double\",\"attributes\":{},\"value\":[0,0]},{\"type\":\"double\",\"attributes\":{\"dim\":{\"type\":\"integer\",\"attributes\":{},\"value\":[2,2]}},\"value\":[1,0,0,0]},{\"type\":\"double\",\"attributes\":{\"dim\":{\"type\":\"integer\",\"attributes\":{},\"value\":[2,2]}},\"value\":[0,1,0,1]},{\"type\":\"double\",\"attributes\":{\"dim\":{\"type\":\"integer\",\"attributes\":{},\"value\":[2,2]}},\"value\":[1,0,0,0]},{\"type\":\"double\",\"attributes\":{},\"value\":[0]},{\"type\":\"double\",\"attributes\":{\"dim\":{\"type\":\"integer\",\"attributes\":{},\"value\":[2,2]}},\"value\":[1,0,0,0]}]},{\"type\":\"double\",\"attributes\":{},\"value\":[1147.44447838]},{\"type\":\"double\",\"attributes\":{},\"value\":[1151.09696779]},{\"type\":\"integer\",\"attributes\":{\"tsp\":{\"type\":\"double\",\"attributes\":{},\"value\":[1,372,1]},\"class\":{\"type\":\"character\",\"attributes\":{},\"value\":[\"ts\"]}},\"value\":[0,0,0,0,0,0,0,0,0,2,4,0,0,0,0,0,1,0,1,0,0,6,8,3,0,\"NA\",2,3,2,4,5,3,2,\"NA\",1,5,5,1,1,0,\"NA\",0,5,2,0,1,0,4,4,1,1,\"NA\",1,1,1,0,\"NA\",\"NA\",0,1,2,2,2,1,\"NA\",\"NA\",1,2,1,\"NA\",3,3,\"NA\",2,3,\"NA\",\"NA\",1,1,2,\"NA\",\"NA\",1,7,9,6,\"NA\",\"NA\",3,0,1,0,0,3,\"NA\",1,1,1,0,1,3,0,0,5,5,4,3,2,4,3,5,1,3,1,2,\"NA\",1,\"NA\",\"NA\",2,0,4,\"NA\",0,4,\"NA\",\"NA\",2,\"NA\",1,0,2,1,3,1,0,1,0,0,0,0,0,\"NA\",0,\"NA\",0,1,0,1,\"NA\",0,1,0,0,2,5,\"NA\",7,7,10,3,0,1,1,0,2,1,0,2,1,2,0,2,2,1,1,0,1,0,0,1,1,2,1,0,1,0,0,0,0,0,\"NA\",0,\"NA\",0,\"NA\",0,\"NA\",0,0,0,0,0,\"NA\",0,0,0,0,0,\"NA\",\"NA\",0,0,0,0,\"NA\",1,0,0,0,1,0,1,0,0,0,0,0,\"NA\",0,\"NA\",0,\"NA\",0,\"NA\",0,0,0,0,0,0,1,0,0,4,0,2,\"NA\",3,5,2,1,4,3,1,3,2,5,5,\"NA\",\"NA\",0,1,\"NA\",1,0,0,0,1,0,0,\"NA\",\"NA\",0,2,0,0,2,0,\"NA\",0,1,4,5,\"NA\",\"NA\",\"NA\",0,0,1,0,0,0,1,0,0,\"NA\",\"NA\",\"NA\",0,0,0,0,0,1,0,0,1,0,0,0,\"NA\",\"NA\",\"NA\",\"NA\",\"NA\",\"NA\",\"NA\",\"NA\",\"NA\",\"NA\",\"NA\",\"NA\",\"NA\",\"NA\",\"NA\",\"NA\",0,\"NA\",\"NA\",\"NA\",0,0,0,0,0,0,0,\"NA\",\"NA\",0,0,0,2,2,\"NA\",2,2,1,0,1,1,7,\"NA\",\"NA\",9,7,\"NA\",1,\"NA\",0,1,0,0,0,\"NA\",0,0,0,\"NA\",0,\"NA\"]},{\"type\":\"double\",\"attributes\":{\"tsp\":{\"type\":\"double\",\"attributes\":{},\"value\":[1,372,1]},\"class\":{\"type\":\"character\",\"attributes\":{},\"value\":[\"ts\"]}},\"value\":[0,0,0,0,0,0,0,0,0,0,2,4,0,0,0,0,0,1,0,1,0,0,6,8,3,\"NA\",0.58578644,2,3,2,4,5,3,\"NA\",1.70710678,1,5,5,1,1,\"NA\",0,0,5,2,0,1,0,4,4,1,\"NA\",1,1,1,1,\"NA\",\"NA\",0,0,1,2,2,2,\"NA\",\"NA\",1,1,2,\"NA\",1.58578644,3,\"NA\",2.70710678,2,\"NA\",\"NA\",2.15470054,1,1,\"NA\",\"NA\",1.57735027,1,7,9,\"NA\",\"NA\",4.73205081,3,0,1,0,0,\"NA\",2.41421356,1,1,1,0,1,3,0,0,5,5,4,3,2,4,3,5,1,3,1,\"NA\",1.70710678,\"NA\",\"NA\",1.42264973,2,0,\"NA\",2.82842712,0,\"NA\",\"NA\",3.15470054,\"NA\",1.70710678,1,0,2,1,3,1,0,1,0,0,0,0,\"NA\",0,\"NA\",0,0,1,0,\"NA\",0.70710678,0,1,0,0,2,\"NA\",5.58578644,7,7,10,3,0,1,1,0,2,1,0,2,1,2,0,2,2,1,1,0,1,0,0,1,1,2,1,0,1,0,0,0,0,\"NA\",0,\"NA\",0,\"NA\",0,\"NA\",0,0,0,0,0,\"NA\",0,0,0,0,0,\"NA\",\"NA\",0,0,0,0,\"NA\",0.29289322,1,0,0,0,1,0,1,0,0,0,0,\"NA\",0,\"NA\",0,\"NA\",0,\"NA\",0,0,0,0,0,0,0,1,0,0,4,0,\"NA\",2.29289322,3,5,2,1,4,3,1,3,2,5,\"NA\",\"NA\",2.88675135,-2.22044605e-16,\"NA\",1,1,0,0,0,1,0,\"NA\",\"NA\",0,0,2,0,0,2,\"NA\",0,0,1,4,\"NA\",\"NA\",\"NA\",2.5,0,0,1,0,0,0,1,0,\"NA\",\"NA\",\"NA\",0,0,0,0,0,0,1,0,0,1,0,0,\"NA\",\"NA\",\"NA\",\"NA\",\"NA\",\"NA\",\"NA\",\"NA\",\"NA\",\"NA\",\"NA\",\"NA\",\"NA\",\"NA\",\"NA\",\"NA\",0,\"NA\",\"NA\",\"NA\",0,0,0,0,0,0,0,\"NA\",\"NA\",0,0,0,0,2,\"NA\",2,2,2,1,0,1,1,\"NA\",\"NA\",7.84529946,9,\"NA\",5.24264069,\"NA\",0.70710678,0,1,0,0,\"NA\",0,0,0,\"NA\",0,\"NA\"]}]},{\"type\":\"double\",\"attributes\":{},\"value\":[95]},{\"type\":\"double\",\"attributes\":{\"tsp\":{\"type\":\"double\",\"attributes\":{},\"value\":[373,385,1]},\"class\":{\"type\":\"character\",\"attributes\":{},\"value\":[\"ts\"]}},\"value\":[0,0,0,0,0,0,0,0,0,0,0,0,0]},{\"type\":\"double\",\"attributes\":{\"dim\":{\"type\":\"integer\",\"attributes\":{},\"value\":[13,1]},\"dimnames\":{\"type\":\"list\",\"attributes\":{},\"value\":[{\"type\":\"NULL\"},{\"type\":\"character\",\"attributes\":{},\"value\":[\"95%\"]}]},\"tsp\":{\"type\":\"double\",\"attributes\":{},\"value\":[373,385,1]},\"class\":{\"type\":\"character\",\"attributes\":{},\"value\":[\"ts\"]}},\"value\":[-4.52218078,-5.53851772,-6.39532939,-7.15019563,-7.83264687,-8.46022556,-9.04436156,-9.59299409,-10.11190363,-10.605454,-11.07703544,-11.52934402,-11.96456573]},{\"type\":\"double\",\"attributes\":{\"dim\":{\"type\":\"integer\",\"attributes\":{},\"value\":[13,1]},\"dimnames\":{\"type\":\"list\",\"attributes\":{},\"value\":[{\"type\":\"NULL\"},{\"type\":\"character\",\"attributes\":{},\"value\":[\"95%\"]}]},\"tsp\":{\"type\":\"double\",\"attributes\":{},\"value\":[373,385,1]},\"class\":{\"type\":\"character\",\"attributes\":{},\"value\":[\"ts\"]}},\"value\":[4.52218078,5.53851772,6.39532939,7.15019563,7.83264687,8.46022556,9.04436156,9.59299409,10.11190363,10.605454,11.07703544,11.52934402,11.96456573]},{\"type\":\"integer\",\"attributes\":{\"tsp\":{\"type\":\"double\",\"attributes\":{},\"value\":[1,372,1]},\"class\":{\"type\":\"character\",\"attributes\":{},\"value\":[\"ts\"]}},\"value\":[0,0,0,0,0,0,0,0,0,2,4,0,0,0,0,0,1,0,1,0,0,6,8,3,0,\"NA\",2,3,2,4,5,3,2,\"NA\",1,5,5,1,1,0,\"NA\",0,5,2,0,1,0,4,4,1,1,\"NA\",1,1,1,0,\"NA\",\"NA\",0,1,2,2,2,1,\"NA\",\"NA\",1,2,1,\"NA\",3,3,\"NA\",2,3,\"NA\",\"NA\",1,1,2,\"NA\",\"NA\",1,7,9,6,\"NA\",\"NA\",3,0,1,0,0,3,\"NA\",1,1,1,0,1,3,0,0,5,5,4,3,2,4,3,5,1,3,1,2,\"NA\",1,\"NA\",\"NA\",2,0,4,\"NA\",0,4,\"NA\",\"NA\",2,\"NA\",1,0,2,1,3,1,0,1,0,0,0,0,0,\"NA\",0,\"NA\",0,1,0,1,\"NA\",0,1,0,0,2,5,\"NA\",7,7,10,3,0,1,1,0,2,1,0,2,1,2,0,2,2,1,1,0,1,0,0,1,1,2,1,0,1,0,0,0,0,0,\"NA\",0,\"NA\",0,\"NA\",0,\"NA\",0,0,0,0,0,\"NA\",0,0,0,0,0,\"NA\",\"NA\",0,0,0,0,\"NA\",1,0,0,0,1,0,1,0,0,0,0,0,\"NA\",0,\"NA\",0,\"NA\",0,\"NA\",0,0,0,0,0,0,1,0,0,4,0,2,\"NA\",3,5,2,1,4,3,1,3,2,5,5,\"NA\",\"NA\",0,1,\"NA\",1,0,0,0,1,0,0,\"NA\",\"NA\",0,2,0,0,2,0,\"NA\",0,1,4,5,\"NA\",\"NA\",\"NA\",0,0,1,0,0,0,1,0,0,\"NA\",\"NA\",\"NA\",0,0,0,0,0,1,0,0,1,0,0,0,\"NA\",\"NA\",\"NA\",\"NA\",\"NA\",\"NA\",\"NA\",\"NA\",\"NA\",\"NA\",\"NA\",\"NA\",\"NA\",\"NA\",\"NA\",\"NA\",0,\"NA\",\"NA\",\"NA\",0,0,0,0,0,0,0,\"NA\",\"NA\",0,0,0,2,2,\"NA\",2,2,1,0,1,1,7,\"NA\",\"NA\",9,7,\"NA\",1,\"NA\",0,1,0,0,0,\"NA\",0,0,0,\"NA\",0,\"NA\"]},{\"type\":\"character\",\"attributes\":{},\"value\":[\"c(0L, 0L, 0L, 0L, 0L, 0L, 0L, 0L, 0L, 2L, 4L, 0L, 0L, 0L, 0L, \",\"0L, 1L, 0L, 1L, 0L, 0L, 6L, 8L, 3L, 0L, NA, 2L, 3L, 2L, 4L, 5L, \",\"3L, 2L, NA, 1L, 5L, 5L, 1L, 1L, 0L, NA, 0L, 5L, 2L, 0L, 1L, 0L, \",\"4L, 4L, 1L, 1L, NA, 1L, 1L, 1L, 0L, NA, NA, 0L, 1L, 2L, 2L, 2L, \",\"1L, NA, NA, 1L, 2L, 1L, NA, 3L, 3L, NA, 2L, 3L, NA, NA, 1L, 1L, \",\"2L, NA, NA, 1L, 7L, 9L, 6L, NA, NA, 3L, 0L, 1L, 0L, 0L, 3L, NA, \",\"1L, 1L, 1L, 0L, 1L, 3L, 0L, 0L, 5L, 5L, 4L, 3L, 2L, 4L, 3L, 5L, \",\"1L, 3L, 1L, 2L, NA, 1L, NA, NA, 2L, 0L, 4L, NA, 0L, 4L, NA, NA, \",\"2L, NA, 1L, 0L, 2L, 1L, 3L, 1L, 0L, 1L, 0L, 0L, 0L, 0L, 0L, NA, \",\"0L, NA, 0L, 1L, 0L, 1L, NA, 0L, 1L, 0L, 0L, 2L, 5L, NA, 7L, 7L, \",\"10L, 3L, 0L, 1L, 1L, 0L, 2L, 1L, 0L, 2L, 1L, 2L, 0L, 2L, 2L, \",\"1L, 1L, 0L, 1L, 0L, 0L, 1L, 1L, 2L, 1L, 0L, 1L, 0L, 0L, 0L, 0L, \",\"0L, NA, 0L, NA, 0L, NA, 0L, NA, 0L, 0L, 0L, 0L, 0L, NA, 0L, 0L, \",\"0L, 0L, 0L, NA, NA, 0L, 0L, 0L, 0L, NA, 1L, 0L, 0L, 0L, 1L, 0L, \",\"1L, 0L, 0L, 0L, 0L, 0L, NA, 0L, NA, 0L, NA, 0L, NA, 0L, 0L, 0L, \",\"0L, 0L, 0L, 1L, 0L, 0L, 4L, 0L, 2L, NA, 3L, 5L, 2L, 1L, 4L, 3L, \",\"1L, 3L, 2L, 5L, 5L, NA, NA, 0L, 1L, NA, 1L, 0L, 0L, 0L, 1L, 0L, \",\"0L, NA, NA, 0L, 2L, 0L, 0L, 2L, 0L, NA, 0L, 1L, 4L, 5L, NA, NA, \",\"NA, 0L, 0L, 1L, 0L, 0L, 0L, 1L, 0L, 0L, NA, NA, NA, 0L, 0L, 0L, \",\"0L, 0L, 1L, 0L, 0L, 1L, 0L, 0L, 0L, NA, NA, NA, NA, NA, NA, NA, \",\"NA, NA, NA, NA, NA, NA, NA, NA, NA, 0L, NA, NA, NA, 0L, 0L, 0L, \",\"0L, 0L, 0L, 0L, NA, NA, 0L, 0L, 0L, 2L, 2L, NA, 2L, 2L, 1L, 0L, \",\"1L, 1L, 7L, NA, NA, 9L, 7L, NA, 1L, NA, 0L, 1L, 0L, 0L, 0L, NA, \",\"0L, 0L, 0L, NA, 0L, NA)\"]},{\"type\":\"double\",\"attributes\":{\"tsp\":{\"type\":\"double\",\"attributes\":{},\"value\":[1,372,1]},\"class\":{\"type\":\"character\",\"attributes\":{},\"value\":[\"ts\"]}},\"value\":[0,0,0,0,0,0,0,0,0,0,2,4,0,0,0,0,0,1,0,1,0,0,6,8,3,\"NA\",0.58578644,2,3,2,4,5,3,\"NA\",1.70710678,1,5,5,1,1,\"NA\",0,0,5,2,0,1,0,4,4,1,\"NA\",1,1,1,1,\"NA\",\"NA\",0,0,1,2,2,2,\"NA\",\"NA\",1,1,2,\"NA\",1.58578644,3,\"NA\",2.70710678,2,\"NA\",\"NA\",2.15470054,1,1,\"NA\",\"NA\",1.57735027,1,7,9,\"NA\",\"NA\",4.73205081,3,0,1,0,0,\"NA\",2.41421356,1,1,1,0,1,3,0,0,5,5,4,3,2,4,3,5,1,3,1,\"NA\",1.70710678,\"NA\",\"NA\",1.42264973,2,0,\"NA\",2.82842712,0,\"NA\",\"NA\",3.15470054,\"NA\",1.70710678,1,0,2,1,3,1,0,1,0,0,0,0,\"NA\",0,\"NA\",0,0,1,0,\"NA\",0.70710678,0,1,0,0,2,\"NA\",5.58578644,7,7,10,3,0,1,1,0,2,1,0,2,1,2,0,2,2,1,1,0,1,0,0,1,1,2,1,0,1,0,0,0,0,\"NA\",0,\"NA\",0,\"NA\",0,\"NA\",0,0,0,0,0,\"NA\",0,0,0,0,0,\"NA\",\"NA\",0,0,0,0,\"NA\",0.29289322,1,0,0,0,1,0,1,0,0,0,0,\"NA\",0,\"NA\",0,\"NA\",0,\"NA\",0,0,0,0,0,0,0,1,0,0,4,0,\"NA\",2.29289322,3,5,2,1,4,3,1,3,2,5,\"NA\",\"NA\",2.88675135,-2.22044605e-16,\"NA\",1,1,0,0,0,1,0,\"NA\",\"NA\",0,0,2,0,0,2,\"NA\",0,0,1,4,\"NA\",\"NA\",\"NA\",2.5,0,0,1,0,0,0,1,0,\"NA\",\"NA\",\"NA\",0,0,0,0,0,0,1,0,0,1,0,0,\"NA\",\"NA\",\"NA\",\"NA\",\"NA\",\"NA\",\"NA\",\"NA\",\"NA\",\"NA\",\"NA\",\"NA\",\"NA\",\"NA\",\"NA\",\"NA\",0,\"NA\",\"NA\",\"NA\",0,0,0,0,0,0,0,\"NA\",\"NA\",0,0,0,0,2,\"NA\",2,2,2,1,0,1,1,\"NA\",\"NA\",7.84529946,9,\"NA\",5.24264069,\"NA\",0.70710678,0,1,0,0,\"NA\",0,0,0,\"NA\",0,\"NA\"]},{\"type\":\"double\",\"attributes\":{\"tsp\":{\"type\":\"double\",\"attributes\":{},\"value\":[1,372,1]},\"class\":{\"type\":\"character\",\"attributes\":{},\"value\":[\"ts\"]}},\"value\":[0,0,0,0,0,0,0,0,0,2,2,-4,0,0,0,0,1,-1,1,-1,0,6,2,-5,-3,\"NA\",1.41421356,1,-1,2,1,-2,-1,\"NA\",-0.70710678,4,0,-4,0,-1,\"NA\",0,5,-3,-2,1,-1,4,0,-3,0,\"NA\",0,0,0,-1,\"NA\",\"NA\",0,1,1,0,0,-1,\"NA\",\"NA\",0,1,-1,\"NA\",1.41421356,0,\"NA\",-0.70710678,1,\"NA\",\"NA\",-1.15470054,0,1,\"NA\",\"NA\",-0.57735027,6,2,-3,\"NA\",\"NA\",-1.73205081,-3,1,-1,0,3,\"NA\",-1.41421356,0,0,-1,1,2,-3,0,5,0,-1,-1,-1,2,-1,2,-4,2,-2,1,\"NA\",-0.70710678,\"NA\",\"NA\",0.57735027,-2,4,\"NA\",-2.82842712,4,\"NA\",\"NA\",-1.15470054,\"NA\",-0.70710678,-1,2,-1,2,-2,-1,1,-1,0,0,0,0,\"NA\",0,\"NA\",0,1,-1,1,\"NA\",-0.70710678,1,-1,0,2,3,\"NA\",1.41421356,0,3,-7,-3,1,0,-1,2,-1,-1,2,-1,1,-2,2,0,-1,0,-1,1,-1,0,1,0,1,-1,-1,1,-1,0,0,0,0,\"NA\",0,\"NA\",0,\"NA\",0,\"NA\",0,0,0,0,0,\"NA\",0,0,0,0,0,\"NA\",\"NA\",0,0,0,0,\"NA\",0.70710678,-1,0,0,1,-1,1,-1,0,0,0,0,\"NA\",0,\"NA\",0,\"NA\",0,\"NA\",0,0,0,0,0,0,1,-1,0,4,-4,2,\"NA\",0.70710678,2,-3,-1,3,-1,-2,2,-1,3,0,\"NA\",\"NA\",-2.88675135,1,\"NA\",0,-1,0,0,1,-1,0,\"NA\",\"NA\",0,2,-2,0,2,-2,\"NA\",0,1,3,1,\"NA\",\"NA\",\"NA\",-2.5,0,1,-1,0,0,1,-1,0,\"NA\",\"NA\",\"NA\",0,0,0,0,0,1,-1,0,1,-1,0,0,\"NA\",\"NA\",\"NA\",\"NA\",\"NA\",\"NA\",\"NA\",\"NA\",\"NA\",\"NA\",\"NA\",\"NA\",\"NA\",\"NA\",\"NA\",\"NA\",0,\"NA\",\"NA\",\"NA\",0,0,0,0,0,0,0,\"NA\",\"NA\",0,0,0,2,0,\"NA\",0,0,-1,-1,1,0,6,\"NA\",\"NA\",1.15470054,-2,\"NA\",-4.24264069,\"NA\",-0.70710678,1,-1,0,0,\"NA\",0,0,0,\"NA\",0,\"NA\"]}]}"]
