["{\"type\":\"list\",\"attributes\":{\"names\":{\"type\":\"character\",\"attributes\":{},\"value\":[\"Point.Forecast\",\"Lo.95\",\"Hi.95\",\"moon\",\"model\",\"dataset\",\"species\",\"forecast_id\"]}},\"value\":[{\"type\":\"double\",\"attributes\":{},\"value\":[0,0,0,0,0,0,0,0,0,0,0,0,0,0]},{\"type\":\"double\",\"attributes\":{},\"value\":[-0.23098397,-0.32666066,-0.40007597,-0.46196794,-0.51649586,-0.56579287,-0.61112614,-0.65332133,-0.69295191,-0.73043545,-0.76608716,-0.80015195,-0.83282455,-0.86426288]},{\"type\":\"double\",\"attributes\":{},\"value\":[0.23098397,0.32666066,0.40007597,0.46196794,0.51649586,0.56579287,0.61112614,0.65332133,0.69295191,0.73043545,0.76608716,0.80015195,0.83282455,0.86426288]},{\"type\":\"integer\",\"attributes\":{},\"value\":[524,525,526,527,528,529,530,531,532,533,534,535,536,537]},{\"type\":\"character\",\"attributes\":{},\"value\":[\"NaiveArima\"]},{\"type\":\"character\",\"attributes\":{},\"value\":[\"exclosures\"]},{\"type\":\"character\",\"attributes\":{},\"value\":[\"PL\"]},{\"type\":\"character\",\"attributes\":{},\"value\":[\"168.12\"]}]}"]
