["{\"type\":\"list\",\"attributes\":{\"names\":{\"type\":\"character\",\"attributes\":{},\"value\":[\"Point.Forecast\",\"Lo.95\",\"Hi.95\",\"moon\",\"model\",\"dataset\",\"species\",\"forecast_id\"]}},\"value\":[{\"type\":\"double\",\"attributes\":{},\"value\":[0.077,0.077,0.077,0.077,0.077,0.077,0.077,0.077,0.077,0.077,0.077,0.077,0.077,0.077]},{\"type\":\"double\",\"attributes\":{},\"value\":[0.054,0.054,0.054,0.054,0.053,0.052,0.052,0.052,0.051,0.052,0.051,0.052,0.051,0.051]},{\"type\":\"double\",\"attributes\":{},\"value\":[0.107,0.107,0.107,0.108,0.107,0.107,0.108,0.108,0.107,0.109,0.108,0.109,0.108,0.109]},{\"type\":\"integer\",\"attributes\":{},\"value\":[524,525,526,527,528,529,530,531,532,533,534,535,536,537]},{\"type\":\"character\",\"attributes\":{},\"value\":[\"jags_RW\"]},{\"type\":\"character\",\"attributes\":{},\"value\":[\"exclosures\"]},{\"type\":\"character\",\"attributes\":{},\"value\":[\"DO\"]},{\"type\":\"character\",\"attributes\":{},\"value\":[\"165.03\"]}]}"]
