["{\"type\":\"list\",\"attributes\":{\"names\":{\"type\":\"character\",\"attributes\":{},\"value\":[\"Point.Forecast\",\"Lo.95\",\"Hi.95\",\"moon\",\"model\",\"dataset\",\"species\",\"forecast_id\"]}},\"value\":[{\"type\":\"double\",\"attributes\":{},\"value\":[0,0,0,0,0,0,0,0,0,0,0,0,0,0]},{\"type\":\"double\",\"attributes\":{},\"value\":[-0.76952039,-1.08826618,-1.33284842,-1.53904079,-1.72069991,-1.88493231,-2.03595959,-2.17653235,-2.30856118,-2.43343715,-2.55221041,-2.66569684,-2.77454524,-2.87928167]},{\"type\":\"double\",\"attributes\":{},\"value\":[0.76952039,1.08826618,1.33284842,1.53904079,1.72069991,1.88493231,2.03595959,2.17653235,2.30856118,2.43343715,2.55221041,2.66569684,2.77454524,2.87928167]},{\"type\":\"integer\",\"attributes\":{},\"value\":[524,525,526,527,528,529,530,531,532,533,534,535,536,537]},{\"type\":\"character\",\"attributes\":{},\"value\":[\"NaiveArima\"]},{\"type\":\"character\",\"attributes\":{},\"value\":[\"controls\"]},{\"type\":\"character\",\"attributes\":{},\"value\":[\"DS\"]},{\"type\":\"character\",\"attributes\":{},\"value\":[\"167.04\"]}]}"]
