["{\"type\":\"list\",\"attributes\":{\"names\":{\"type\":\"character\",\"attributes\":{},\"value\":[\"Point.Forecast\",\"Lo.95\",\"Hi.95\",\"moon\",\"model\",\"dataset\",\"species\",\"forecast_id\"]}},\"value\":[{\"type\":\"double\",\"attributes\":{},\"value\":[0,0,0,0,0,0,0,0,0,0,0,0,0,0]},{\"type\":\"double\",\"attributes\":{},\"value\":[-5.07982107,-7.18395185,-8.79850818,-10.15964214,-11.35882522,-12.4429696,-13.43994325,-14.3679037,-15.2394632,-16.06380468,-16.84786048,-17.59701636,-18.31555533,-19.00695002]},{\"type\":\"double\",\"attributes\":{},\"value\":[5.07982107,7.18395185,8.79850818,10.15964214,11.35882522,12.4429696,13.43994325,14.3679037,15.2394632,16.06380468,16.84786048,17.59701636,18.31555533,19.00695002]},{\"type\":\"integer\",\"attributes\":{},\"value\":[524,525,526,527,528,529,530,531,532,533,534,535,536,537]},{\"type\":\"character\",\"attributes\":{},\"value\":[\"AutoArima\"]},{\"type\":\"character\",\"attributes\":{},\"value\":[\"all\"]},{\"type\":\"character\",\"attributes\":{},\"value\":[\"PM\"]},{\"type\":\"character\",\"attributes\":{},\"value\":[\"157.14\"]}]}"]
