["{\"type\":\"list\",\"attributes\":{\"names\":{\"type\":\"character\",\"attributes\":{},\"value\":[\"Point.Forecast\",\"Lo.95\",\"Hi.95\",\"moon\",\"model\",\"dataset\",\"species\",\"forecast_id\"]}},\"value\":[{\"type\":\"double\",\"attributes\":{},\"value\":[0,0,0,0,0,0,0,0,0,0,0,0,0,0]},{\"type\":\"double\",\"attributes\":{},\"value\":[-2.87047919,-4.05947061,-4.97181581,-5.74095839,-6.41858661,-7.03120934,-7.59457409,-8.11894121,-8.61143758,-9.07725223,-9.52030246,-9.94363161,-10.34965992,-10.74034968]},{\"type\":\"double\",\"attributes\":{},\"value\":[2.87047919,4.05947061,4.97181581,5.74095839,6.41858661,7.03120934,7.59457409,8.11894121,8.61143758,9.07725223,9.52030246,9.94363161,10.34965992,10.74034968]},{\"type\":\"integer\",\"attributes\":{},\"value\":[524,525,526,527,528,529,530,531,532,533,534,535,536,537]},{\"type\":\"character\",\"attributes\":{},\"value\":[\"NaiveArima\"]},{\"type\":\"character\",\"attributes\":{},\"value\":[\"controls\"]},{\"type\":\"character\",\"attributes\":{},\"value\":[\"PF\"]},{\"type\":\"character\",\"attributes\":{},\"value\":[\"167.11\"]}]}"]
