["{\"type\":\"list\",\"attributes\":{\"names\":{\"type\":\"character\",\"attributes\":{},\"value\":[\"Point.Forecast\",\"Lo.95\",\"Hi.95\",\"moon\",\"model\",\"dataset\",\"species\",\"forecast_id\"]}},\"value\":[{\"type\":\"double\",\"attributes\":{},\"value\":[0,0,0,0,0,0,0,0,0,0,0,0,0,0]},{\"type\":\"double\",\"attributes\":{},\"value\":[-2.00640369,-2.83748331,-3.47519313,-4.01280737,-4.48645503,-4.91466525,-5.30844519,-5.67496661,-6.01921106,-6.34480556,-6.65448821,-6.95038625,-7.23419137,-7.50727518]},{\"type\":\"double\",\"attributes\":{},\"value\":[2.00640369,2.83748331,3.47519313,4.01280737,4.48645503,4.91466525,5.30844519,5.67496661,6.01921106,6.34480556,6.65448821,6.95038625,7.23419137,7.50727518]},{\"type\":\"integer\",\"attributes\":{},\"value\":[524,525,526,527,528,529,530,531,532,533,534,535,536,537]},{\"type\":\"character\",\"attributes\":{},\"value\":[\"NaiveArima\"]},{\"type\":\"character\",\"attributes\":{},\"value\":[\"exclosures\"]},{\"type\":\"character\",\"attributes\":{},\"value\":[\"DM\"]},{\"type\":\"character\",\"attributes\":{},\"value\":[\"168.02\"]}]}"]
