["{\"type\":\"list\",\"attributes\":{\"names\":{\"type\":\"character\",\"attributes\":{},\"value\":[\"Point.Forecast\",\"Lo.95\",\"Hi.95\",\"moon\",\"model\",\"dataset\",\"species\",\"forecast_id\"]}},\"value\":[{\"type\":\"double\",\"attributes\":{},\"value\":[0,0,0,0,0,0,0,0,0,0,0,0,0,0]},{\"type\":\"double\",\"attributes\":{},\"value\":[-0.57135635,-0.8080199,-0.98961823,-1.14271271,-1.27759164,-1.39953153,-1.51166682,-1.61603981,-1.71406906,-1.80678743,-1.89497464,-1.97923646,-2.06005463,-2.13781972]},{\"type\":\"double\",\"attributes\":{},\"value\":[0.57135635,0.8080199,0.98961823,1.14271271,1.27759164,1.39953153,1.51166682,1.61603981,1.71406906,1.80678743,1.89497464,1.97923646,2.06005463,2.13781972]},{\"type\":\"integer\",\"attributes\":{},\"value\":[524,525,526,527,528,529,530,531,532,533,534,535,536,537]},{\"type\":\"character\",\"attributes\":{},\"value\":[\"NaiveArima\"]},{\"type\":\"character\",\"attributes\":{},\"value\":[\"all\"]},{\"type\":\"character\",\"attributes\":{},\"value\":[\"PH\"]},{\"type\":\"character\",\"attributes\":{},\"value\":[\"166.12\"]}]}"]
