["{\"type\":\"list\",\"attributes\":{\"names\":{\"type\":\"character\",\"attributes\":{},\"value\":[\"Point.Forecast\",\"Lo.95\",\"Hi.95\",\"moon\",\"model\",\"dataset\",\"species\",\"forecast_id\"]}},\"value\":[{\"type\":\"double\",\"attributes\":{},\"value\":[0,0,0,0,0,0,0,0,0,0,0,0,0,0]},{\"type\":\"double\",\"attributes\":{},\"value\":[-2.16428981,-3.060768,-3.74865991,-4.32857962,-4.83949914,-5.30140569,-5.7261726,-6.121536,-6.49286943,-6.84408532,-7.17813724,-7.49731983,-7.80345788,-8.09803095]},{\"type\":\"double\",\"attributes\":{},\"value\":[2.16428981,3.060768,3.74865991,4.32857962,4.83949914,5.30140569,5.7261726,6.121536,6.49286943,6.84408532,7.17813724,7.49731983,7.80345788,8.09803095]},{\"type\":\"integer\",\"attributes\":{},\"value\":[524,525,526,527,528,529,530,531,532,533,534,535,536,537]},{\"type\":\"character\",\"attributes\":{},\"value\":[\"NaiveArima\"]},{\"type\":\"character\",\"attributes\":{},\"value\":[\"controls\"]},{\"type\":\"character\",\"attributes\":{},\"value\":[\"SF\"]},{\"type\":\"character\",\"attributes\":{},\"value\":[\"167.17\"]}]}"]
