"currency","model","dataset","species","estimate","lower_pi","upper_pi","confidence_level","old_cast_id","forecast_id","origin","newmoonnumber","forecast_date","forecast_month","forecast_year","forecast_group","historic_start_newmoonnumber","historic_end_newmoonnumber","forecast_start_newmoonnumber","forecast_end_newmoonnumber","lead_time_newmoons","max_lag","lag_buffer"
"abundance","GPEDM","controls","RF",0,,,0.95,704,"704.16",,528,2020-04-02,2,2020,30,217,529,528,541,-1,,
"abundance","GPEDM","controls","RF",0,,,0.95,704,"704.16",,529,2020-04-02,3,2020,30,217,529,528,541,0,,
"abundance","GPEDM","controls","RF",0,,,0.95,704,"704.16",,530,2020-04-02,4,2020,30,217,529,528,541,1,,
"abundance","GPEDM","controls","RF",0,,,0.95,704,"704.16",,531,2020-04-02,5,2020,30,217,529,528,541,2,,
"abundance","GPEDM","controls","RF",0,,,0.95,704,"704.16",,532,2020-04-02,6,2020,30,217,529,528,541,3,,
"abundance","GPEDM","controls","RF",0,,,0.95,704,"704.16",,533,2020-04-02,7,2020,30,217,529,528,541,4,,
"abundance","GPEDM","controls","RF",0,,,0.95,704,"704.16",,534,2020-04-02,8,2020,30,217,529,528,541,5,,
"abundance","GPEDM","controls","RF",0,,,0.95,704,"704.16",,535,2020-04-02,9,2020,30,217,529,528,541,6,,
"abundance","GPEDM","controls","RF",0,,,0.95,704,"704.16",,536,2020-04-02,10,2020,30,217,529,528,541,7,,
"abundance","GPEDM","controls","RF",0,,,0.95,704,"704.16",,537,2020-04-02,11,2020,30,217,529,528,541,8,,
"abundance","GPEDM","controls","RF",0,,,0.95,704,"704.16",,538,2020-04-02,12,2020,30,217,529,528,541,9,,
"abundance","GPEDM","controls","RF",0,,,0.95,704,"704.16",,539,2020-04-02,1,2021,30,217,529,528,541,10,,
"abundance","GPEDM","controls","RF",0,,,0.95,704,"704.16",,540,2020-04-02,2,2021,30,217,529,528,541,11,,
"abundance","GPEDM","controls","RF",0,,,0.95,704,"704.16",,541,2020-04-02,3,2021,30,217,529,528,541,12,,
