"currency","model","confidence_level","dataset","species","estimate","lower_pi","upper_pi","old_cast_id","forecast_id","origin","newmoonnumber","forecast_date","forecast_month","forecast_year","forecast_group","historic_start_newmoonnumber","historic_end_newmoonnumber","forecast_start_newmoonnumber","forecast_end_newmoonnumber","lead_time_newmoons","max_lag","lag_buffer"
"abundance","nbGARCH",0.95,"controls","SF",0.116559167460347,0,1,2923,"2923.17",,559,2022-09-29,8,2022,114,217,560,559,572,-1,,
"abundance","nbGARCH",0.95,"controls","SF",0.12990488460432,0,1,2923,"2923.17",,560,2022-09-29,9,2022,114,217,560,559,572,0,,
"abundance","nbGARCH",0.95,"controls","SF",0.131431395894102,0,1,2923,"2923.17",,561,2022-09-29,10,2022,114,217,560,559,572,1,,
"abundance","nbGARCH",0.95,"controls","SF",0.131605982146066,0,1,2923,"2923.17",,562,2022-09-29,11,2022,114,217,560,559,572,2,,
"abundance","nbGARCH",0.95,"controls","SF",0.131625949227413,0,1,2923,"2923.17",,563,2022-09-29,12,2022,114,217,560,559,572,3,,
"abundance","nbGARCH",0.95,"controls","SF",0.131628232819383,0,1,2923,"2923.17",,564,2022-09-29,1,2023,114,217,560,559,572,4,,
"abundance","nbGARCH",0.95,"controls","SF",0.131628493988821,0,1,2923,"2923.17",,565,2022-09-29,2,2023,114,217,560,559,572,5,,
"abundance","nbGARCH",0.95,"controls","SF",0.1316285238582,0,1,2923,"2923.17",,566,2022-09-29,3,2023,114,217,560,559,572,6,,
"abundance","nbGARCH",0.95,"controls","SF",0.131628527274305,0,1,2923,"2923.17",,567,2022-09-29,4,2023,114,217,560,559,572,7,,
"abundance","nbGARCH",0.95,"controls","SF",0.131628527664998,0,1,2923,"2923.17",,568,2022-09-29,5,2023,114,217,560,559,572,8,,
"abundance","nbGARCH",0.95,"controls","SF",0.131628527709671,0,1,2923,"2923.17",,569,2022-09-29,6,2023,114,217,560,559,572,9,,
"abundance","nbGARCH",0.95,"controls","SF",0.13162852771478,0,1,2923,"2923.17",,570,2022-09-29,7,2023,114,217,560,559,572,10,,
"abundance","nbGARCH",0.95,"controls","SF",0.131628527715364,0,1,2923,"2923.17",,571,2022-09-29,8,2023,114,217,560,559,572,11,,
"abundance","nbGARCH",0.95,"controls","SF",0.131827298925162,0,1,2923,"2923.17",,572,2022-09-29,9,2023,114,217,560,559,572,12,,
