["{\"type\":\"list\",\"attributes\":{\"names\":{\"type\":\"character\",\"attributes\":{},\"value\":[\"method\",\"model\",\"level\",\"mean\",\"lower\",\"upper\",\"x\",\"series\",\"fitted\",\"residuals\"]},\"class\":{\"type\":\"character\",\"attributes\":{},\"value\":[\"forecast\"]}},\"value\":[{\"type\":\"character\",\"attributes\":{},\"value\":[\"ARIMA(0,1,0)\"]},{\"type\":\"list\",\"attributes\":{\"names\":{\"type\":\"character\",\"attributes\":{},\"value\":[\"coef\",\"sigma2\",\"var.coef\",\"mask\",\"loglik\",\"aic\",\"arma\",\"residuals\",\"call\",\"series\",\"code\",\"n.cond\",\"nobs\",\"model\",\"aicc\",\"bic\",\"x\",\"fitted\"]},\"class\":{\"type\":\"character\",\"attributes\":{},\"value\":[\"forecast_ARIMA\",\"ARIMA\",\"Arima\"]}},\"value\":[{\"type\":\"double\",\"attributes\":{},\"value\":[]},{\"type\":\"double\",\"attributes\":{},\"value\":[60.74494324]},{\"type\":\"double\",\"attributes\":{},\"value\":[]},{\"type\":\"logical\",\"attributes\":{},\"value\":[]},{\"type\":\"double\",\"attributes\":{},\"value\":[-1010.08485881]},{\"type\":\"double\",\"attributes\":{},\"value\":[2022.16971761]},{\"type\":\"integer\",\"attributes\":{},\"value\":[0,0,0,0,1,1,0]},{\"type\":\"double\",\"attributes\":{\"tsp\":{\"type\":\"double\",\"attributes\":{},\"value\":[1,367,1]},\"class\":{\"type\":\"character\",\"attributes\":{},\"value\":[\"ts\"]}},\"value\":[0,0,0,1,3,0,2,3,11,8,-8,-9,-6,-2,3,2,13,-6,2,-1,3,-7,-6,-5,-1,\"NA\",0,3,16,-2,0,5,-8,\"NA\",-8.48528137,-1,-1,1,-1,0,\"NA\",4.24264069,0,0,0,4,-2,-5,-3,0,0,\"NA\",0,1,9,-8,\"NA\",\"NA\",1.15470054,4.4408921e-16,4,-2,0,-2,\"NA\",\"NA\",0,7,2,\"NA\",-0.70710678,-9,\"NA\",-1.41421356,-1,\"NA\",\"NA\",1.15470054,2,-2,\"NA\",\"NA\",5.19615242,-1,-3,-5,\"NA\",\"NA\",-1.15470054,3,9,2,1,1,\"NA\",-8.48528137,2,-2,-3,1,-2,1,4,3,-3,14,0,-8,-7,-4,0,0,0,0,1,\"NA\",-0.70710678,\"NA\",\"NA\",4.61880215,-2,6,\"NA\",-7.77817459,-1,\"NA\",\"NA\",5.19615242,\"NA\",2.82842712,-1,13,-4,-5,-8,-7,2,-2,3,-1,5,6,\"NA\",11.3137085,\"NA\",-14.14213562,12,6,-7,\"NA\",-9.19238816,13,-6,-5,6,4,\"NA\",0.70710678,-11,-4,-5,-1,1,2,3,1,4,2,-3,-1,-3,-4,-1,-1,0,0,3,6,-7,7,-3,-1,-4,-1,0,0,0,1,-1,6,-4,\"NA\",4.24264069,\"NA\",11.3137085,\"NA\",-12.72792206,\"NA\",-4.24264069,0,4,9,-2,\"NA\",19.09188309,5,-5,2,2,\"NA\",\"NA\",-23.67136104,4,7,14,\"NA\",16.97056275,15,-10,-11,-10,-23,-9,-2,1,6,20,-6,\"NA\",11.3137085,\"NA\",-4.94974747,\"NA\",-7.77817459,\"NA\",-12.02081528,-1,4,21,3,5,11,-25,24,-14,-11,-4,\"NA\",-7.07106781,7,11,12,-11,7,7,6,-11,-14,-12,\"NA\",\"NA\",-4.04145188,5,\"NA\",7.07106781,2,-3,5,-4,-8,-5,\"NA\",\"NA\",-1.15470054,-1.11022302e-16,9,3,10,-4,\"NA\",9.19238816,5,-16,-14,\"NA\",\"NA\",\"NA\",-0.5,5,7,3,0,-13,6,-6,-7,\"NA\",\"NA\",\"NA\",1,5,-3,2,3,3,0,-1,-7,-4,0,0,\"NA\",\"NA\",\"NA\",\"NA\",\"NA\",\"NA\",\"NA\",\"NA\",\"NA\",\"NA\",\"NA\",\"NA\",\"NA\",\"NA\",\"NA\",\"NA\",4.36564125,\"NA\",\"NA\",\"NA\",2,3,1,-16,-4,6,26,\"NA\",\"NA\",20.20725942,-8,-12,2,-16,\"NA\",-21.92031022,-6,6,14,34,-13,4,\"NA\",\"NA\",-5.77350269,-18,\"NA\",-11.3137085,\"NA\",-2.12132034,0,5,4,-2,\"NA\",\"NA\"]},{\"type\":\"language\",\"attributes\":{},\"value\":[\"Arima(y = c(0L, 0L, 0L, 1L, 4L, 4L, 6L, 9L, 20L, 28L, 20L, 11L, \",\"5L, 3L, 6L, 8L, 21L, 15L, 17L, 16L, 19L, 12L, 6L, 1L, 0L, NA, \",\"0L, 3L, 19L, 17L, 17L, 22L, 14L, NA, 2L, 1L, 0L, 1L, 0L, 0L, \",\"NA, 6L, 6L, 6L, 6L, 10L, 8L, 3L, 0L, 0L, 0L, NA, 0L, 1L, 10L, \",\"2L, NA, NA, 4L, 4L, 8L, 6L, 6L, 4L, NA, NA, 4L, 11L, 13L, NA, \",\"12L, 3L, NA, 1L, 0L, NA, NA, 2L, 4L, 2L, NA, NA, 11L, 10L, 7L, \",\"2L, NA, NA, 0L, 3L, 12L, 14L, 15L, 16L, NA, 4L, 6L, 4L, 1L, 2L, \",\"0L, 1L, 5L, 8L, 5L, 19L, 19L, 11L, 4L, 0L, 0L, 0L, 0L, 0L, 1L, \",\"NA, 0L, NA, NA, 8L, 6L, 12L, NA, 1L, 0L, NA, NA, 9L, NA, 13L, \",\"12L, 25L, 21L, 16L, 8L, 1L, 3L, 1L, 4L, 3L, 8L, 14L, NA, 30L, \",\"NA, 10L, 22L, 28L, 21L, NA, 8L, 21L, 15L, 10L, 16L, 20L, NA, \",\"21L, 10L, 6L, 1L, 0L, 1L, 3L, 6L, 7L, 11L, 13L, 10L, 9L, 6L, \",\"2L, 1L, 0L, 0L, 0L, 3L, 9L, 2L, 9L, 6L, 5L, 1L, 0L, 0L, 0L, 0L, \",\"1L, 0L, 6L, 2L, NA, 8L, NA, 24L, NA, 6L, NA, 0L, 0L, 4L, 13L, \",\"11L, NA, 38L, 43L, 38L, 40L, 42L, NA, NA, 1L, 5L, 12L, 26L, NA, \",\"50L, 65L, 55L, 44L, 34L, 11L, 2L, 0L, 1L, 7L, 27L, 21L, NA, 37L, \",\"NA, 30L, NA, 19L, NA, 2L, 1L, 5L, 26L, 29L, 34L, 45L, 20L, 44L, \",\"30L, 19L, 15L, NA, 5L, 12L, 23L, 35L, 24L, 31L, 38L, 44L, 33L, \",\"19L, 7L, NA, NA, 0L, 5L, NA, 15L, 17L, 14L, 19L, 15L, 7L, 2L, \",\"NA, NA, 0L, 0L, 9L, 12L, 22L, 18L, NA, 31L, 36L, 20L, 6L, NA, \",\"NA, NA, 5L, 10L, 17L, 20L, 20L, 7L, 13L, 7L, 0L, NA, NA, NA, \",\"2L, 7L, 4L, 6L, 9L, 12L, 12L, 11L, 4L, 0L, 0L, 0L, NA, NA, NA, \",\"NA, NA, NA, NA, NA, NA, NA, NA, NA, NA, NA, NA, NA, 18L, NA, \",\"NA, NA, 22L, 25L, 26L, 10L, 6L, 12L, 38L, NA, NA, 73L, 65L, 53L, \",\"55L, 39L, NA, 8L, 2L, 8L, 22L, 56L, 43L, 47L, NA, NA, 37L, 19L, \",\"NA, 3L, NA, 0L, 0L, 5L, 9L, 7L, NA, NA), order = c(0, 1, 0))\"]},{\"type\":\"character\",\"attributes\":{},\"value\":[\"c(0L, 0L, 0L, 1L, 4L, 4L, 6L, 9L, 20L, 28L, 20L, 11L, 5L, 3L, \",\"6L, 8L, 21L, 15L, 17L, 16L, 19L, 12L, 6L, 1L, 0L, NA, 0L, 3L, \",\"19L, 17L, 17L, 22L, 14L, NA, 2L, 1L, 0L, 1L, 0L, 0L, NA, 6L, \",\"6L, 6L, 6L, 10L, 8L, 3L, 0L, 0L, 0L, NA, 0L, 1L, 10L, 2L, NA, \",\"NA, 4L, 4L, 8L, 6L, 6L, 4L, NA, NA, 4L, 11L, 13L, NA, 12L, 3L, \",\"NA, 1L, 0L, NA, NA, 2L, 4L, 2L, NA, NA, 11L, 10L, 7L, 2L, NA, \",\"NA, 0L, 3L, 12L, 14L, 15L, 16L, NA, 4L, 6L, 4L, 1L, 2L, 0L, 1L, \",\"5L, 8L, 5L, 19L, 19L, 11L, 4L, 0L, 0L, 0L, 0L, 0L, 1L, NA, 0L, \",\"NA, NA, 8L, 6L, 12L, NA, 1L, 0L, NA, NA, 9L, NA, 13L, 12L, 25L, \",\"21L, 16L, 8L, 1L, 3L, 1L, 4L, 3L, 8L, 14L, NA, 30L, NA, 10L, \",\"22L, 28L, 21L, NA, 8L, 21L, 15L, 10L, 16L, 20L, NA, 21L, 10L, \",\"6L, 1L, 0L, 1L, 3L, 6L, 7L, 11L, 13L, 10L, 9L, 6L, 2L, 1L, 0L, \",\"0L, 0L, 3L, 9L, 2L, 9L, 6L, 5L, 1L, 0L, 0L, 0L, 0L, 1L, 0L, 6L, \",\"2L, NA, 8L, NA, 24L, NA, 6L, NA, 0L, 0L, 4L, 13L, 11L, NA, 38L, \",\"43L, 38L, 40L, 42L, NA, NA, 1L, 5L, 12L, 26L, NA, 50L, 65L, 55L, \",\"44L, 34L, 11L, 2L, 0L, 1L, 7L, 27L, 21L, NA, 37L, NA, 30L, NA, \",\"19L, NA, 2L, 1L, 5L, 26L, 29L, 34L, 45L, 20L, 44L, 30L, 19L, \",\"15L, NA, 5L, 12L, 23L, 35L, 24L, 31L, 38L, 44L, 33L, 19L, 7L, \",\"NA, NA, 0L, 5L, NA, 15L, 17L, 14L, 19L, 15L, 7L, 2L, NA, NA, \",\"0L, 0L, 9L, 12L, 22L, 18L, NA, 31L, 36L, 20L, 6L, NA, NA, NA, \",\"5L, 10L, 17L, 20L, 20L, 7L, 13L, 7L, 0L, NA, NA, NA, 2L, 7L, \",\"4L, 6L, 9L, 12L, 12L, 11L, 4L, 0L, 0L, 0L, NA, NA, NA, NA, NA, \",\"NA, NA, NA, NA, NA, NA, NA, NA, NA, NA, NA, 18L, NA, NA, NA, \",\"22L, 25L, 26L, 10L, 6L, 12L, 38L, NA, NA, 73L, 65L, 53L, 55L, \",\"39L, NA, 8L, 2L, 8L, 22L, 56L, 43L, 47L, NA, NA, 37L, 19L, NA, \",\"3L, NA, 0L, 0L, 5L, 9L, 7L, NA, NA)\"]},{\"type\":\"double\",\"attributes\":{},\"value\":[0]},{\"type\":\"double\",\"attributes\":{},\"value\":[0]},{\"type\":\"integer\",\"attributes\":{},\"value\":[285]},{\"type\":\"list\",\"attributes\":{\"names\":{\"type\":\"character\",\"attributes\":{},\"value\":[\"phi\",\"theta\",\"Delta\",\"Z\",\"a\",\"P\",\"T\",\"V\",\"h\",\"Pn\"]}},\"value\":[{\"type\":\"double\",\"attributes\":{},\"value\":[]},{\"type\":\"double\",\"attributes\":{},\"value\":[]},{\"type\":\"double\",\"attributes\":{},\"value\":[1]},{\"type\":\"double\",\"attributes\":{},\"value\":[1,1]},{\"type\":\"double\",\"attributes\":{},\"value\":[0,7]},{\"type\":\"double\",\"attributes\":{\"dim\":{\"type\":\"integer\",\"attributes\":{},\"value\":[2,2]}},\"value\":[1,0,0,1]},{\"type\":\"double\",\"attributes\":{\"dim\":{\"type\":\"integer\",\"attributes\":{},\"value\":[2,2]}},\"value\":[0,1,0,1]},{\"type\":\"double\",\"attributes\":{\"dim\":{\"type\":\"integer\",\"attributes\":{},\"value\":[2,2]}},\"value\":[1,0,0,0]},{\"type\":\"double\",\"attributes\":{},\"value\":[0]},{\"type\":\"double\",\"attributes\":{\"dim\":{\"type\":\"integer\",\"attributes\":{},\"value\":[2,2]}},\"value\":[1,0,0,1]}]},{\"type\":\"double\",\"attributes\":{},\"value\":[2022.18385189]},{\"type\":\"double\",\"attributes\":{},\"value\":[2025.82220679]},{\"type\":\"integer\",\"attributes\":{\"tsp\":{\"type\":\"double\",\"attributes\":{},\"value\":[1,367,1]},\"class\":{\"type\":\"character\",\"attributes\":{},\"value\":[\"ts\"]}},\"value\":[0,0,0,1,4,4,6,9,20,28,20,11,5,3,6,8,21,15,17,16,19,12,6,1,0,\"NA\",0,3,19,17,17,22,14,\"NA\",2,1,0,1,0,0,\"NA\",6,6,6,6,10,8,3,0,0,0,\"NA\",0,1,10,2,\"NA\",\"NA\",4,4,8,6,6,4,\"NA\",\"NA\",4,11,13,\"NA\",12,3,\"NA\",1,0,\"NA\",\"NA\",2,4,2,\"NA\",\"NA\",11,10,7,2,\"NA\",\"NA\",0,3,12,14,15,16,\"NA\",4,6,4,1,2,0,1,5,8,5,19,19,11,4,0,0,0,0,0,1,\"NA\",0,\"NA\",\"NA\",8,6,12,\"NA\",1,0,\"NA\",\"NA\",9,\"NA\",13,12,25,21,16,8,1,3,1,4,3,8,14,\"NA\",30,\"NA\",10,22,28,21,\"NA\",8,21,15,10,16,20,\"NA\",21,10,6,1,0,1,3,6,7,11,13,10,9,6,2,1,0,0,0,3,9,2,9,6,5,1,0,0,0,0,1,0,6,2,\"NA\",8,\"NA\",24,\"NA\",6,\"NA\",0,0,4,13,11,\"NA\",38,43,38,40,42,\"NA\",\"NA\",1,5,12,26,\"NA\",50,65,55,44,34,11,2,0,1,7,27,21,\"NA\",37,\"NA\",30,\"NA\",19,\"NA\",2,1,5,26,29,34,45,20,44,30,19,15,\"NA\",5,12,23,35,24,31,38,44,33,19,7,\"NA\",\"NA\",0,5,\"NA\",15,17,14,19,15,7,2,\"NA\",\"NA\",0,0,9,12,22,18,\"NA\",31,36,20,6,\"NA\",\"NA\",\"NA\",5,10,17,20,20,7,13,7,0,\"NA\",\"NA\",\"NA\",2,7,4,6,9,12,12,11,4,0,0,0,\"NA\",\"NA\",\"NA\",\"NA\",\"NA\",\"NA\",\"NA\",\"NA\",\"NA\",\"NA\",\"NA\",\"NA\",\"NA\",\"NA\",\"NA\",\"NA\",18,\"NA\",\"NA\",\"NA\",22,25,26,10,6,12,38,\"NA\",\"NA\",73,65,53,55,39,\"NA\",8,2,8,22,56,43,47,\"NA\",\"NA\",37,19,\"NA\",3,\"NA\",0,0,5,9,7,\"NA\",\"NA\"]},{\"type\":\"double\",\"attributes\":{\"tsp\":{\"type\":\"double\",\"attributes\":{},\"value\":[1,367,1]},\"class\":{\"type\":\"character\",\"attributes\":{},\"value\":[\"ts\"]}},\"value\":[0,0,0,0,1,4,4,6,9,20,28,20,11,5,3,6,8,21,15,17,16,19,12,6,1,\"NA\",0,0,3,19,17,17,22,\"NA\",10.48528137,2,1,0,1,0,\"NA\",1.75735931,6,6,6,6,10,8,3,0,0,\"NA\",0,0,1,10,\"NA\",\"NA\",2.84529946,4,4,8,6,6,\"NA\",\"NA\",4,4,11,\"NA\",12.70710678,12,\"NA\",2.41421356,1,\"NA\",\"NA\",0.84529946,2,4,\"NA\",\"NA\",5.80384758,11,10,7,\"NA\",\"NA\",1.15470054,0,3,12,14,15,\"NA\",12.48528137,4,6,4,1,2,0,1,5,8,5,19,19,11,4,0,0,0,0,0,\"NA\",0.70710678,\"NA\",\"NA\",3.38119785,8,6,\"NA\",8.77817459,1,\"NA\",\"NA\",3.80384758,\"NA\",10.17157288,13,12,25,21,16,8,1,3,1,4,3,8,\"NA\",18.6862915,\"NA\",24.14213562,10,22,28,\"NA\",17.19238816,8,21,15,10,16,\"NA\",20.29289322,21,10,6,1,0,1,3,6,7,11,13,10,9,6,2,1,0,0,0,3,9,2,9,6,5,1,0,0,0,0,1,0,6,\"NA\",3.75735931,\"NA\",12.6862915,\"NA\",18.72792206,\"NA\",4.24264069,0,0,4,13,\"NA\",18.90811691,38,43,38,40,\"NA\",\"NA\",24.67136104,1,5,12,\"NA\",33.02943725,50,65,55,44,34,11,2,0,1,7,27,\"NA\",25.6862915,\"NA\",34.94974747,\"NA\",26.77817459,\"NA\",14.02081528,2,1,5,26,29,34,45,20,44,30,19,\"NA\",12.07106781,5,12,23,35,24,31,38,44,33,19,\"NA\",\"NA\",4.04145188,0,\"NA\",7.92893219,15,17,14,19,15,7,\"NA\",\"NA\",1.15470054,1.11022302e-16,0,9,12,22,\"NA\",21.80761184,31,36,20,\"NA\",\"NA\",\"NA\",5.5,5,10,17,20,20,7,13,7,\"NA\",\"NA\",\"NA\",1,2,7,4,6,9,12,12,11,4,0,0,\"NA\",\"NA\",\"NA\",\"NA\",\"NA\",\"NA\",\"NA\",\"NA\",\"NA\",\"NA\",\"NA\",\"NA\",\"NA\",\"NA\",\"NA\",\"NA\",13.63435875,\"NA\",\"NA\",\"NA\",20,22,25,26,10,6,12,\"NA\",\"NA\",52.79274058,73,65,53,55,\"NA\",29.92031022,8,2,8,22,56,43,\"NA\",\"NA\",42.77350269,37,\"NA\",14.3137085,\"NA\",2.12132034,0,0,5,9,\"NA\",\"NA\"]}]},{\"type\":\"double\",\"attributes\":{},\"value\":[95]},{\"type\":\"double\",\"attributes\":{\"tsp\":{\"type\":\"double\",\"attributes\":{},\"value\":[368,380,1]},\"class\":{\"type\":\"character\",\"attributes\":{},\"value\":[\"ts\"]}},\"value\":[7,7,7,7,7,7,7,7,7,7,7,7,7]},{\"type\":\"double\",\"attributes\":{\"dim\":{\"type\":\"integer\",\"attributes\":{},\"value\":[13,1]},\"dimnames\":{\"type\":\"list\",\"attributes\":{},\"value\":[{\"type\":\"NULL\"},{\"type\":\"character\",\"attributes\":{},\"value\":[\"95%\"]}]},\"tsp\":{\"type\":\"double\",\"attributes\":{},\"value\":[368,380,1]},\"class\":{\"type\":\"character\",\"attributes\":{},\"value\":[\"ts\"]}},\"value\":[-19.45841254,-23.5515432,-27.15766371,-30.41784585,-33.41589274,-36.20640675,-38.8273148,-41.30623128,-43.66400279,-45.91682508,-48.07757778,-50.15670365,-52.16280901]},{\"type\":\"double\",\"attributes\":{\"dim\":{\"type\":\"integer\",\"attributes\":{},\"value\":[13,1]},\"dimnames\":{\"type\":\"list\",\"attributes\":{},\"value\":[{\"type\":\"NULL\"},{\"type\":\"character\",\"attributes\":{},\"value\":[\"95%\"]}]},\"tsp\":{\"type\":\"double\",\"attributes\":{},\"value\":[368,380,1]},\"class\":{\"type\":\"character\",\"attributes\":{},\"value\":[\"ts\"]}},\"value\":[33.45841254,37.5515432,41.15766371,44.41784585,47.41589274,50.20640675,52.8273148,55.30623128,57.66400279,59.91682508,62.07757778,64.15670365,66.16280901]},{\"type\":\"integer\",\"attributes\":{\"tsp\":{\"type\":\"double\",\"attributes\":{},\"value\":[1,367,1]},\"class\":{\"type\":\"character\",\"attributes\":{},\"value\":[\"ts\"]}},\"value\":[0,0,0,1,4,4,6,9,20,28,20,11,5,3,6,8,21,15,17,16,19,12,6,1,0,\"NA\",0,3,19,17,17,22,14,\"NA\",2,1,0,1,0,0,\"NA\",6,6,6,6,10,8,3,0,0,0,\"NA\",0,1,10,2,\"NA\",\"NA\",4,4,8,6,6,4,\"NA\",\"NA\",4,11,13,\"NA\",12,3,\"NA\",1,0,\"NA\",\"NA\",2,4,2,\"NA\",\"NA\",11,10,7,2,\"NA\",\"NA\",0,3,12,14,15,16,\"NA\",4,6,4,1,2,0,1,5,8,5,19,19,11,4,0,0,0,0,0,1,\"NA\",0,\"NA\",\"NA\",8,6,12,\"NA\",1,0,\"NA\",\"NA\",9,\"NA\",13,12,25,21,16,8,1,3,1,4,3,8,14,\"NA\",30,\"NA\",10,22,28,21,\"NA\",8,21,15,10,16,20,\"NA\",21,10,6,1,0,1,3,6,7,11,13,10,9,6,2,1,0,0,0,3,9,2,9,6,5,1,0,0,0,0,1,0,6,2,\"NA\",8,\"NA\",24,\"NA\",6,\"NA\",0,0,4,13,11,\"NA\",38,43,38,40,42,\"NA\",\"NA\",1,5,12,26,\"NA\",50,65,55,44,34,11,2,0,1,7,27,21,\"NA\",37,\"NA\",30,\"NA\",19,\"NA\",2,1,5,26,29,34,45,20,44,30,19,15,\"NA\",5,12,23,35,24,31,38,44,33,19,7,\"NA\",\"NA\",0,5,\"NA\",15,17,14,19,15,7,2,\"NA\",\"NA\",0,0,9,12,22,18,\"NA\",31,36,20,6,\"NA\",\"NA\",\"NA\",5,10,17,20,20,7,13,7,0,\"NA\",\"NA\",\"NA\",2,7,4,6,9,12,12,11,4,0,0,0,\"NA\",\"NA\",\"NA\",\"NA\",\"NA\",\"NA\",\"NA\",\"NA\",\"NA\",\"NA\",\"NA\",\"NA\",\"NA\",\"NA\",\"NA\",\"NA\",18,\"NA\",\"NA\",\"NA\",22,25,26,10,6,12,38,\"NA\",\"NA\",73,65,53,55,39,\"NA\",8,2,8,22,56,43,47,\"NA\",\"NA\",37,19,\"NA\",3,\"NA\",0,0,5,9,7,\"NA\",\"NA\"]},{\"type\":\"character\",\"attributes\":{},\"value\":[\"c(0L, 0L, 0L, 1L, 4L, 4L, 6L, 9L, 20L, 28L, 20L, 11L, 5L, 3L, \",\"6L, 8L, 21L, 15L, 17L, 16L, 19L, 12L, 6L, 1L, 0L, NA, 0L, 3L, \",\"19L, 17L, 17L, 22L, 14L, NA, 2L, 1L, 0L, 1L, 0L, 0L, NA, 6L, \",\"6L, 6L, 6L, 10L, 8L, 3L, 0L, 0L, 0L, NA, 0L, 1L, 10L, 2L, NA, \",\"NA, 4L, 4L, 8L, 6L, 6L, 4L, NA, NA, 4L, 11L, 13L, NA, 12L, 3L, \",\"NA, 1L, 0L, NA, NA, 2L, 4L, 2L, NA, NA, 11L, 10L, 7L, 2L, NA, \",\"NA, 0L, 3L, 12L, 14L, 15L, 16L, NA, 4L, 6L, 4L, 1L, 2L, 0L, 1L, \",\"5L, 8L, 5L, 19L, 19L, 11L, 4L, 0L, 0L, 0L, 0L, 0L, 1L, NA, 0L, \",\"NA, NA, 8L, 6L, 12L, NA, 1L, 0L, NA, NA, 9L, NA, 13L, 12L, 25L, \",\"21L, 16L, 8L, 1L, 3L, 1L, 4L, 3L, 8L, 14L, NA, 30L, NA, 10L, \",\"22L, 28L, 21L, NA, 8L, 21L, 15L, 10L, 16L, 20L, NA, 21L, 10L, \",\"6L, 1L, 0L, 1L, 3L, 6L, 7L, 11L, 13L, 10L, 9L, 6L, 2L, 1L, 0L, \",\"0L, 0L, 3L, 9L, 2L, 9L, 6L, 5L, 1L, 0L, 0L, 0L, 0L, 1L, 0L, 6L, \",\"2L, NA, 8L, NA, 24L, NA, 6L, NA, 0L, 0L, 4L, 13L, 11L, NA, 38L, \",\"43L, 38L, 40L, 42L, NA, NA, 1L, 5L, 12L, 26L, NA, 50L, 65L, 55L, \",\"44L, 34L, 11L, 2L, 0L, 1L, 7L, 27L, 21L, NA, 37L, NA, 30L, NA, \",\"19L, NA, 2L, 1L, 5L, 26L, 29L, 34L, 45L, 20L, 44L, 30L, 19L, \",\"15L, NA, 5L, 12L, 23L, 35L, 24L, 31L, 38L, 44L, 33L, 19L, 7L, \",\"NA, NA, 0L, 5L, NA, 15L, 17L, 14L, 19L, 15L, 7L, 2L, NA, NA, \",\"0L, 0L, 9L, 12L, 22L, 18L, NA, 31L, 36L, 20L, 6L, NA, NA, NA, \",\"5L, 10L, 17L, 20L, 20L, 7L, 13L, 7L, 0L, NA, NA, NA, 2L, 7L, \",\"4L, 6L, 9L, 12L, 12L, 11L, 4L, 0L, 0L, 0L, NA, NA, NA, NA, NA, \",\"NA, NA, NA, NA, NA, NA, NA, NA, NA, NA, NA, 18L, NA, NA, NA, \",\"22L, 25L, 26L, 10L, 6L, 12L, 38L, NA, NA, 73L, 65L, 53L, 55L, \",\"39L, NA, 8L, 2L, 8L, 22L, 56L, 43L, 47L, NA, NA, 37L, 19L, NA, \",\"3L, NA, 0L, 0L, 5L, 9L, 7L, NA, NA)\"]},{\"type\":\"double\",\"attributes\":{\"tsp\":{\"type\":\"double\",\"attributes\":{},\"value\":[1,367,1]},\"class\":{\"type\":\"character\",\"attributes\":{},\"value\":[\"ts\"]}},\"value\":[0,0,0,0,1,4,4,6,9,20,28,20,11,5,3,6,8,21,15,17,16,19,12,6,1,\"NA\",0,0,3,19,17,17,22,\"NA\",10.48528137,2,1,0,1,0,\"NA\",1.75735931,6,6,6,6,10,8,3,0,0,\"NA\",0,0,1,10,\"NA\",\"NA\",2.84529946,4,4,8,6,6,\"NA\",\"NA\",4,4,11,\"NA\",12.70710678,12,\"NA\",2.41421356,1,\"NA\",\"NA\",0.84529946,2,4,\"NA\",\"NA\",5.80384758,11,10,7,\"NA\",\"NA\",1.15470054,0,3,12,14,15,\"NA\",12.48528137,4,6,4,1,2,0,1,5,8,5,19,19,11,4,0,0,0,0,0,\"NA\",0.70710678,\"NA\",\"NA\",3.38119785,8,6,\"NA\",8.77817459,1,\"NA\",\"NA\",3.80384758,\"NA\",10.17157288,13,12,25,21,16,8,1,3,1,4,3,8,\"NA\",18.6862915,\"NA\",24.14213562,10,22,28,\"NA\",17.19238816,8,21,15,10,16,\"NA\",20.29289322,21,10,6,1,0,1,3,6,7,11,13,10,9,6,2,1,0,0,0,3,9,2,9,6,5,1,0,0,0,0,1,0,6,\"NA\",3.75735931,\"NA\",12.6862915,\"NA\",18.72792206,\"NA\",4.24264069,0,0,4,13,\"NA\",18.90811691,38,43,38,40,\"NA\",\"NA\",24.67136104,1,5,12,\"NA\",33.02943725,50,65,55,44,34,11,2,0,1,7,27,\"NA\",25.6862915,\"NA\",34.94974747,\"NA\",26.77817459,\"NA\",14.02081528,2,1,5,26,29,34,45,20,44,30,19,\"NA\",12.07106781,5,12,23,35,24,31,38,44,33,19,\"NA\",\"NA\",4.04145188,0,\"NA\",7.92893219,15,17,14,19,15,7,\"NA\",\"NA\",1.15470054,1.11022302e-16,0,9,12,22,\"NA\",21.80761184,31,36,20,\"NA\",\"NA\",\"NA\",5.5,5,10,17,20,20,7,13,7,\"NA\",\"NA\",\"NA\",1,2,7,4,6,9,12,12,11,4,0,0,\"NA\",\"NA\",\"NA\",\"NA\",\"NA\",\"NA\",\"NA\",\"NA\",\"NA\",\"NA\",\"NA\",\"NA\",\"NA\",\"NA\",\"NA\",\"NA\",13.63435875,\"NA\",\"NA\",\"NA\",20,22,25,26,10,6,12,\"NA\",\"NA\",52.79274058,73,65,53,55,\"NA\",29.92031022,8,2,8,22,56,43,\"NA\",\"NA\",42.77350269,37,\"NA\",14.3137085,\"NA\",2.12132034,0,0,5,9,\"NA\",\"NA\"]},{\"type\":\"double\",\"attributes\":{\"tsp\":{\"type\":\"double\",\"attributes\":{},\"value\":[1,367,1]},\"class\":{\"type\":\"character\",\"attributes\":{},\"value\":[\"ts\"]}},\"value\":[0,0,0,1,3,0,2,3,11,8,-8,-9,-6,-2,3,2,13,-6,2,-1,3,-7,-6,-5,-1,\"NA\",0,3,16,-2,0,5,-8,\"NA\",-8.48528137,-1,-1,1,-1,0,\"NA\",4.24264069,0,0,0,4,-2,-5,-3,0,0,\"NA\",0,1,9,-8,\"NA\",\"NA\",1.15470054,4.4408921e-16,4,-2,0,-2,\"NA\",\"NA\",0,7,2,\"NA\",-0.70710678,-9,\"NA\",-1.41421356,-1,\"NA\",\"NA\",1.15470054,2,-2,\"NA\",\"NA\",5.19615242,-1,-3,-5,\"NA\",\"NA\",-1.15470054,3,9,2,1,1,\"NA\",-8.48528137,2,-2,-3,1,-2,1,4,3,-3,14,0,-8,-7,-4,0,0,0,0,1,\"NA\",-0.70710678,\"NA\",\"NA\",4.61880215,-2,6,\"NA\",-7.77817459,-1,\"NA\",\"NA\",5.19615242,\"NA\",2.82842712,-1,13,-4,-5,-8,-7,2,-2,3,-1,5,6,\"NA\",11.3137085,\"NA\",-14.14213562,12,6,-7,\"NA\",-9.19238816,13,-6,-5,6,4,\"NA\",0.70710678,-11,-4,-5,-1,1,2,3,1,4,2,-3,-1,-3,-4,-1,-1,0,0,3,6,-7,7,-3,-1,-4,-1,0,0,0,1,-1,6,-4,\"NA\",4.24264069,\"NA\",11.3137085,\"NA\",-12.72792206,\"NA\",-4.24264069,0,4,9,-2,\"NA\",19.09188309,5,-5,2,2,\"NA\",\"NA\",-23.67136104,4,7,14,\"NA\",16.97056275,15,-10,-11,-10,-23,-9,-2,1,6,20,-6,\"NA\",11.3137085,\"NA\",-4.94974747,\"NA\",-7.77817459,\"NA\",-12.02081528,-1,4,21,3,5,11,-25,24,-14,-11,-4,\"NA\",-7.07106781,7,11,12,-11,7,7,6,-11,-14,-12,\"NA\",\"NA\",-4.04145188,5,\"NA\",7.07106781,2,-3,5,-4,-8,-5,\"NA\",\"NA\",-1.15470054,-1.11022302e-16,9,3,10,-4,\"NA\",9.19238816,5,-16,-14,\"NA\",\"NA\",\"NA\",-0.5,5,7,3,0,-13,6,-6,-7,\"NA\",\"NA\",\"NA\",1,5,-3,2,3,3,0,-1,-7,-4,0,0,\"NA\",\"NA\",\"NA\",\"NA\",\"NA\",\"NA\",\"NA\",\"NA\",\"NA\",\"NA\",\"NA\",\"NA\",\"NA\",\"NA\",\"NA\",\"NA\",4.36564125,\"NA\",\"NA\",\"NA\",2,3,1,-16,-4,6,26,\"NA\",\"NA\",20.20725942,-8,-12,2,-16,\"NA\",-21.92031022,-6,6,14,34,-13,4,\"NA\",\"NA\",-5.77350269,-18,\"NA\",-11.3137085,\"NA\",-2.12132034,0,5,4,-2,\"NA\",\"NA\"]}]}"]
