["{\"type\":\"list\",\"attributes\":{\"names\":{\"type\":\"character\",\"attributes\":{},\"value\":[\"method\",\"model\",\"level\",\"mean\",\"lower\",\"upper\",\"x\",\"series\",\"fitted\",\"residuals\"]},\"class\":{\"type\":\"character\",\"attributes\":{},\"value\":[\"forecast\"]}},\"value\":[{\"type\":\"character\",\"attributes\":{},\"value\":[\"ARIMA(0,1,0)\"]},{\"type\":\"list\",\"attributes\":{\"names\":{\"type\":\"character\",\"attributes\":{},\"value\":[\"coef\",\"sigma2\",\"var.coef\",\"mask\",\"loglik\",\"aic\",\"arma\",\"residuals\",\"call\",\"series\",\"code\",\"n.cond\",\"nobs\",\"model\",\"aicc\",\"bic\",\"x\",\"fitted\"]},\"class\":{\"type\":\"character\",\"attributes\":{},\"value\":[\"forecast_ARIMA\",\"ARIMA\",\"Arima\"]}},\"value\":[{\"type\":\"double\",\"attributes\":{},\"value\":[]},{\"type\":\"double\",\"attributes\":{},\"value\":[3.93500172]},{\"type\":\"double\",\"attributes\":{},\"value\":[]},{\"type\":\"logical\",\"attributes\":{},\"value\":[]},{\"type\":\"double\",\"attributes\":{},\"value\":[-620.09477457]},{\"type\":\"double\",\"attributes\":{},\"value\":[1242.18954914]},{\"type\":\"integer\",\"attributes\":{},\"value\":[0,0,0,0,1,1,0]},{\"type\":\"double\",\"attributes\":{\"tsp\":{\"type\":\"double\",\"attributes\":{},\"value\":[1,367,1]},\"class\":{\"type\":\"character\",\"attributes\":{},\"value\":[\"ts\"]}},\"value\":[0,0,0,0,0,0,0,0,0,0,0,0,0,0,0,0,0,0,0,0,0,0,0,0,0,\"NA\",0,0,0,1,1,0,-1,\"NA\",0.70710678,-2,0,0,0,0,\"NA\",0,0,0,2,-1,0,0,-1,0,0,\"NA\",0,0,1,0,\"NA\",\"NA\",-0.57735027,-5.55111512e-17,0,1,3,3,\"NA\",\"NA\",-2.30940108,4,1,\"NA\",3.53553391,-6,\"NA\",-3.53553391,-1,\"NA\",\"NA\",1.15470054,-3,2,\"NA\",\"NA\",5.77350269,-2,0,-1,\"NA\",\"NA\",-2.30940108,-8.8817842e-16,0,0,5,1,\"NA\",-5.65685425,5,3,-1,0,4,2,-8,4,1,0,-3,0,-2,-2,-1,-1,-3,0,2,\"NA\",-1.41421356,\"NA\",\"NA\",0,0,5,\"NA\",-0.70710678,-1,\"NA\",\"NA\",-0.57735027,\"NA\",-0.70710678,2,0,11,-3,0,-5,0,-3,0,-1,-1,0,\"NA\",1.41421356,\"NA\",-2.82842712,3,7,3,\"NA\",2.82842712,-6,4,9,7,3,\"NA\",-9.19238816,-6,-3,-5,-2,0,1,-3,0,-2,1,-2,1,0,-1,2,0,-1,0,0,0,1,1,-2,-1,0,0,0,0,0,0,0,0,0,\"NA\",0,\"NA\",0,\"NA\",0,\"NA\",0,0,0,0,0,\"NA\",0.70710678,-1,0,0,0,\"NA\",\"NA\",0,0,0,0,\"NA\",0,0,1,0,-1,0,0,0,0,0,0,0,\"NA\",0,\"NA\",0,\"NA\",0.70710678,\"NA\",0,-1,1,0,-1,0,0,0,0,1,-1,0,\"NA\",0,0,0,0,0,0,0,0,0,0,0,\"NA\",\"NA\",0,0,\"NA\",0,0,0,0,0,0,0,\"NA\",\"NA\",0,0,0,0,0,0,\"NA\",0,0,0,0,\"NA\",\"NA\",\"NA\",0,0,0,0,0,0,0,0,0,\"NA\",\"NA\",\"NA\",0,0,0,0,0,0,0,0,1,-1,0,0,\"NA\",\"NA\",\"NA\",\"NA\",\"NA\",\"NA\",\"NA\",\"NA\",\"NA\",\"NA\",\"NA\",\"NA\",\"NA\",\"NA\",\"NA\",\"NA\",0.24253563,\"NA\",\"NA\",\"NA\",-0.5,0,2,-1,-1,1,0,\"NA\",\"NA\",0.57735027,1,-3,1,1,\"NA\",-0.70710678,0,2,-2,1,2,2,\"NA\",\"NA\",-1.15470054,-1,\"NA\",-0.70710678,\"NA\",-0.70710678,0,-1,0,0,\"NA\",\"NA\"]},{\"type\":\"language\",\"attributes\":{},\"value\":[\"Arima(y = c(0L, 0L, 0L, 0L, 0L, 0L, 0L, 0L, 0L, 0L, 0L, 0L, 0L, \",\"0L, 0L, 0L, 0L, 0L, 0L, 0L, 0L, 0L, 0L, 0L, 0L, NA, 0L, 0L, 0L, \",\"1L, 2L, 2L, 1L, NA, 2L, 0L, 0L, 0L, 0L, 0L, NA, 0L, 0L, 0L, 2L, \",\"1L, 1L, 1L, 0L, 0L, 0L, NA, 0L, 0L, 1L, 1L, NA, NA, 0L, 0L, 0L, \",\"1L, 4L, 7L, NA, NA, 3L, 7L, 8L, NA, 13L, 7L, NA, 2L, 1L, NA, \",\"NA, 3L, 0L, 2L, NA, NA, 12L, 10L, 10L, 9L, NA, NA, 5L, 5L, 5L, \",\"5L, 10L, 11L, NA, 3L, 8L, 11L, 10L, 10L, 14L, 16L, 8L, 12L, 13L, \",\"13L, 10L, 10L, 8L, 6L, 5L, 4L, 1L, 1L, 3L, NA, 1L, NA, NA, 1L, \",\"1L, 6L, NA, 5L, 4L, NA, NA, 3L, NA, 2L, 4L, 4L, 15L, 12L, 12L, \",\"7L, 7L, 4L, 4L, 3L, 2L, 2L, NA, 4L, NA, 0L, 3L, 10L, 13L, NA, \",\"17L, 11L, 15L, 24L, 31L, 34L, NA, 21L, 15L, 12L, 7L, 5L, 5L, \",\"6L, 3L, 3L, 1L, 2L, 0L, 1L, 1L, 0L, 2L, 2L, 1L, 1L, 1L, 1L, 2L, \",\"3L, 1L, 0L, 0L, 0L, 0L, 0L, 0L, 0L, 0L, 0L, 0L, NA, 0L, NA, 0L, \",\"NA, 0L, NA, 0L, 0L, 0L, 0L, 0L, NA, 1L, 0L, 0L, 0L, 0L, NA, NA, \",\"0L, 0L, 0L, 0L, NA, 0L, 0L, 1L, 1L, 0L, 0L, 0L, 0L, 0L, 0L, 0L, \",\"0L, NA, 0L, NA, 0L, NA, 1L, NA, 1L, 0L, 1L, 1L, 0L, 0L, 0L, 0L, \",\"0L, 1L, 0L, 0L, NA, 0L, 0L, 0L, 0L, 0L, 0L, 0L, 0L, 0L, 0L, 0L, \",\"NA, NA, 0L, 0L, NA, 0L, 0L, 0L, 0L, 0L, 0L, 0L, NA, NA, 0L, 0L, \",\"0L, 0L, 0L, 0L, NA, 0L, 0L, 0L, 0L, NA, NA, NA, 0L, 0L, 0L, 0L, \",\"0L, 0L, 0L, 0L, 0L, NA, NA, NA, 0L, 0L, 0L, 0L, 0L, 0L, 0L, 0L, \",\"1L, 0L, 0L, 0L, NA, NA, NA, NA, NA, NA, NA, NA, NA, NA, NA, NA, \",\"NA, NA, NA, NA, 1L, NA, NA, NA, 0L, 0L, 2L, 1L, 0L, 1L, 1L, NA, \",\"NA, 2L, 3L, 0L, 1L, 2L, NA, 1L, 1L, 3L, 1L, 2L, 4L, 6L, NA, NA, \",\"4L, 3L, NA, 2L, NA, 1L, 1L, 0L, 0L, 0L, NA, NA), order = c(0, \",\"1, 0))\"]},{\"type\":\"character\",\"attributes\":{},\"value\":[\"c(0L, 0L, 0L, 0L, 0L, 0L, 0L, 0L, 0L, 0L, 0L, 0L, 0L, 0L, 0L, \",\"0L, 0L, 0L, 0L, 0L, 0L, 0L, 0L, 0L, 0L, NA, 0L, 0L, 0L, 1L, 2L, \",\"2L, 1L, NA, 2L, 0L, 0L, 0L, 0L, 0L, NA, 0L, 0L, 0L, 2L, 1L, 1L, \",\"1L, 0L, 0L, 0L, NA, 0L, 0L, 1L, 1L, NA, NA, 0L, 0L, 0L, 1L, 4L, \",\"7L, NA, NA, 3L, 7L, 8L, NA, 13L, 7L, NA, 2L, 1L, NA, NA, 3L, \",\"0L, 2L, NA, NA, 12L, 10L, 10L, 9L, NA, NA, 5L, 5L, 5L, 5L, 10L, \",\"11L, NA, 3L, 8L, 11L, 10L, 10L, 14L, 16L, 8L, 12L, 13L, 13L, \",\"10L, 10L, 8L, 6L, 5L, 4L, 1L, 1L, 3L, NA, 1L, NA, NA, 1L, 1L, \",\"6L, NA, 5L, 4L, NA, NA, 3L, NA, 2L, 4L, 4L, 15L, 12L, 12L, 7L, \",\"7L, 4L, 4L, 3L, 2L, 2L, NA, 4L, NA, 0L, 3L, 10L, 13L, NA, 17L, \",\"11L, 15L, 24L, 31L, 34L, NA, 21L, 15L, 12L, 7L, 5L, 5L, 6L, 3L, \",\"3L, 1L, 2L, 0L, 1L, 1L, 0L, 2L, 2L, 1L, 1L, 1L, 1L, 2L, 3L, 1L, \",\"0L, 0L, 0L, 0L, 0L, 0L, 0L, 0L, 0L, 0L, NA, 0L, NA, 0L, NA, 0L, \",\"NA, 0L, 0L, 0L, 0L, 0L, NA, 1L, 0L, 0L, 0L, 0L, NA, NA, 0L, 0L, \",\"0L, 0L, NA, 0L, 0L, 1L, 1L, 0L, 0L, 0L, 0L, 0L, 0L, 0L, 0L, NA, \",\"0L, NA, 0L, NA, 1L, NA, 1L, 0L, 1L, 1L, 0L, 0L, 0L, 0L, 0L, 1L, \",\"0L, 0L, NA, 0L, 0L, 0L, 0L, 0L, 0L, 0L, 0L, 0L, 0L, 0L, NA, NA, \",\"0L, 0L, NA, 0L, 0L, 0L, 0L, 0L, 0L, 0L, NA, NA, 0L, 0L, 0L, 0L, \",\"0L, 0L, NA, 0L, 0L, 0L, 0L, NA, NA, NA, 0L, 0L, 0L, 0L, 0L, 0L, \",\"0L, 0L, 0L, NA, NA, NA, 0L, 0L, 0L, 0L, 0L, 0L, 0L, 0L, 1L, 0L, \",\"0L, 0L, NA, NA, NA, NA, NA, NA, NA, NA, NA, NA, NA, NA, NA, NA, \",\"NA, NA, 1L, NA, NA, NA, 0L, 0L, 2L, 1L, 0L, 1L, 1L, NA, NA, 2L, \",\"3L, 0L, 1L, 2L, NA, 1L, 1L, 3L, 1L, 2L, 4L, 6L, NA, NA, 4L, 3L, \",\"NA, 2L, NA, 1L, 1L, 0L, 0L, 0L, NA, NA)\"]},{\"type\":\"double\",\"attributes\":{},\"value\":[0]},{\"type\":\"double\",\"attributes\":{},\"value\":[0]},{\"type\":\"integer\",\"attributes\":{},\"value\":[285]},{\"type\":\"list\",\"attributes\":{\"names\":{\"type\":\"character\",\"attributes\":{},\"value\":[\"phi\",\"theta\",\"Delta\",\"Z\",\"a\",\"P\",\"T\",\"V\",\"h\",\"Pn\"]}},\"value\":[{\"type\":\"double\",\"attributes\":{},\"value\":[]},{\"type\":\"double\",\"attributes\":{},\"value\":[]},{\"type\":\"double\",\"attributes\":{},\"value\":[1]},{\"type\":\"double\",\"attributes\":{},\"value\":[1,1]},{\"type\":\"double\",\"attributes\":{},\"value\":[0,0]},{\"type\":\"double\",\"attributes\":{\"dim\":{\"type\":\"integer\",\"attributes\":{},\"value\":[2,2]}},\"value\":[1,0,0,1]},{\"type\":\"double\",\"attributes\":{\"dim\":{\"type\":\"integer\",\"attributes\":{},\"value\":[2,2]}},\"value\":[0,1,0,1]},{\"type\":\"double\",\"attributes\":{\"dim\":{\"type\":\"integer\",\"attributes\":{},\"value\":[2,2]}},\"value\":[1,0,0,0]},{\"type\":\"double\",\"attributes\":{},\"value\":[0]},{\"type\":\"double\",\"attributes\":{\"dim\":{\"type\":\"integer\",\"attributes\":{},\"value\":[2,2]}},\"value\":[1,0,0,1]}]},{\"type\":\"double\",\"attributes\":{},\"value\":[1242.20368342]},{\"type\":\"double\",\"attributes\":{},\"value\":[1245.84203832]},{\"type\":\"integer\",\"attributes\":{\"tsp\":{\"type\":\"double\",\"attributes\":{},\"value\":[1,367,1]},\"class\":{\"type\":\"character\",\"attributes\":{},\"value\":[\"ts\"]}},\"value\":[0,0,0,0,0,0,0,0,0,0,0,0,0,0,0,0,0,0,0,0,0,0,0,0,0,\"NA\",0,0,0,1,2,2,1,\"NA\",2,0,0,0,0,0,\"NA\",0,0,0,2,1,1,1,0,0,0,\"NA\",0,0,1,1,\"NA\",\"NA\",0,0,0,1,4,7,\"NA\",\"NA\",3,7,8,\"NA\",13,7,\"NA\",2,1,\"NA\",\"NA\",3,0,2,\"NA\",\"NA\",12,10,10,9,\"NA\",\"NA\",5,5,5,5,10,11,\"NA\",3,8,11,10,10,14,16,8,12,13,13,10,10,8,6,5,4,1,1,3,\"NA\",1,\"NA\",\"NA\",1,1,6,\"NA\",5,4,\"NA\",\"NA\",3,\"NA\",2,4,4,15,12,12,7,7,4,4,3,2,2,\"NA\",4,\"NA\",0,3,10,13,\"NA\",17,11,15,24,31,34,\"NA\",21,15,12,7,5,5,6,3,3,1,2,0,1,1,0,2,2,1,1,1,1,2,3,1,0,0,0,0,0,0,0,0,0,0,\"NA\",0,\"NA\",0,\"NA\",0,\"NA\",0,0,0,0,0,\"NA\",1,0,0,0,0,\"NA\",\"NA\",0,0,0,0,\"NA\",0,0,1,1,0,0,0,0,0,0,0,0,\"NA\",0,\"NA\",0,\"NA\",1,\"NA\",1,0,1,1,0,0,0,0,0,1,0,0,\"NA\",0,0,0,0,0,0,0,0,0,0,0,\"NA\",\"NA\",0,0,\"NA\",0,0,0,0,0,0,0,\"NA\",\"NA\",0,0,0,0,0,0,\"NA\",0,0,0,0,\"NA\",\"NA\",\"NA\",0,0,0,0,0,0,0,0,0,\"NA\",\"NA\",\"NA\",0,0,0,0,0,0,0,0,1,0,0,0,\"NA\",\"NA\",\"NA\",\"NA\",\"NA\",\"NA\",\"NA\",\"NA\",\"NA\",\"NA\",\"NA\",\"NA\",\"NA\",\"NA\",\"NA\",\"NA\",1,\"NA\",\"NA\",\"NA\",0,0,2,1,0,1,1,\"NA\",\"NA\",2,3,0,1,2,\"NA\",1,1,3,1,2,4,6,\"NA\",\"NA\",4,3,\"NA\",2,\"NA\",1,1,0,0,0,\"NA\",\"NA\"]},{\"type\":\"double\",\"attributes\":{\"tsp\":{\"type\":\"double\",\"attributes\":{},\"value\":[1,367,1]},\"class\":{\"type\":\"character\",\"attributes\":{},\"value\":[\"ts\"]}},\"value\":[0,0,0,0,0,0,0,0,0,0,0,0,0,0,0,0,0,0,0,0,0,0,0,0,0,\"NA\",0,0,0,0,1,2,2,\"NA\",1.29289322,2,0,0,0,0,\"NA\",0,0,0,0,2,1,1,1,0,0,\"NA\",0,0,0,1,\"NA\",\"NA\",0.57735027,5.55111512e-17,0,0,1,4,\"NA\",\"NA\",5.30940108,3,7,\"NA\",9.46446609,13,\"NA\",5.53553391,2,\"NA\",\"NA\",1.84529946,3,0,\"NA\",\"NA\",6.22649731,12,10,10,\"NA\",\"NA\",7.30940108,5,5,5,5,10,\"NA\",8.65685425,3,8,11,10,10,14,16,8,12,13,13,10,10,8,6,5,4,1,1,\"NA\",2.41421356,\"NA\",\"NA\",1,1,1,\"NA\",5.70710678,5,\"NA\",\"NA\",3.57735027,\"NA\",2.70710678,2,4,4,15,12,12,7,7,4,4,3,2,\"NA\",2.58578644,\"NA\",2.82842712,0,3,10,\"NA\",14.17157288,17,11,15,24,31,\"NA\",30.19238816,21,15,12,7,5,5,6,3,3,1,2,0,1,1,0,2,2,1,1,1,1,2,3,1,0,0,0,0,0,0,0,0,0,\"NA\",0,\"NA\",0,\"NA\",0,\"NA\",0,0,0,0,0,\"NA\",0.29289322,1,0,0,0,\"NA\",\"NA\",0,0,0,0,\"NA\",0,0,0,1,1,0,0,0,0,0,0,0,\"NA\",0,\"NA\",0,\"NA\",0.29289322,\"NA\",1,1,0,1,1,0,0,0,0,0,1,0,\"NA\",0,0,0,0,0,0,0,0,0,0,0,\"NA\",\"NA\",0,0,\"NA\",0,0,0,0,0,0,0,\"NA\",\"NA\",0,0,0,0,0,0,\"NA\",0,0,0,0,\"NA\",\"NA\",\"NA\",0,0,0,0,0,0,0,0,0,\"NA\",\"NA\",\"NA\",0,0,0,0,0,0,0,0,0,1,0,0,\"NA\",\"NA\",\"NA\",\"NA\",\"NA\",\"NA\",\"NA\",\"NA\",\"NA\",\"NA\",\"NA\",\"NA\",\"NA\",\"NA\",\"NA\",\"NA\",0.75746437,\"NA\",\"NA\",\"NA\",0.5,0,0,2,1,0,1,\"NA\",\"NA\",1.42264973,2,3,0,1,\"NA\",1.70710678,1,1,3,1,2,4,\"NA\",\"NA\",5.15470054,4,\"NA\",2.70710678,\"NA\",1.70710678,1,1,0,0,\"NA\",\"NA\"]}]},{\"type\":\"double\",\"attributes\":{},\"value\":[95]},{\"type\":\"double\",\"attributes\":{\"tsp\":{\"type\":\"double\",\"attributes\":{},\"value\":[368,380,1]},\"class\":{\"type\":\"character\",\"attributes\":{},\"value\":[\"ts\"]}},\"value\":[0,0,0,0,0,0,0,0,0,0,0,0,0]},{\"type\":\"double\",\"attributes\":{\"dim\":{\"type\":\"integer\",\"attributes\":{},\"value\":[13,1]},\"dimnames\":{\"type\":\"list\",\"attributes\":{},\"value\":[{\"type\":\"NULL\"},{\"type\":\"character\",\"attributes\":{},\"value\":[\"95%\"]}]},\"tsp\":{\"type\":\"double\",\"attributes\":{},\"value\":[368,380,1]},\"class\":{\"type\":\"character\",\"attributes\":{},\"value\":[\"ts\"]}},\"value\":[-6.73412513,-7.77589791,-8.69371815,-9.52349108,-10.28654604,-10.99678028,-11.66384686,-12.29477412,-12.89486788,-13.46825025,-14.01819931,-14.54737292,-15.05796155]},{\"type\":\"double\",\"attributes\":{\"dim\":{\"type\":\"integer\",\"attributes\":{},\"value\":[13,1]},\"dimnames\":{\"type\":\"list\",\"attributes\":{},\"value\":[{\"type\":\"NULL\"},{\"type\":\"character\",\"attributes\":{},\"value\":[\"95%\"]}]},\"tsp\":{\"type\":\"double\",\"attributes\":{},\"value\":[368,380,1]},\"class\":{\"type\":\"character\",\"attributes\":{},\"value\":[\"ts\"]}},\"value\":[6.73412513,7.77589791,8.69371815,9.52349108,10.28654604,10.99678028,11.66384686,12.29477412,12.89486788,13.46825025,14.01819931,14.54737292,15.05796155]},{\"type\":\"integer\",\"attributes\":{\"tsp\":{\"type\":\"double\",\"attributes\":{},\"value\":[1,367,1]},\"class\":{\"type\":\"character\",\"attributes\":{},\"value\":[\"ts\"]}},\"value\":[0,0,0,0,0,0,0,0,0,0,0,0,0,0,0,0,0,0,0,0,0,0,0,0,0,\"NA\",0,0,0,1,2,2,1,\"NA\",2,0,0,0,0,0,\"NA\",0,0,0,2,1,1,1,0,0,0,\"NA\",0,0,1,1,\"NA\",\"NA\",0,0,0,1,4,7,\"NA\",\"NA\",3,7,8,\"NA\",13,7,\"NA\",2,1,\"NA\",\"NA\",3,0,2,\"NA\",\"NA\",12,10,10,9,\"NA\",\"NA\",5,5,5,5,10,11,\"NA\",3,8,11,10,10,14,16,8,12,13,13,10,10,8,6,5,4,1,1,3,\"NA\",1,\"NA\",\"NA\",1,1,6,\"NA\",5,4,\"NA\",\"NA\",3,\"NA\",2,4,4,15,12,12,7,7,4,4,3,2,2,\"NA\",4,\"NA\",0,3,10,13,\"NA\",17,11,15,24,31,34,\"NA\",21,15,12,7,5,5,6,3,3,1,2,0,1,1,0,2,2,1,1,1,1,2,3,1,0,0,0,0,0,0,0,0,0,0,\"NA\",0,\"NA\",0,\"NA\",0,\"NA\",0,0,0,0,0,\"NA\",1,0,0,0,0,\"NA\",\"NA\",0,0,0,0,\"NA\",0,0,1,1,0,0,0,0,0,0,0,0,\"NA\",0,\"NA\",0,\"NA\",1,\"NA\",1,0,1,1,0,0,0,0,0,1,0,0,\"NA\",0,0,0,0,0,0,0,0,0,0,0,\"NA\",\"NA\",0,0,\"NA\",0,0,0,0,0,0,0,\"NA\",\"NA\",0,0,0,0,0,0,\"NA\",0,0,0,0,\"NA\",\"NA\",\"NA\",0,0,0,0,0,0,0,0,0,\"NA\",\"NA\",\"NA\",0,0,0,0,0,0,0,0,1,0,0,0,\"NA\",\"NA\",\"NA\",\"NA\",\"NA\",\"NA\",\"NA\",\"NA\",\"NA\",\"NA\",\"NA\",\"NA\",\"NA\",\"NA\",\"NA\",\"NA\",1,\"NA\",\"NA\",\"NA\",0,0,2,1,0,1,1,\"NA\",\"NA\",2,3,0,1,2,\"NA\",1,1,3,1,2,4,6,\"NA\",\"NA\",4,3,\"NA\",2,\"NA\",1,1,0,0,0,\"NA\",\"NA\"]},{\"type\":\"character\",\"attributes\":{},\"value\":[\"c(0L, 0L, 0L, 0L, 0L, 0L, 0L, 0L, 0L, 0L, 0L, 0L, 0L, 0L, 0L, \",\"0L, 0L, 0L, 0L, 0L, 0L, 0L, 0L, 0L, 0L, NA, 0L, 0L, 0L, 1L, 2L, \",\"2L, 1L, NA, 2L, 0L, 0L, 0L, 0L, 0L, NA, 0L, 0L, 0L, 2L, 1L, 1L, \",\"1L, 0L, 0L, 0L, NA, 0L, 0L, 1L, 1L, NA, NA, 0L, 0L, 0L, 1L, 4L, \",\"7L, NA, NA, 3L, 7L, 8L, NA, 13L, 7L, NA, 2L, 1L, NA, NA, 3L, \",\"0L, 2L, NA, NA, 12L, 10L, 10L, 9L, NA, NA, 5L, 5L, 5L, 5L, 10L, \",\"11L, NA, 3L, 8L, 11L, 10L, 10L, 14L, 16L, 8L, 12L, 13L, 13L, \",\"10L, 10L, 8L, 6L, 5L, 4L, 1L, 1L, 3L, NA, 1L, NA, NA, 1L, 1L, \",\"6L, NA, 5L, 4L, NA, NA, 3L, NA, 2L, 4L, 4L, 15L, 12L, 12L, 7L, \",\"7L, 4L, 4L, 3L, 2L, 2L, NA, 4L, NA, 0L, 3L, 10L, 13L, NA, 17L, \",\"11L, 15L, 24L, 31L, 34L, NA, 21L, 15L, 12L, 7L, 5L, 5L, 6L, 3L, \",\"3L, 1L, 2L, 0L, 1L, 1L, 0L, 2L, 2L, 1L, 1L, 1L, 1L, 2L, 3L, 1L, \",\"0L, 0L, 0L, 0L, 0L, 0L, 0L, 0L, 0L, 0L, NA, 0L, NA, 0L, NA, 0L, \",\"NA, 0L, 0L, 0L, 0L, 0L, NA, 1L, 0L, 0L, 0L, 0L, NA, NA, 0L, 0L, \",\"0L, 0L, NA, 0L, 0L, 1L, 1L, 0L, 0L, 0L, 0L, 0L, 0L, 0L, 0L, NA, \",\"0L, NA, 0L, NA, 1L, NA, 1L, 0L, 1L, 1L, 0L, 0L, 0L, 0L, 0L, 1L, \",\"0L, 0L, NA, 0L, 0L, 0L, 0L, 0L, 0L, 0L, 0L, 0L, 0L, 0L, NA, NA, \",\"0L, 0L, NA, 0L, 0L, 0L, 0L, 0L, 0L, 0L, NA, NA, 0L, 0L, 0L, 0L, \",\"0L, 0L, NA, 0L, 0L, 0L, 0L, NA, NA, NA, 0L, 0L, 0L, 0L, 0L, 0L, \",\"0L, 0L, 0L, NA, NA, NA, 0L, 0L, 0L, 0L, 0L, 0L, 0L, 0L, 1L, 0L, \",\"0L, 0L, NA, NA, NA, NA, NA, NA, NA, NA, NA, NA, NA, NA, NA, NA, \",\"NA, NA, 1L, NA, NA, NA, 0L, 0L, 2L, 1L, 0L, 1L, 1L, NA, NA, 2L, \",\"3L, 0L, 1L, 2L, NA, 1L, 1L, 3L, 1L, 2L, 4L, 6L, NA, NA, 4L, 3L, \",\"NA, 2L, NA, 1L, 1L, 0L, 0L, 0L, NA, NA)\"]},{\"type\":\"double\",\"attributes\":{\"tsp\":{\"type\":\"double\",\"attributes\":{},\"value\":[1,367,1]},\"class\":{\"type\":\"character\",\"attributes\":{},\"value\":[\"ts\"]}},\"value\":[0,0,0,0,0,0,0,0,0,0,0,0,0,0,0,0,0,0,0,0,0,0,0,0,0,\"NA\",0,0,0,0,1,2,2,\"NA\",1.29289322,2,0,0,0,0,\"NA\",0,0,0,0,2,1,1,1,0,0,\"NA\",0,0,0,1,\"NA\",\"NA\",0.57735027,5.55111512e-17,0,0,1,4,\"NA\",\"NA\",5.30940108,3,7,\"NA\",9.46446609,13,\"NA\",5.53553391,2,\"NA\",\"NA\",1.84529946,3,0,\"NA\",\"NA\",6.22649731,12,10,10,\"NA\",\"NA\",7.30940108,5,5,5,5,10,\"NA\",8.65685425,3,8,11,10,10,14,16,8,12,13,13,10,10,8,6,5,4,1,1,\"NA\",2.41421356,\"NA\",\"NA\",1,1,1,\"NA\",5.70710678,5,\"NA\",\"NA\",3.57735027,\"NA\",2.70710678,2,4,4,15,12,12,7,7,4,4,3,2,\"NA\",2.58578644,\"NA\",2.82842712,0,3,10,\"NA\",14.17157288,17,11,15,24,31,\"NA\",30.19238816,21,15,12,7,5,5,6,3,3,1,2,0,1,1,0,2,2,1,1,1,1,2,3,1,0,0,0,0,0,0,0,0,0,\"NA\",0,\"NA\",0,\"NA\",0,\"NA\",0,0,0,0,0,\"NA\",0.29289322,1,0,0,0,\"NA\",\"NA\",0,0,0,0,\"NA\",0,0,0,1,1,0,0,0,0,0,0,0,\"NA\",0,\"NA\",0,\"NA\",0.29289322,\"NA\",1,1,0,1,1,0,0,0,0,0,1,0,\"NA\",0,0,0,0,0,0,0,0,0,0,0,\"NA\",\"NA\",0,0,\"NA\",0,0,0,0,0,0,0,\"NA\",\"NA\",0,0,0,0,0,0,\"NA\",0,0,0,0,\"NA\",\"NA\",\"NA\",0,0,0,0,0,0,0,0,0,\"NA\",\"NA\",\"NA\",0,0,0,0,0,0,0,0,0,1,0,0,\"NA\",\"NA\",\"NA\",\"NA\",\"NA\",\"NA\",\"NA\",\"NA\",\"NA\",\"NA\",\"NA\",\"NA\",\"NA\",\"NA\",\"NA\",\"NA\",0.75746437,\"NA\",\"NA\",\"NA\",0.5,0,0,2,1,0,1,\"NA\",\"NA\",1.42264973,2,3,0,1,\"NA\",1.70710678,1,1,3,1,2,4,\"NA\",\"NA\",5.15470054,4,\"NA\",2.70710678,\"NA\",1.70710678,1,1,0,0,\"NA\",\"NA\"]},{\"type\":\"double\",\"attributes\":{\"tsp\":{\"type\":\"double\",\"attributes\":{},\"value\":[1,367,1]},\"class\":{\"type\":\"character\",\"attributes\":{},\"value\":[\"ts\"]}},\"value\":[0,0,0,0,0,0,0,0,0,0,0,0,0,0,0,0,0,0,0,0,0,0,0,0,0,\"NA\",0,0,0,1,1,0,-1,\"NA\",0.70710678,-2,0,0,0,0,\"NA\",0,0,0,2,-1,0,0,-1,0,0,\"NA\",0,0,1,0,\"NA\",\"NA\",-0.57735027,-5.55111512e-17,0,1,3,3,\"NA\",\"NA\",-2.30940108,4,1,\"NA\",3.53553391,-6,\"NA\",-3.53553391,-1,\"NA\",\"NA\",1.15470054,-3,2,\"NA\",\"NA\",5.77350269,-2,0,-1,\"NA\",\"NA\",-2.30940108,-8.8817842e-16,0,0,5,1,\"NA\",-5.65685425,5,3,-1,0,4,2,-8,4,1,0,-3,0,-2,-2,-1,-1,-3,0,2,\"NA\",-1.41421356,\"NA\",\"NA\",0,0,5,\"NA\",-0.70710678,-1,\"NA\",\"NA\",-0.57735027,\"NA\",-0.70710678,2,0,11,-3,0,-5,0,-3,0,-1,-1,0,\"NA\",1.41421356,\"NA\",-2.82842712,3,7,3,\"NA\",2.82842712,-6,4,9,7,3,\"NA\",-9.19238816,-6,-3,-5,-2,0,1,-3,0,-2,1,-2,1,0,-1,2,0,-1,0,0,0,1,1,-2,-1,0,0,0,0,0,0,0,0,0,\"NA\",0,\"NA\",0,\"NA\",0,\"NA\",0,0,0,0,0,\"NA\",0.70710678,-1,0,0,0,\"NA\",\"NA\",0,0,0,0,\"NA\",0,0,1,0,-1,0,0,0,0,0,0,0,\"NA\",0,\"NA\",0,\"NA\",0.70710678,\"NA\",0,-1,1,0,-1,0,0,0,0,1,-1,0,\"NA\",0,0,0,0,0,0,0,0,0,0,0,\"NA\",\"NA\",0,0,\"NA\",0,0,0,0,0,0,0,\"NA\",\"NA\",0,0,0,0,0,0,\"NA\",0,0,0,0,\"NA\",\"NA\",\"NA\",0,0,0,0,0,0,0,0,0,\"NA\",\"NA\",\"NA\",0,0,0,0,0,0,0,0,1,-1,0,0,\"NA\",\"NA\",\"NA\",\"NA\",\"NA\",\"NA\",\"NA\",\"NA\",\"NA\",\"NA\",\"NA\",\"NA\",\"NA\",\"NA\",\"NA\",\"NA\",0.24253563,\"NA\",\"NA\",\"NA\",-0.5,0,2,-1,-1,1,0,\"NA\",\"NA\",0.57735027,1,-3,1,1,\"NA\",-0.70710678,0,2,-2,1,2,2,\"NA\",\"NA\",-1.15470054,-1,\"NA\",-0.70710678,\"NA\",-0.70710678,0,-1,0,0,\"NA\",\"NA\"]}]}"]
