["{\"type\":\"list\",\"attributes\":{\"names\":{\"type\":\"character\",\"attributes\":{},\"value\":[\"Point.Forecast\",\"Lo.95\",\"Hi.95\",\"moon\",\"model\",\"dataset\",\"species\",\"forecast_id\"]}},\"value\":[{\"type\":\"double\",\"attributes\":{},\"value\":[0.31658936,0.23699206,0.23776288,0.23853371,0.23930454,0.24007537,0.24084619,0.24161702,0.24238785,0.24315868,0.2439295,0.24470033,0.24547116,0.24624199]},{\"type\":\"double\",\"attributes\":{},\"value\":[-1.03187848,-1.14208863,-1.15095392,-1.1597528,-1.16848664,-1.17715673,-1.18576435,-1.19431071,-1.20279701,-1.21122439,-1.21959396,-1.22790679,-1.23616394,-1.2443664]},{\"type\":\"double\",\"attributes\":{},\"value\":[1.6650572,1.61607274,1.62647969,1.63682023,1.64709572,1.65730746,1.66745674,1.67754476,1.68757271,1.69754174,1.70745296,1.71730745,1.72710625,1.73685038]},{\"type\":\"integer\",\"attributes\":{},\"value\":[524,525,526,527,528,529,530,531,532,533,534,535,536,537]},{\"type\":\"character\",\"attributes\":{},\"value\":[\"AutoArima\"]},{\"type\":\"character\",\"attributes\":{},\"value\":[\"controls\"]},{\"type\":\"character\",\"attributes\":{},\"value\":[\"PE\"]},{\"type\":\"character\",\"attributes\":{},\"value\":[\"113.09\"]}]}"]
