["{\"type\":\"list\",\"attributes\":{\"names\":{\"type\":\"character\",\"attributes\":{},\"value\":[\"method\",\"model\",\"level\",\"mean\",\"lower\",\"upper\",\"x\",\"series\",\"fitted\",\"residuals\"]},\"class\":{\"type\":\"character\",\"attributes\":{},\"value\":[\"forecast\"]}},\"value\":[{\"type\":\"character\",\"attributes\":{},\"value\":[\"ARIMA(0,1,0)\"]},{\"type\":\"list\",\"attributes\":{\"names\":{\"type\":\"character\",\"attributes\":{},\"value\":[\"coef\",\"sigma2\",\"var.coef\",\"mask\",\"loglik\",\"aic\",\"arma\",\"residuals\",\"call\",\"series\",\"code\",\"n.cond\",\"nobs\",\"model\",\"bic\",\"aicc\",\"x\",\"fitted\"]},\"class\":{\"type\":\"character\",\"attributes\":{},\"value\":[\"forecast_ARIMA\",\"ARIMA\",\"Arima\"]}},\"value\":[{\"type\":\"double\",\"attributes\":{},\"value\":[]},{\"type\":\"double\",\"attributes\":{},\"value\":[0.55821513]},{\"type\":\"double\",\"attributes\":{},\"value\":[]},{\"type\":\"logical\",\"attributes\":{},\"value\":[]},{\"type\":\"double\",\"attributes\":{},\"value\":[-338.42106571]},{\"type\":\"double\",\"attributes\":{},\"value\":[678.84213143]},{\"type\":\"integer\",\"attributes\":{},\"value\":[0,0,0,0,1,1,0]},{\"type\":\"double\",\"attributes\":{\"tsp\":{\"type\":\"double\",\"attributes\":{},\"value\":[1,362,1]},\"class\":{\"type\":\"character\",\"attributes\":{},\"value\":[\"ts\"]}},\"value\":[0,0,0,0,0,1,-1,0,2,-2,0,0,0,0,0,0,0,0,1,-1,0,0,0,0,0,\"NA\",0,0,0,0,0,0,0,\"NA\",0,0,0,0,0,0,\"NA\",0,0,0,0,0,0,0,0,0,0,\"NA\",0,0,0,0,\"NA\",\"NA\",0,0,0,0,0,0,\"NA\",\"NA\",0,0,0,\"NA\",0,0,\"NA\",0,0,\"NA\",\"NA\",0,0,0,\"NA\",\"NA\",0,0,0,0,\"NA\",\"NA\",0,0,0,0,0,0,\"NA\",0,0,1,0,-1,0,1,-1,2,-1,-1,0,1,0,0,-1,0,1,-1,0,\"NA\",0,\"NA\",\"NA\",0,0,0,\"NA\",0,0,\"NA\",\"NA\",0,\"NA\",0,0,0,0,2,0,-1,-1,0,0,0,0,1,\"NA\",-0.70710678,\"NA\",0,0,0,0,\"NA\",0,0,0,0,0,0,\"NA\",0.70710678,0,2,0,-1,-1,-1,0,2,-2,0,0,0,0,0,0,0,1,-1,0,0,1,-1,0,0,0,0,0,0,0,1,-1,0,0,\"NA\",0,\"NA\",0,\"NA\",0,\"NA\",0,0,0,0,0,\"NA\",0,0,0,0,0,\"NA\",\"NA\",2.30940108,0,-2,-1,\"NA\",-0.70710678,0,0,1,2,-3,1,2,-2,1,-2,2,\"NA\",-1.41421356,\"NA\",0,\"NA\",0.70710678,\"NA\",-0.70710678,2,-2,2,-1,0,0,-1,1,-1,0,4,\"NA\",0,0,-2,0,2,-2,-1,1,1,0,0,\"NA\",\"NA\",-1.73205081,0,\"NA\",0,0,1,0,0,-1,1,\"NA\",\"NA\",-0.57735027,-5.55111512e-17,0,0,0,0,\"NA\",0,0,0,0,\"NA\",\"NA\",\"NA\",0,0,0,0,0,0,0,0,1,\"NA\",\"NA\",\"NA\",-0.5,0,0,0,0,0,0,0,0,0,0,0,\"NA\",\"NA\",\"NA\",\"NA\",\"NA\",\"NA\",\"NA\",\"NA\",\"NA\",\"NA\",\"NA\",\"NA\",\"NA\",\"NA\",\"NA\",\"NA\",0,\"NA\",\"NA\",\"NA\",0,0,0,1,-1,0,0,\"NA\",\"NA\",0,0,0,0,0,\"NA\",0,0,0,0,0,0,0,\"NA\",\"NA\",0,0,\"NA\",0,\"NA\",0,0]},{\"type\":\"language\",\"attributes\":{},\"value\":[\"auto.arima(y = c(0L, 0L, 0L, 0L, 0L, 1L, 0L, 0L, 2L, 0L, 0L, \",\"0L, 0L, 0L, 0L, 0L, 0L, 0L, 1L, 0L, 0L, 0L, 0L, 0L, 0L, NA, 0L, \",\"0L, 0L, 0L, 0L, 0L, 0L, NA, 0L, 0L, 0L, 0L, 0L, 0L, NA, 0L, 0L, \",\"0L, 0L, 0L, 0L, 0L, 0L, 0L, 0L, NA, 0L, 0L, 0L, 0L, NA, NA, 0L, \",\"0L, 0L, 0L, 0L, 0L, NA, NA, 0L, 0L, 0L, NA, 0L, 0L, NA, 0L, 0L, \",\"NA, NA, 0L, 0L, 0L, NA, NA, 0L, 0L, 0L, 0L, NA, NA, 0L, 0L, 0L, \",\"0L, 0L, 0L, NA, 0L, 0L, 1L, 1L, 0L, 0L, 1L, 0L, 2L, 1L, 0L, 0L, \",\"1L, 1L, 1L, 0L, 0L, 1L, 0L, 0L, NA, 0L, NA, NA, 0L, 0L, 0L, NA, \",\"0L, 0L, NA, NA, 0L, NA, 0L, 0L, 0L, 0L, 2L, 2L, 1L, 0L, 0L, 0L, \",\"0L, 0L, 1L, NA, 0L, NA, 0L, 0L, 0L, 0L, NA, 0L, 0L, 0L, 0L, 0L, \",\"0L, NA, 1L, 1L, 3L, 3L, 2L, 1L, 0L, 0L, 2L, 0L, 0L, 0L, 0L, 0L, \",\"0L, 0L, 0L, 1L, 0L, 0L, 0L, 1L, 0L, 0L, 0L, 0L, 0L, 0L, 0L, 0L, \",\"1L, 0L, 0L, 0L, NA, 0L, NA, 0L, NA, 0L, NA, 0L, 0L, 0L, 0L, 0L, \",\"NA, 0L, 0L, 0L, 0L, 0L, NA, NA, 4L, 4L, 2L, 1L, NA, 0L, 0L, 0L, \",\"1L, 3L, 0L, 1L, 3L, 1L, 2L, 0L, 2L, NA, 0L, NA, 0L, NA, 1L, NA, \",\"0L, 2L, 0L, 2L, 1L, 1L, 1L, 0L, 1L, 0L, 0L, 4L, NA, 4L, 4L, 2L, \",\"2L, 4L, 2L, 1L, 2L, 3L, 3L, 3L, NA, NA, 0L, 0L, NA, 0L, 0L, 1L, \",\"1L, 1L, 0L, 1L, NA, NA, 0L, 0L, 0L, 0L, 0L, 0L, NA, 0L, 0L, 0L, \",\"0L, NA, NA, NA, 0L, 0L, 0L, 0L, 0L, 0L, 0L, 0L, 1L, NA, NA, NA, \",\"0L, 0L, 0L, 0L, 0L, 0L, 0L, 0L, 0L, 0L, 0L, 0L, NA, NA, NA, NA, \",\"NA, NA, NA, NA, NA, NA, NA, NA, NA, NA, NA, NA, 0L, NA, NA, NA, \",\"0L, 0L, 0L, 1L, 0L, 0L, 0L, NA, NA, 0L, 0L, 0L, 0L, 0L, NA, 0L, \",\"0L, 0L, 0L, 0L, 0L, 0L, NA, NA, 0L, 0L, NA, 0L, NA, 0L, 0L), \",\"    x = structure(list(x = structure(c(0L, 0L, 0L, 0L, 0L, 1L, \",\"    0L, 0L, 2L, 0L, 0L, 0L, 0L, 0L, 0L, 0L, 0L, 0L, 1L, 0L, 0L, \",\"    0L, 0L, 0L, 0L, NA, 0L, 0L, 0L, 0L, 0L, 0L, 0L, NA, 0L, 0L, \",\"    0L, 0L, 0L, 0L, NA, 0L, 0L, 0L, 0L, 0L, 0L, 0L, 0L, 0L, 0L, \",\"    NA, 0L, 0L, 0L, 0L, NA, NA, 0L, 0L, 0L, 0L, 0L, 0L, NA, NA, \",\"    0L, 0L, 0L, NA, 0L, 0L, NA, 0L, 0L, NA, NA, 0L, 0L, 0L, NA, \",\"    NA, 0L, 0L, 0L, 0L, NA, NA, 0L, 0L, 0L, 0L, 0L, 0L, NA, 0L, \",\"    0L, 1L, 1L, 0L, 0L, 1L, 0L, 2L, 1L, 0L, 0L, 1L, 1L, 1L, 0L, \",\"    0L, 1L, 0L, 0L, NA, 0L, NA, NA, 0L, 0L, 0L, NA, 0L, 0L, NA, \",\"    NA, 0L, NA, 0L, 0L, 0L, 0L, 2L, 2L, 1L, 0L, 0L, 0L, 0L, 0L, \",\"    1L, NA, 0L, NA, 0L, 0L, 0L, 0L, NA, 0L, 0L, 0L, 0L, 0L, 0L, \",\"    NA, 1L, 1L, 3L, 3L, 2L, 1L, 0L, 0L, 2L, 0L, 0L, 0L, 0L, 0L, \",\"    0L, 0L, 0L, 1L, 0L, 0L, 0L, 1L, 0L, 0L, 0L, 0L, 0L, 0L, 0L, \",\"    0L, 1L, 0L, 0L, 0L, NA, 0L, NA, 0L, NA, 0L, NA, 0L, 0L, 0L, \",\"    0L, 0L, NA, 0L, 0L, 0L, 0L, 0L, NA, NA, 4L, 4L, 2L, 1L, NA, \",\"    0L, 0L, 0L, 1L, 3L, 0L, 1L, 3L, 1L, 2L, 0L, 2L, NA, 0L, NA, \",\"    0L, NA, 1L, NA, 0L, 2L, 0L, 2L, 1L, 1L, 1L, 0L, 1L, 0L, 0L, \",\"    4L, NA, 4L, 4L, 2L, 2L, 4L, 2L, 1L, 2L, 3L, 3L, 3L, NA, NA, \",\"    0L, 0L, NA, 0L, 0L, 1L, 1L, 1L, 0L, 1L, NA, NA, 0L, 0L, 0L, \",\"    0L, 0L, 0L, NA, 0L, 0L, 0L, 0L, NA, NA, NA, 0L, 0L, 0L, 0L, \",\"    0L, 0L, 0L, 0L, 1L, NA, NA, NA, 0L, 0L, 0L, 0L, 0L, 0L, 0L, \",\"    0L, 0L, 0L, 0L, 0L, NA, NA, NA, NA, NA, NA, NA, NA, NA, NA, \",\"    NA, NA, NA, NA, NA, NA, 0L, NA, NA, NA, 0L, 0L, 0L, 1L, 0L, \",\"    0L, 0L, NA, NA, 0L, 0L, 0L, 0L, 0L, NA, 0L, 0L, 0L, 0L, 0L, \",\"    0L, 0L, NA, NA, 0L, 0L, NA, 0L, NA, 0L, 0L), tsp = c(1, 362, \",\"    1), class = \\\"ts\\\")), class = \\\"data.frame\\\", row.names = c(NA, \",\"    -362L)))\"]},{\"type\":\"character\",\"attributes\":{},\"value\":[\"c(0L, 0L, 0L, 0L, 0L, 1L, 0L, 0L, 2L, 0L, 0L, 0L, 0L, 0L, 0L, \",\"0L, 0L, 0L, 1L, 0L, 0L, 0L, 0L, 0L, 0L, NA, 0L, 0L, 0L, 0L, 0L, \",\"0L, 0L, NA, 0L, 0L, 0L, 0L, 0L, 0L, NA, 0L, 0L, 0L, 0L, 0L, 0L, \",\"0L, 0L, 0L, 0L, NA, 0L, 0L, 0L, 0L, NA, NA, 0L, 0L, 0L, 0L, 0L, \",\"0L, NA, NA, 0L, 0L, 0L, NA, 0L, 0L, NA, 0L, 0L, NA, NA, 0L, 0L, \",\"0L, NA, NA, 0L, 0L, 0L, 0L, NA, NA, 0L, 0L, 0L, 0L, 0L, 0L, NA, \",\"0L, 0L, 1L, 1L, 0L, 0L, 1L, 0L, 2L, 1L, 0L, 0L, 1L, 1L, 1L, 0L, \",\"0L, 1L, 0L, 0L, NA, 0L, NA, NA, 0L, 0L, 0L, NA, 0L, 0L, NA, NA, \",\"0L, NA, 0L, 0L, 0L, 0L, 2L, 2L, 1L, 0L, 0L, 0L, 0L, 0L, 1L, NA, \",\"0L, NA, 0L, 0L, 0L, 0L, NA, 0L, 0L, 0L, 0L, 0L, 0L, NA, 1L, 1L, \",\"3L, 3L, 2L, 1L, 0L, 0L, 2L, 0L, 0L, 0L, 0L, 0L, 0L, 0L, 0L, 1L, \",\"0L, 0L, 0L, 1L, 0L, 0L, 0L, 0L, 0L, 0L, 0L, 0L, 1L, 0L, 0L, 0L, \",\"NA, 0L, NA, 0L, NA, 0L, NA, 0L, 0L, 0L, 0L, 0L, NA, 0L, 0L, 0L, \",\"0L, 0L, NA, NA, 4L, 4L, 2L, 1L, NA, 0L, 0L, 0L, 1L, 3L, 0L, 1L, \",\"3L, 1L, 2L, 0L, 2L, NA, 0L, NA, 0L, NA, 1L, NA, 0L, 2L, 0L, 2L, \",\"1L, 1L, 1L, 0L, 1L, 0L, 0L, 4L, NA, 4L, 4L, 2L, 2L, 4L, 2L, 1L, \",\"2L, 3L, 3L, 3L, NA, NA, 0L, 0L, NA, 0L, 0L, 1L, 1L, 1L, 0L, 1L, \",\"NA, NA, 0L, 0L, 0L, 0L, 0L, 0L, NA, 0L, 0L, 0L, 0L, NA, NA, NA, \",\"0L, 0L, 0L, 0L, 0L, 0L, 0L, 0L, 1L, NA, NA, NA, 0L, 0L, 0L, 0L, \",\"0L, 0L, 0L, 0L, 0L, 0L, 0L, 0L, NA, NA, NA, NA, NA, NA, NA, NA, \",\"NA, NA, NA, NA, NA, NA, NA, NA, 0L, NA, NA, NA, 0L, 0L, 0L, 1L, \",\"0L, 0L, 0L, NA, NA, 0L, 0L, 0L, 0L, 0L, NA, 0L, 0L, 0L, 0L, 0L, \",\"0L, 0L, NA, NA, 0L, 0L, NA, 0L, NA, 0L, 0L)\"]},{\"type\":\"double\",\"attributes\":{},\"value\":[0]},{\"type\":\"double\",\"attributes\":{},\"value\":[0]},{\"type\":\"integer\",\"attributes\":{},\"value\":[282]},{\"type\":\"list\",\"attributes\":{\"names\":{\"type\":\"character\",\"attributes\":{},\"value\":[\"phi\",\"theta\",\"Delta\",\"Z\",\"a\",\"P\",\"T\",\"V\",\"h\",\"Pn\"]}},\"value\":[{\"type\":\"double\",\"attributes\":{},\"value\":[]},{\"type\":\"double\",\"attributes\":{},\"value\":[]},{\"type\":\"double\",\"attributes\":{},\"value\":[1]},{\"type\":\"double\",\"attributes\":{},\"value\":[1,1]},{\"type\":\"double\",\"attributes\":{},\"value\":[0,0]},{\"type\":\"double\",\"attributes\":{\"dim\":{\"type\":\"integer\",\"attributes\":{},\"value\":[2,2]}},\"value\":[0,0,0,0]},{\"type\":\"double\",\"attributes\":{\"dim\":{\"type\":\"integer\",\"attributes\":{},\"value\":[2,2]}},\"value\":[0,1,0,1]},{\"type\":\"double\",\"attributes\":{\"dim\":{\"type\":\"integer\",\"attributes\":{},\"value\":[2,2]}},\"value\":[1,0,0,0]},{\"type\":\"double\",\"attributes\":{},\"value\":[0]},{\"type\":\"double\",\"attributes\":{\"dim\":{\"type\":\"integer\",\"attributes\":{},\"value\":[2,2]}},\"value\":[1,0,0,0]}]},{\"type\":\"double\",\"attributes\":{},\"value\":[682.4840385]},{\"type\":\"double\",\"attributes\":{},\"value\":[678.85641714]},{\"type\":\"integer\",\"attributes\":{\"tsp\":{\"type\":\"double\",\"attributes\":{},\"value\":[1,362,1]},\"class\":{\"type\":\"character\",\"attributes\":{},\"value\":[\"ts\"]}},\"value\":[0,0,0,0,0,1,0,0,2,0,0,0,0,0,0,0,0,0,1,0,0,0,0,0,0,\"NA\",0,0,0,0,0,0,0,\"NA\",0,0,0,0,0,0,\"NA\",0,0,0,0,0,0,0,0,0,0,\"NA\",0,0,0,0,\"NA\",\"NA\",0,0,0,0,0,0,\"NA\",\"NA\",0,0,0,\"NA\",0,0,\"NA\",0,0,\"NA\",\"NA\",0,0,0,\"NA\",\"NA\",0,0,0,0,\"NA\",\"NA\",0,0,0,0,0,0,\"NA\",0,0,1,1,0,0,1,0,2,1,0,0,1,1,1,0,0,1,0,0,\"NA\",0,\"NA\",\"NA\",0,0,0,\"NA\",0,0,\"NA\",\"NA\",0,\"NA\",0,0,0,0,2,2,1,0,0,0,0,0,1,\"NA\",0,\"NA\",0,0,0,0,\"NA\",0,0,0,0,0,0,\"NA\",1,1,3,3,2,1,0,0,2,0,0,0,0,0,0,0,0,1,0,0,0,1,0,0,0,0,0,0,0,0,1,0,0,0,\"NA\",0,\"NA\",0,\"NA\",0,\"NA\",0,0,0,0,0,\"NA\",0,0,0,0,0,\"NA\",\"NA\",4,4,2,1,\"NA\",0,0,0,1,3,0,1,3,1,2,0,2,\"NA\",0,\"NA\",0,\"NA\",1,\"NA\",0,2,0,2,1,1,1,0,1,0,0,4,\"NA\",4,4,2,2,4,2,1,2,3,3,3,\"NA\",\"NA\",0,0,\"NA\",0,0,1,1,1,0,1,\"NA\",\"NA\",0,0,0,0,0,0,\"NA\",0,0,0,0,\"NA\",\"NA\",\"NA\",0,0,0,0,0,0,0,0,1,\"NA\",\"NA\",\"NA\",0,0,0,0,0,0,0,0,0,0,0,0,\"NA\",\"NA\",\"NA\",\"NA\",\"NA\",\"NA\",\"NA\",\"NA\",\"NA\",\"NA\",\"NA\",\"NA\",\"NA\",\"NA\",\"NA\",\"NA\",0,\"NA\",\"NA\",\"NA\",0,0,0,1,0,0,0,\"NA\",\"NA\",0,0,0,0,0,\"NA\",0,0,0,0,0,0,0,\"NA\",\"NA\",0,0,\"NA\",0,\"NA\",0,0]},{\"type\":\"double\",\"attributes\":{\"tsp\":{\"type\":\"double\",\"attributes\":{},\"value\":[1,362,1]},\"class\":{\"type\":\"character\",\"attributes\":{},\"value\":[\"ts\"]}},\"value\":[0,0,0,0,0,0,1,0,0,2,0,0,0,0,0,0,0,0,0,1,0,0,0,0,0,\"NA\",0,0,0,0,0,0,0,\"NA\",0,0,0,0,0,0,\"NA\",0,0,0,0,0,0,0,0,0,0,\"NA\",0,0,0,0,\"NA\",\"NA\",0,0,0,0,0,0,\"NA\",\"NA\",0,0,0,\"NA\",0,0,\"NA\",0,0,\"NA\",\"NA\",0,0,0,\"NA\",\"NA\",0,0,0,0,\"NA\",\"NA\",0,0,0,0,0,0,\"NA\",0,0,0,1,1,0,0,1,0,2,1,0,0,1,1,1,0,0,1,0,\"NA\",0,\"NA\",\"NA\",0,0,0,\"NA\",0,0,\"NA\",\"NA\",0,\"NA\",0,0,0,0,0,2,2,1,0,0,0,0,0,\"NA\",0.70710678,\"NA\",0,0,0,0,\"NA\",0,0,0,0,0,0,\"NA\",0.29289322,1,1,3,3,2,1,0,0,2,0,0,0,0,0,0,0,0,1,0,0,0,1,0,0,0,0,0,0,0,0,1,0,0,\"NA\",0,\"NA\",0,\"NA\",0,\"NA\",0,0,0,0,0,\"NA\",0,0,0,0,0,\"NA\",\"NA\",1.69059892,4,4,2,\"NA\",0.70710678,0,0,0,1,3,0,1,3,1,2,0,\"NA\",1.41421356,\"NA\",0,\"NA\",0.29289322,\"NA\",0.70710678,0,2,0,2,1,1,1,0,1,0,0,\"NA\",4,4,4,2,2,4,2,1,2,3,3,\"NA\",\"NA\",1.73205081,0,\"NA\",0,0,0,1,1,1,0,\"NA\",\"NA\",0.57735027,5.55111512e-17,0,0,0,0,\"NA\",0,0,0,0,\"NA\",\"NA\",\"NA\",0,0,0,0,0,0,0,0,0,\"NA\",\"NA\",\"NA\",0.5,0,0,0,0,0,0,0,0,0,0,0,\"NA\",\"NA\",\"NA\",\"NA\",\"NA\",\"NA\",\"NA\",\"NA\",\"NA\",\"NA\",\"NA\",\"NA\",\"NA\",\"NA\",\"NA\",\"NA\",0,\"NA\",\"NA\",\"NA\",0,0,0,0,1,0,0,\"NA\",\"NA\",0,0,0,0,0,\"NA\",0,0,0,0,0,0,0,\"NA\",\"NA\",0,0,\"NA\",0,\"NA\",0,0]}]},{\"type\":\"double\",\"attributes\":{},\"value\":[95]},{\"type\":\"double\",\"attributes\":{\"tsp\":{\"type\":\"double\",\"attributes\":{},\"value\":[363,375,1]},\"class\":{\"type\":\"character\",\"attributes\":{},\"value\":[\"ts\"]}},\"value\":[0,0,0,0,0,0,0,0,0,0,0,0,0]},{\"type\":\"double\",\"attributes\":{\"dim\":{\"type\":\"integer\",\"attributes\":{},\"value\":[13,1]},\"dimnames\":{\"type\":\"list\",\"attributes\":{},\"value\":[{\"type\":\"NULL\"},{\"type\":\"character\",\"attributes\":{},\"value\":[\"95%\"]}]},\"tsp\":{\"type\":\"double\",\"attributes\":{},\"value\":[363,375,1]},\"class\":{\"type\":\"character\",\"attributes\":{},\"value\":[\"ts\"]}},\"value\":[-1.46436349,-2.07092271,-2.53635197,-2.92872698,-3.27441631,-3.58694335,-3.87434163,-4.14184542,-4.39309047,-4.63072396,-4.85674426,-5.07270394,-5.27983765]},{\"type\":\"double\",\"attributes\":{\"dim\":{\"type\":\"integer\",\"attributes\":{},\"value\":[13,1]},\"dimnames\":{\"type\":\"list\",\"attributes\":{},\"value\":[{\"type\":\"NULL\"},{\"type\":\"character\",\"attributes\":{},\"value\":[\"95%\"]}]},\"tsp\":{\"type\":\"double\",\"attributes\":{},\"value\":[363,375,1]},\"class\":{\"type\":\"character\",\"attributes\":{},\"value\":[\"ts\"]}},\"value\":[1.46436349,2.07092271,2.53635197,2.92872698,3.27441631,3.58694335,3.87434163,4.14184542,4.39309047,4.63072396,4.85674426,5.07270394,5.27983765]},{\"type\":\"integer\",\"attributes\":{\"tsp\":{\"type\":\"double\",\"attributes\":{},\"value\":[1,362,1]},\"class\":{\"type\":\"character\",\"attributes\":{},\"value\":[\"ts\"]}},\"value\":[0,0,0,0,0,1,0,0,2,0,0,0,0,0,0,0,0,0,1,0,0,0,0,0,0,\"NA\",0,0,0,0,0,0,0,\"NA\",0,0,0,0,0,0,\"NA\",0,0,0,0,0,0,0,0,0,0,\"NA\",0,0,0,0,\"NA\",\"NA\",0,0,0,0,0,0,\"NA\",\"NA\",0,0,0,\"NA\",0,0,\"NA\",0,0,\"NA\",\"NA\",0,0,0,\"NA\",\"NA\",0,0,0,0,\"NA\",\"NA\",0,0,0,0,0,0,\"NA\",0,0,1,1,0,0,1,0,2,1,0,0,1,1,1,0,0,1,0,0,\"NA\",0,\"NA\",\"NA\",0,0,0,\"NA\",0,0,\"NA\",\"NA\",0,\"NA\",0,0,0,0,2,2,1,0,0,0,0,0,1,\"NA\",0,\"NA\",0,0,0,0,\"NA\",0,0,0,0,0,0,\"NA\",1,1,3,3,2,1,0,0,2,0,0,0,0,0,0,0,0,1,0,0,0,1,0,0,0,0,0,0,0,0,1,0,0,0,\"NA\",0,\"NA\",0,\"NA\",0,\"NA\",0,0,0,0,0,\"NA\",0,0,0,0,0,\"NA\",\"NA\",4,4,2,1,\"NA\",0,0,0,1,3,0,1,3,1,2,0,2,\"NA\",0,\"NA\",0,\"NA\",1,\"NA\",0,2,0,2,1,1,1,0,1,0,0,4,\"NA\",4,4,2,2,4,2,1,2,3,3,3,\"NA\",\"NA\",0,0,\"NA\",0,0,1,1,1,0,1,\"NA\",\"NA\",0,0,0,0,0,0,\"NA\",0,0,0,0,\"NA\",\"NA\",\"NA\",0,0,0,0,0,0,0,0,1,\"NA\",\"NA\",\"NA\",0,0,0,0,0,0,0,0,0,0,0,0,\"NA\",\"NA\",\"NA\",\"NA\",\"NA\",\"NA\",\"NA\",\"NA\",\"NA\",\"NA\",\"NA\",\"NA\",\"NA\",\"NA\",\"NA\",\"NA\",0,\"NA\",\"NA\",\"NA\",0,0,0,1,0,0,0,\"NA\",\"NA\",0,0,0,0,0,\"NA\",0,0,0,0,0,0,0,\"NA\",\"NA\",0,0,\"NA\",0,\"NA\",0,0]},{\"type\":\"character\",\"attributes\":{},\"value\":[\"c(0L, 0L, 0L, 0L, 0L, 1L, 0L, 0L, 2L, 0L, 0L, 0L, 0L, 0L, 0L, \",\"0L, 0L, 0L, 1L, 0L, 0L, 0L, 0L, 0L, 0L, NA, 0L, 0L, 0L, 0L, 0L, \",\"0L, 0L, NA, 0L, 0L, 0L, 0L, 0L, 0L, NA, 0L, 0L, 0L, 0L, 0L, 0L, \",\"0L, 0L, 0L, 0L, NA, 0L, 0L, 0L, 0L, NA, NA, 0L, 0L, 0L, 0L, 0L, \",\"0L, NA, NA, 0L, 0L, 0L, NA, 0L, 0L, NA, 0L, 0L, NA, NA, 0L, 0L, \",\"0L, NA, NA, 0L, 0L, 0L, 0L, NA, NA, 0L, 0L, 0L, 0L, 0L, 0L, NA, \",\"0L, 0L, 1L, 1L, 0L, 0L, 1L, 0L, 2L, 1L, 0L, 0L, 1L, 1L, 1L, 0L, \",\"0L, 1L, 0L, 0L, NA, 0L, NA, NA, 0L, 0L, 0L, NA, 0L, 0L, NA, NA, \",\"0L, NA, 0L, 0L, 0L, 0L, 2L, 2L, 1L, 0L, 0L, 0L, 0L, 0L, 1L, NA, \",\"0L, NA, 0L, 0L, 0L, 0L, NA, 0L, 0L, 0L, 0L, 0L, 0L, NA, 1L, 1L, \",\"3L, 3L, 2L, 1L, 0L, 0L, 2L, 0L, 0L, 0L, 0L, 0L, 0L, 0L, 0L, 1L, \",\"0L, 0L, 0L, 1L, 0L, 0L, 0L, 0L, 0L, 0L, 0L, 0L, 1L, 0L, 0L, 0L, \",\"NA, 0L, NA, 0L, NA, 0L, NA, 0L, 0L, 0L, 0L, 0L, NA, 0L, 0L, 0L, \",\"0L, 0L, NA, NA, 4L, 4L, 2L, 1L, NA, 0L, 0L, 0L, 1L, 3L, 0L, 1L, \",\"3L, 1L, 2L, 0L, 2L, NA, 0L, NA, 0L, NA, 1L, NA, 0L, 2L, 0L, 2L, \",\"1L, 1L, 1L, 0L, 1L, 0L, 0L, 4L, NA, 4L, 4L, 2L, 2L, 4L, 2L, 1L, \",\"2L, 3L, 3L, 3L, NA, NA, 0L, 0L, NA, 0L, 0L, 1L, 1L, 1L, 0L, 1L, \",\"NA, NA, 0L, 0L, 0L, 0L, 0L, 0L, NA, 0L, 0L, 0L, 0L, NA, NA, NA, \",\"0L, 0L, 0L, 0L, 0L, 0L, 0L, 0L, 1L, NA, NA, NA, 0L, 0L, 0L, 0L, \",\"0L, 0L, 0L, 0L, 0L, 0L, 0L, 0L, NA, NA, NA, NA, NA, NA, NA, NA, \",\"NA, NA, NA, NA, NA, NA, NA, NA, 0L, NA, NA, NA, 0L, 0L, 0L, 1L, \",\"0L, 0L, 0L, NA, NA, 0L, 0L, 0L, 0L, 0L, NA, 0L, 0L, 0L, 0L, 0L, \",\"0L, 0L, NA, NA, 0L, 0L, NA, 0L, NA, 0L, 0L)\"]},{\"type\":\"double\",\"attributes\":{\"tsp\":{\"type\":\"double\",\"attributes\":{},\"value\":[1,362,1]},\"class\":{\"type\":\"character\",\"attributes\":{},\"value\":[\"ts\"]}},\"value\":[0,0,0,0,0,0,1,0,0,2,0,0,0,0,0,0,0,0,0,1,0,0,0,0,0,\"NA\",0,0,0,0,0,0,0,\"NA\",0,0,0,0,0,0,\"NA\",0,0,0,0,0,0,0,0,0,0,\"NA\",0,0,0,0,\"NA\",\"NA\",0,0,0,0,0,0,\"NA\",\"NA\",0,0,0,\"NA\",0,0,\"NA\",0,0,\"NA\",\"NA\",0,0,0,\"NA\",\"NA\",0,0,0,0,\"NA\",\"NA\",0,0,0,0,0,0,\"NA\",0,0,0,1,1,0,0,1,0,2,1,0,0,1,1,1,0,0,1,0,\"NA\",0,\"NA\",\"NA\",0,0,0,\"NA\",0,0,\"NA\",\"NA\",0,\"NA\",0,0,0,0,0,2,2,1,0,0,0,0,0,\"NA\",0.70710678,\"NA\",0,0,0,0,\"NA\",0,0,0,0,0,0,\"NA\",0.29289322,1,1,3,3,2,1,0,0,2,0,0,0,0,0,0,0,0,1,0,0,0,1,0,0,0,0,0,0,0,0,1,0,0,\"NA\",0,\"NA\",0,\"NA\",0,\"NA\",0,0,0,0,0,\"NA\",0,0,0,0,0,\"NA\",\"NA\",1.69059892,4,4,2,\"NA\",0.70710678,0,0,0,1,3,0,1,3,1,2,0,\"NA\",1.41421356,\"NA\",0,\"NA\",0.29289322,\"NA\",0.70710678,0,2,0,2,1,1,1,0,1,0,0,\"NA\",4,4,4,2,2,4,2,1,2,3,3,\"NA\",\"NA\",1.73205081,0,\"NA\",0,0,0,1,1,1,0,\"NA\",\"NA\",0.57735027,5.55111512e-17,0,0,0,0,\"NA\",0,0,0,0,\"NA\",\"NA\",\"NA\",0,0,0,0,0,0,0,0,0,\"NA\",\"NA\",\"NA\",0.5,0,0,0,0,0,0,0,0,0,0,0,\"NA\",\"NA\",\"NA\",\"NA\",\"NA\",\"NA\",\"NA\",\"NA\",\"NA\",\"NA\",\"NA\",\"NA\",\"NA\",\"NA\",\"NA\",\"NA\",0,\"NA\",\"NA\",\"NA\",0,0,0,0,1,0,0,\"NA\",\"NA\",0,0,0,0,0,\"NA\",0,0,0,0,0,0,0,\"NA\",\"NA\",0,0,\"NA\",0,\"NA\",0,0]},{\"type\":\"double\",\"attributes\":{\"tsp\":{\"type\":\"double\",\"attributes\":{},\"value\":[1,362,1]},\"class\":{\"type\":\"character\",\"attributes\":{},\"value\":[\"ts\"]}},\"value\":[0,0,0,0,0,1,-1,0,2,-2,0,0,0,0,0,0,0,0,1,-1,0,0,0,0,0,\"NA\",0,0,0,0,0,0,0,\"NA\",0,0,0,0,0,0,\"NA\",0,0,0,0,0,0,0,0,0,0,\"NA\",0,0,0,0,\"NA\",\"NA\",0,0,0,0,0,0,\"NA\",\"NA\",0,0,0,\"NA\",0,0,\"NA\",0,0,\"NA\",\"NA\",0,0,0,\"NA\",\"NA\",0,0,0,0,\"NA\",\"NA\",0,0,0,0,0,0,\"NA\",0,0,1,0,-1,0,1,-1,2,-1,-1,0,1,0,0,-1,0,1,-1,0,\"NA\",0,\"NA\",\"NA\",0,0,0,\"NA\",0,0,\"NA\",\"NA\",0,\"NA\",0,0,0,0,2,0,-1,-1,0,0,0,0,1,\"NA\",-0.70710678,\"NA\",0,0,0,0,\"NA\",0,0,0,0,0,0,\"NA\",0.70710678,0,2,0,-1,-1,-1,0,2,-2,0,0,0,0,0,0,0,1,-1,0,0,1,-1,0,0,0,0,0,0,0,1,-1,0,0,\"NA\",0,\"NA\",0,\"NA\",0,\"NA\",0,0,0,0,0,\"NA\",0,0,0,0,0,\"NA\",\"NA\",2.30940108,0,-2,-1,\"NA\",-0.70710678,0,0,1,2,-3,1,2,-2,1,-2,2,\"NA\",-1.41421356,\"NA\",0,\"NA\",0.70710678,\"NA\",-0.70710678,2,-2,2,-1,0,0,-1,1,-1,0,4,\"NA\",0,0,-2,0,2,-2,-1,1,1,0,0,\"NA\",\"NA\",-1.73205081,0,\"NA\",0,0,1,0,0,-1,1,\"NA\",\"NA\",-0.57735027,-5.55111512e-17,0,0,0,0,\"NA\",0,0,0,0,\"NA\",\"NA\",\"NA\",0,0,0,0,0,0,0,0,1,\"NA\",\"NA\",\"NA\",-0.5,0,0,0,0,0,0,0,0,0,0,0,\"NA\",\"NA\",\"NA\",\"NA\",\"NA\",\"NA\",\"NA\",\"NA\",\"NA\",\"NA\",\"NA\",\"NA\",\"NA\",\"NA\",\"NA\",\"NA\",0,\"NA\",\"NA\",\"NA\",0,0,0,1,-1,0,0,\"NA\",\"NA\",0,0,0,0,0,\"NA\",0,0,0,0,0,0,0,\"NA\",\"NA\",0,0,\"NA\",0,\"NA\",0,0]}]}"]
