"currency","model","dataset","species","estimate","lower_pi","upper_pi","confidence_level","old_cast_id","forecast_id","origin","newmoonnumber","forecast_date","forecast_month","forecast_year","forecast_group","historic_start_newmoonnumber","historic_end_newmoonnumber","forecast_start_newmoonnumber","forecast_end_newmoonnumber","lead_time_newmoons","max_lag","lag_buffer"
"abundance","jags_RW","controls","NA",0.014,0,0.088,0.95,2253,"2253.05",,552,2022-03-17,1,2022,86,217,553,552,565,-1,,
"abundance","jags_RW","controls","NA",0.018,0,0.111,0.95,2253,"2253.05",,553,2022-03-17,3,2022,86,217,553,552,565,0,,
"abundance","jags_RW","controls","NA",0.023,0,0.129,0.95,2253,"2253.05",,554,2022-03-17,4,2022,86,217,553,552,565,1,,
"abundance","jags_RW","controls","NA",0.029,0,0.153,0.95,2253,"2253.05",,555,2022-03-17,4,2022,86,217,553,552,565,2,,
"abundance","jags_RW","controls","NA",0.036,0,0.182,0.95,2253,"2253.05",,556,2022-03-17,5,2022,86,217,553,552,565,3,,
"abundance","jags_RW","controls","NA",0.043,0,0.207,0.95,2253,"2253.05",,557,2022-03-17,6,2022,86,217,553,552,565,4,,
"abundance","jags_RW","controls","NA",0.051,0,0.229,0.95,2253,"2253.05",,558,2022-03-17,7,2022,86,217,553,552,565,5,,
"abundance","jags_RW","controls","NA",0.061,0,0.268,0.95,2253,"2253.05",,559,2022-03-17,8,2022,86,217,553,552,565,6,,
"abundance","jags_RW","controls","NA",0.071,0,0.299,0.95,2253,"2253.05",,560,2022-03-17,9,2022,86,217,553,552,565,7,,
"abundance","jags_RW","controls","NA",0.087,0,0.329,0.95,2253,"2253.05",,561,2022-03-17,10,2022,86,217,553,552,565,8,,
"abundance","jags_RW","controls","NA",0.099,0,0.35,0.95,2253,"2253.05",,562,2022-03-17,11,2022,86,217,553,552,565,9,,
"abundance","jags_RW","controls","NA",0.122,0,0.397,0.95,2253,"2253.05",,563,2022-03-17,12,2022,86,217,553,552,565,10,,
"abundance","jags_RW","controls","NA",0.129,0,0.445,0.95,2253,"2253.05",,564,2022-03-17,1,2023,86,217,553,552,565,11,,
"abundance","jags_RW","controls","NA",0.159,0,0.482,0.95,2253,"2253.05",,565,2022-03-17,2,2023,86,217,553,552,565,12,,
