["{\"type\":\"list\",\"attributes\":{\"names\":{\"type\":\"character\",\"attributes\":{},\"value\":[\"Point.Forecast\",\"Lo.95\",\"Hi.95\",\"moon\",\"model\",\"dataset\",\"species\",\"forecast_id\"]}},\"value\":[{\"type\":\"double\",\"attributes\":{},\"value\":[-0.000373,-0.00055537,-0.00069585,-0.00083634,-0.00097682,-0.0011173,-0.00125779,-0.00139827,-0.00153875,-0.00167924,-0.00181972,-0.0019602,-0.00210069,-0.00224117]},{\"type\":\"double\",\"attributes\":{},\"value\":[-1.11706639,-1.19014531,-1.2186678,-1.2465438,-1.27381558,-1.30052099,-1.32669408,-1.35236563,-1.37756354,-1.40231325,-1.42663798,-1.45055901,-1.47409591,-1.49726671]},{\"type\":\"double\",\"attributes\":{},\"value\":[1.11632038,1.18903458,1.2172761,1.24487113,1.27186194,1.29828639,1.32417851,1.34956909,1.37448604,1.39895478,1.42299854,1.4466386,1.46989453,1.49278436]},{\"type\":\"integer\",\"attributes\":{},\"value\":[525,526,527,528,529,530,531,532,533,534,535,536,537,538]},{\"type\":\"character\",\"attributes\":{},\"value\":[\"AutoArima\"]},{\"type\":\"character\",\"attributes\":{},\"value\":[\"controls\"]},{\"type\":\"character\",\"attributes\":{},\"value\":[\"PP\"]},{\"type\":\"character\",\"attributes\":{},\"value\":[\"293.14\"]}]}"]
