"currency","model","dataset","species","estimate","lower_pi","upper_pi","confidence_level","old_cast_id","forecast_id","origin","newmoonnumber","forecast_date","forecast_month","forecast_year","forecast_group","historic_start_newmoonnumber","historic_end_newmoonnumber","forecast_start_newmoonnumber","forecast_end_newmoonnumber","lead_time_newmoons","max_lag","lag_buffer"
"abundance","jags_RW","controls","total",39.101,27.847,51.866,0.95,2224,"2224.19",,552,2022-03-10,1,2022,85,217,553,552,565,-1,,
"abundance","jags_RW","controls","total",65.527,3.534,196.9,0.95,2224,"2224.19",,553,2022-03-10,3,2022,85,217,553,552,565,0,,
"abundance","jags_RW","controls","total",71.527,1.237,196.9,0.95,2224,"2224.19",,554,2022-03-10,4,2022,85,217,553,552,565,1,,
"abundance","jags_RW","controls","total",70.535,0.533,196.9,0.95,2224,"2224.19",,555,2022-03-10,4,2022,85,217,553,552,565,2,,
"abundance","jags_RW","controls","total",68.611,0.229,196.9,0.95,2224,"2224.19",,556,2022-03-10,5,2022,85,217,553,552,565,3,,
"abundance","jags_RW","controls","total",66.831,0.09,196.9,0.95,2224,"2224.19",,557,2022-03-10,6,2022,85,217,553,552,565,4,,
"abundance","jags_RW","controls","total",63.779,0.022,196.9,0.95,2224,"2224.19",,558,2022-03-10,7,2022,85,217,553,552,565,5,,
"abundance","jags_RW","controls","total",61.004,0,196.9,0.95,2224,"2224.19",,559,2022-03-10,8,2022,85,217,553,552,565,6,,
"abundance","jags_RW","controls","total",58.841,0,196.9,0.95,2224,"2224.19",,560,2022-03-10,9,2022,85,217,553,552,565,7,,
"abundance","jags_RW","controls","total",56.346,0,196.9,0.95,2224,"2224.19",,561,2022-03-10,10,2022,85,217,553,552,565,8,,
"abundance","jags_RW","controls","total",54.336,0,196.9,0.95,2224,"2224.19",,562,2022-03-10,11,2022,85,217,553,552,565,9,,
"abundance","jags_RW","controls","total",52.964,0,196.9,0.95,2224,"2224.19",,563,2022-03-10,12,2022,85,217,553,552,565,10,,
"abundance","jags_RW","controls","total",51.254,0,196.9,0.95,2224,"2224.19",,564,2022-03-10,1,2023,85,217,553,552,565,11,,
"abundance","jags_RW","controls","total",49.881,0,196.9,0.95,2224,"2224.19",,565,2022-03-10,2,2023,85,217,553,552,565,12,,
