["{\"type\":\"list\",\"attributes\":{\"names\":{\"type\":\"character\",\"attributes\":{},\"value\":[\"Point.Forecast\",\"Lo.95\",\"Hi.95\",\"moon\",\"model\",\"dataset\",\"species\",\"forecast_id\"]}},\"value\":[{\"type\":\"double\",\"attributes\":{},\"value\":[0.154,0.154,0.154,0.154,0.154,0.154,0.154,0.154,0.154,0.154,0.154,0.154,0.154,0.154]},{\"type\":\"double\",\"attributes\":{},\"value\":[0.088,0.087,0.088,0.087,0.087,0.087,0.086,0.086,0.086,0.086,0.085,0.085,0.085,0.086]},{\"type\":\"double\",\"attributes\":{},\"value\":[0.213,0.213,0.214,0.214,0.215,0.216,0.216,0.216,0.216,0.217,0.217,0.218,0.218,0.219]},{\"type\":\"integer\",\"attributes\":{},\"value\":[524,525,526,527,528,529,530,531,532,533,534,535,536,537]},{\"type\":\"character\",\"attributes\":{},\"value\":[\"jags_RW\"]},{\"type\":\"character\",\"attributes\":{},\"value\":[\"controls\"]},{\"type\":\"character\",\"attributes\":{},\"value\":[\"BA\"]},{\"type\":\"character\",\"attributes\":{},\"value\":[\"74.01\"]}]}"]
