["{\"type\":\"list\",\"attributes\":{\"names\":{\"type\":\"character\",\"attributes\":{},\"value\":[\"Point.Forecast\",\"Lo.95\",\"Hi.95\",\"moon\",\"model\",\"dataset\",\"species\",\"forecast_id\"]}},\"value\":[{\"type\":\"double\",\"attributes\":{},\"value\":[121,121,121,121,121,121,121,121,121,121,121,121,121,121]},{\"type\":\"double\",\"attributes\":{},\"value\":[38.4338155,4.23378209,-22.00882654,-44.132369,-63.62360118,-81.24502203,-97.44959089,-112.53243582,-126.6985535,-140.09720073,-152.84105435,-165.01765308,-176.69661183,-187.93437413]},{\"type\":\"double\",\"attributes\":{},\"value\":[203.5661845,237.76621791,264.00882654,286.132369,305.62360118,323.24502203,339.44959089,354.53243582,368.6985535,382.09720073,394.84105435,407.01765308,418.69661183,429.93437413]},{\"type\":\"integer\",\"attributes\":{},\"value\":[524,525,526,527,528,529,530,531,532,533,534,535,536,537]},{\"type\":\"character\",\"attributes\":{},\"value\":[\"NaiveArima\"]},{\"type\":\"character\",\"attributes\":{},\"value\":[\"all\"]},{\"type\":\"character\",\"attributes\":{},\"value\":[\"total\"]},{\"type\":\"character\",\"attributes\":{},\"value\":[\"76.23\"]}]}"]
