["{\"type\":\"list\",\"attributes\":{\"names\":{\"type\":\"character\",\"attributes\":{},\"value\":[\"Point.Forecast\",\"Lo.95\",\"Hi.95\",\"moon\",\"model\",\"dataset\",\"species\",\"forecast_id\"]}},\"value\":[{\"type\":\"double\",\"attributes\":{},\"value\":[0,0,0,0,0,0,0,0,0,0,0,0,0,0]},{\"type\":\"double\",\"attributes\":{},\"value\":[-0.64154881,-0.90728703,-1.11119513,-1.28309762,-1.43454675,-1.57146723,-1.6973786,-1.81457405,-1.92464643,-2.02875546,-2.12777668,-2.22239026,-2.31313712,-2.40045584]},{\"type\":\"double\",\"attributes\":{},\"value\":[0.64154881,0.90728703,1.11119513,1.28309762,1.43454675,1.57146723,1.6973786,1.81457405,1.92464643,2.02875546,2.12777668,2.22239026,2.31313712,2.40045584]},{\"type\":\"integer\",\"attributes\":{},\"value\":[524,525,526,527,528,529,530,531,532,533,534,535,536,537]},{\"type\":\"character\",\"attributes\":{},\"value\":[\"NaiveArima\"]},{\"type\":\"character\",\"attributes\":{},\"value\":[\"exclosures\"]},{\"type\":\"character\",\"attributes\":{},\"value\":[\"PM\"]},{\"type\":\"character\",\"attributes\":{},\"value\":[\"78.13\"]}]}"]
