["{\"type\":\"list\",\"attributes\":{\"names\":{\"type\":\"character\",\"attributes\":{},\"value\":[\"Point.Forecast\",\"Lo.95\",\"Hi.95\",\"moon\",\"model\",\"dataset\",\"species\",\"forecast_id\"]}},\"value\":[{\"type\":\"double\",\"attributes\":{},\"value\":[0,0,0,0,0,0,0,0,0,0,0,0,0,0]},{\"type\":\"double\",\"attributes\":{},\"value\":[-0.33745702,-0.47723629,-0.5844927,-0.67491403,-0.75457683,-0.8265975,-0.89282734,-0.95447258,-1.01237105,-1.06713278,-1.11921831,-1.16898539,-1.21671858,-1.26264854]},{\"type\":\"double\",\"attributes\":{},\"value\":[0.33745702,0.47723629,0.5844927,0.67491403,0.75457683,0.8265975,0.89282734,0.95447258,1.01237105,1.06713278,1.11921831,1.16898539,1.21671858,1.26264854]},{\"type\":\"integer\",\"attributes\":{},\"value\":[524,525,526,527,528,529,530,531,532,533,534,535,536,537]},{\"type\":\"character\",\"attributes\":{},\"value\":[\"NaiveArima\"]},{\"type\":\"character\",\"attributes\":{},\"value\":[\"controls\"]},{\"type\":\"character\",\"attributes\":{},\"value\":[\"PM\"]},{\"type\":\"character\",\"attributes\":{},\"value\":[\"77.13\"]}]}"]
