["{\"type\":\"list\",\"attributes\":{\"names\":{\"type\":\"character\",\"attributes\":{},\"value\":[\"Point.Forecast\",\"Lo.95\",\"Hi.95\",\"moon\",\"model\",\"dataset\",\"species\",\"forecast_id\"]}},\"value\":[{\"type\":\"double\",\"attributes\":{},\"value\":[0.339,0.38,0.433,0.486,0.555,0.624,0.701,0.787,0.874,0.998,1.125,1.26,1.398,1.547]},{\"type\":\"double\",\"attributes\":{},\"value\":[0.002,0,0,0,0,0,0,0,0,0,0,0,0,0]},{\"type\":\"double\",\"attributes\":{},\"value\":[0.937,1.173,1.43,1.7,1.994,2.285,2.598,2.954,3.359,3.792,4.338,4.667,5.322,5.788]},{\"type\":\"integer\",\"attributes\":{},\"value\":[524,525,526,527,528,529,530,531,532,533,534,535,536,537]},{\"type\":\"character\",\"attributes\":{},\"value\":[\"jags_RW\"]},{\"type\":\"character\",\"attributes\":{},\"value\":[\"exclosures\"]},{\"type\":\"character\",\"attributes\":{},\"value\":[\"PF\"]},{\"type\":\"character\",\"attributes\":{},\"value\":[\"75.09\"]}]}"]
