["{\"type\":\"list\",\"attributes\":{\"names\":{\"type\":\"character\",\"attributes\":{},\"value\":[\"Point.Forecast\",\"Lo.95\",\"Hi.95\",\"moon\",\"model\",\"dataset\",\"species\",\"forecast_id\"]}},\"value\":[{\"type\":\"double\",\"attributes\":{},\"value\":[0.36952776,0.36952776,0.36952776,0.36952776,0.36952776,0.36952776,0.36952776,0.36952776,0.36952776,0.36952776,0.36952776,0.36952776,0.36952776]},{\"type\":\"double\",\"attributes\":{},\"value\":[-2.92465278,-3.11540673,-3.29624793,-3.46857781,-3.63349576,-3.79188309,-3.94445917,-4.09182027,-4.23446716,-4.37282526,-4.50725962,-4.63808625,-4.76558091]},{\"type\":\"double\",\"attributes\":{},\"value\":[3.6637083,3.85446224,4.03530344,4.20763332,4.37255127,4.5309386,4.68351468,4.83087578,4.97352267,5.11188077,5.24631513,5.37714176,5.50463642]},{\"type\":\"integer\",\"attributes\":{},\"value\":[524,525,526,527,528,529,530,531,532,533,534,535,536]},{\"type\":\"character\",\"attributes\":{},\"value\":[\"ESSS\"]},{\"type\":\"character\",\"attributes\":{},\"value\":[\"all\"]},{\"type\":\"character\",\"attributes\":{},\"value\":[\"NA\"]},{\"type\":\"character\",\"attributes\":{},\"value\":[\"4.05\"]}]}"]
