["{\"type\":\"list\",\"attributes\":{\"names\":{\"type\":\"character\",\"attributes\":{},\"value\":[\"Point.Forecast\",\"Lo.95\",\"Hi.95\",\"moon\",\"model\",\"dataset\",\"species\",\"forecast_id\"]}},\"value\":[{\"type\":\"double\",\"attributes\":{},\"value\":[0.5043989,1.41774116,1.41774116,1.41774116,1.41774116,1.41774116,1.41774116,1.41774116,1.41774116,1.41774116,1.41774116,1.41774116,1.41774116]},{\"type\":\"double\",\"attributes\":{},\"value\":[-5.57233542,-6.21225797,-6.21225797,-6.21225797,-6.21225797,-6.21225797,-6.21225797,-6.21225797,-6.21225797,-6.21225797,-6.21225797,-6.21225797,-6.21225797]},{\"type\":\"double\",\"attributes\":{},\"value\":[6.58113321,9.04774029,9.04774029,9.04774029,9.04774029,9.04774029,9.04774029,9.04774029,9.04774029,9.04774029,9.04774029,9.04774029,9.04774029]},{\"type\":\"integer\",\"attributes\":{},\"value\":[524,525,526,527,528,529,530,531,532,533,534,535,536]},{\"type\":\"character\",\"attributes\":{},\"value\":[\"AutoArima\"]},{\"type\":\"character\",\"attributes\":{},\"value\":[\"all\"]},{\"type\":\"character\",\"attributes\":{},\"value\":[\"SH\"]},{\"type\":\"character\",\"attributes\":{},\"value\":[\"1.21\"]}]}"]
