["{\"type\":\"list\",\"attributes\":{\"names\":{\"type\":\"character\",\"attributes\":{},\"value\":[\"Point.Forecast\",\"Lo.95\",\"Hi.95\",\"moon\",\"model\",\"dataset\",\"species\",\"forecast_id\"]}},\"value\":[{\"type\":\"double\",\"attributes\":{},\"value\":[0.01187152,0.01182414,0.01182414,0.01182414,0.01182414,0.01182414,0.01182414,0.01182414,0.01182414,0.01182414,0.01182414,0.01182414,0.01182414]},{\"type\":\"double\",\"attributes\":{},\"value\":[-0.32414321,-0.32419327,-0.32419327,-0.32419327,-0.32419327,-0.32419327,-0.32419327,-0.32419327,-0.32419327,-0.32419327,-0.32419327,-0.32419327,-0.32419327]},{\"type\":\"double\",\"attributes\":{},\"value\":[0.34788625,0.34784154,0.34784154,0.34784154,0.34784154,0.34784154,0.34784154,0.34784154,0.34784154,0.34784154,0.34784154,0.34784154,0.34784154]},{\"type\":\"integer\",\"attributes\":{},\"value\":[524,525,526,527,528,529,530,531,532,533,534,535,536]},{\"type\":\"character\",\"attributes\":{},\"value\":[\"AutoArima\"]},{\"type\":\"character\",\"attributes\":{},\"value\":[\"all\"]},{\"type\":\"character\",\"attributes\":{},\"value\":[\"SO\"]},{\"type\":\"character\",\"attributes\":{},\"value\":[\"1.22\"]}]}"]
