["{\"type\":\"list\",\"attributes\":{\"names\":{\"type\":\"character\",\"attributes\":{},\"value\":[\"Point.Forecast\",\"Lo.95\",\"Hi.95\",\"moon\",\"model\",\"dataset\",\"species\",\"forecast_id\"]}},\"value\":[{\"type\":\"double\",\"attributes\":{},\"value\":[0,0,0,0,0,0,0,0,0,0,0,0,0]},{\"type\":\"double\",\"attributes\":{},\"value\":[-1.8996429,-2.68650075,-3.29027801,-3.79928579,-4.24773065,-4.65315579,-5.02598268,-5.3730015,-5.69892869,-6.00719829,-6.30040272,-6.58055603,-6.84925987]},{\"type\":\"double\",\"attributes\":{},\"value\":[1.8996429,2.68650075,3.29027801,3.79928579,4.24773065,4.65315579,5.02598268,5.3730015,5.69892869,6.00719829,6.30040272,6.58055603,6.84925987]},{\"type\":\"integer\",\"attributes\":{},\"value\":[524,525,526,527,528,529,530,531,532,533,534,535,536]},{\"type\":\"character\",\"attributes\":{},\"value\":[\"NaiveArima\"]},{\"type\":\"character\",\"attributes\":{},\"value\":[\"all\"]},{\"type\":\"character\",\"attributes\":{},\"value\":[\"RO\"]},{\"type\":\"character\",\"attributes\":{},\"value\":[\"7.18\"]}]}"]
