["{\"type\":\"list\",\"attributes\":{\"names\":{\"type\":\"character\",\"attributes\":{},\"value\":[\"Point.Forecast\",\"Lo.95\",\"Hi.95\",\"moon\",\"model\",\"dataset\",\"species\",\"forecast_id\"]}},\"value\":[{\"type\":\"double\",\"attributes\":{},\"value\":[4.73178081e-15,4.73178081e-15,4.73178081e-15,4.73178081e-15,4.73178081e-15,4.73178081e-15,4.73178081e-15,4.73178081e-15,4.73178081e-15,4.73178081e-15,4.73178081e-15,4.73178081e-15,4.73178081e-15]},{\"type\":\"double\",\"attributes\":{},\"value\":[-1.20546341,-1.36172405,-1.50181315,-1.62990586,-1.74864046,-1.85981016,-1.96469951,-2.0642661,-2.15924637,-2.25022115,-2.33765814,-2.42194054,-2.50338697]},{\"type\":\"double\",\"attributes\":{},\"value\":[1.20546341,1.36172405,1.50181315,1.62990586,1.74864046,1.85981016,1.96469951,2.0642661,2.15924637,2.25022115,2.33765814,2.42194054,2.50338697]},{\"type\":\"integer\",\"attributes\":{},\"value\":[524,525,526,527,528,529,530,531,532,533,534,535,536]},{\"type\":\"character\",\"attributes\":{},\"value\":[\"ESSS\"]},{\"type\":\"character\",\"attributes\":{},\"value\":[\"controls\"]},{\"type\":\"character\",\"attributes\":{},\"value\":[\"BA\"]},{\"type\":\"character\",\"attributes\":{},\"value\":[\"5.01\"]}]}"]
