["{\"type\":\"list\",\"attributes\":{\"names\":{\"type\":\"character\",\"attributes\":{},\"value\":[\"Point.Forecast\",\"Lo.95\",\"Hi.95\",\"moon\",\"model\",\"dataset\",\"species\",\"forecast_id\"]}},\"value\":[{\"type\":\"double\",\"attributes\":{},\"value\":[0.03069755,0.04337655,0.04861336,0.05077632,0.05166968,0.05203867,0.05219107,0.05225402,0.05228002,0.05229076,0.05229519,0.05229702,0.05229778]},{\"type\":\"double\",\"attributes\":{},\"value\":[-0.41886319,-0.44302109,-0.44379334,-0.44264819,-0.44192824,-0.44158883,-0.44144148,-0.44137939,-0.44135354,-0.44134282,-0.44133839,-0.44133656,-0.44133581]},{\"type\":\"double\",\"attributes\":{},\"value\":[0.48025828,0.52977419,0.54102006,0.54420082,0.5452676,0.54566617,0.54582362,0.54588743,0.54591357,0.54592433,0.54592877,0.54593061,0.54593136]},{\"type\":\"integer\",\"attributes\":{},\"value\":[524,525,526,527,528,529,530,531,532,533,534,535,536]},{\"type\":\"character\",\"attributes\":{},\"value\":[\"AutoArima\"]},{\"type\":\"character\",\"attributes\":{},\"value\":[\"all\"]},{\"type\":\"character\",\"attributes\":{},\"value\":[\"PH\"]},{\"type\":\"character\",\"attributes\":{},\"value\":[\"1.12\"]}]}"]
