["{\"type\":\"list\",\"attributes\":{\"names\":{\"type\":\"character\",\"attributes\":{},\"value\":[\"method\",\"model\",\"level\",\"mean\",\"lower\",\"upper\",\"x\",\"series\",\"fitted\",\"residuals\"]},\"class\":{\"type\":\"character\",\"attributes\":{},\"value\":[\"forecast\"]}},\"value\":[{\"type\":\"character\",\"attributes\":{},\"value\":[\"ARIMA(0,1,0)\"]},{\"type\":\"list\",\"attributes\":{\"names\":{\"type\":\"character\",\"attributes\":{},\"value\":[\"coef\",\"sigma2\",\"var.coef\",\"mask\",\"loglik\",\"aic\",\"arma\",\"residuals\",\"call\",\"series\",\"code\",\"n.cond\",\"nobs\",\"model\",\"aicc\",\"bic\",\"x\",\"fitted\"]},\"class\":{\"type\":\"character\",\"attributes\":{},\"value\":[\"forecast_ARIMA\",\"ARIMA\",\"Arima\"]}},\"value\":[{\"type\":\"double\",\"attributes\":{},\"value\":[]},{\"type\":\"double\",\"attributes\":{},\"value\":[25.70300713]},{\"type\":\"double\",\"attributes\":{},\"value\":[]},{\"type\":\"logical\",\"attributes\":{},\"value\":[]},{\"type\":\"double\",\"attributes\":{},\"value\":[-881.43956498]},{\"type\":\"double\",\"attributes\":{},\"value\":[1764.87912995]},{\"type\":\"integer\",\"attributes\":{},\"value\":[0,0,0,0,1,1,0]},{\"type\":\"double\",\"attributes\":{\"tsp\":{\"type\":\"double\",\"attributes\":{},\"value\":[1,364,1]},\"class\":{\"type\":\"character\",\"attributes\":{},\"value\":[\"ts\"]}},\"value\":[0.006,0,0,-1,1,-4,-1,4,-4,3,-2,4,3,11,-3,-6,19,-17,5,-5,-7,2,1,2,7,\"NA\",12.02081528,-7,-3,4,-6,4,-7,\"NA\",-1.41421356,-3,3,-3,-2,4,\"NA\",-8.48528137,7,-2,-3,-2,6,-1,3,-8,7,\"NA\",-2.12132034,7,-4,-2,\"NA\",\"NA\",-5.77350269,5,-2,2,6,2,\"NA\",\"NA\",0,0,-6,\"NA\",-0.70710678,-1,\"NA\",1.41421356,-3,\"NA\",\"NA\",-2.30940108,8,-1,\"NA\",\"NA\",0,0,5,7,\"NA\",\"NA\",5.19615242,-2,5,2,-10,-4,\"NA\",-8.48528137,5,8,2,-2,13,15,-14,-8,-7,-1,-5,-3,2,-4,5,-5,1,4,-7,\"NA\",7.07106781,\"NA\",\"NA\",-4.04145188,-4,5,\"NA\",1.41421356,14,\"NA\",\"NA\",-6.35085296,\"NA\",2.82842712,-8,1,0,-2,2,2,3,1,-9,0,3,0,\"NA\",-2.82842712,\"NA\",-4.24264069,0,3,1,\"NA\",6.36396103,8,-10,2,14,-9,\"NA\",7.07106781,2,0,9,-3,2,2,4,10,-5,-9,-17,-13,4,2,3,3,-1,-1,7,-4,3,-4,-6,-5,-8,-2,-2,0,-1,1,0,0,0,\"NA\",0,\"NA\",1.41421356,\"NA\",0,\"NA\",3.53553391,-5,1,2,-4,\"NA\",0,0,-2,0,0,\"NA\",\"NA\",1.15470054,2,0,-2,\"NA\",2.12132034,-1,-1,-1,1,-1,5,-4,1,8,-8,1,\"NA\",0,\"NA\",0.70710678,\"NA\",-1.41421356,\"NA\",-0.70710678,7,-3,7,5,-7,1,2,-5,-4,3,0,\"NA\",2.82842712,10,5,-5,-2,-8,-1,6,-4,2,1,\"NA\",\"NA\",3.46410162,-1,\"NA\",-1.41421356,-5,-3,0,-3,-4,1,\"NA\",\"NA\",5.77350269,4,-3,2,5,-17,\"NA\",1.41421356,-2,-2,-2,\"NA\",\"NA\",\"NA\",-1.5,2,1,-2,-1,1,1,0,-2,\"NA\",\"NA\",\"NA\",0.5,-1,1,4,-4,3,-3,3,0,5,-3,-1,\"NA\",\"NA\",\"NA\",\"NA\",\"NA\",\"NA\",\"NA\",\"NA\",\"NA\",\"NA\",\"NA\",\"NA\",\"NA\",\"NA\",\"NA\",\"NA\",1.45521375,\"NA\",\"NA\",\"NA\",-3,5,0,6,-1,6,-6,\"NA\",\"NA\",-3.46410162,3,-7,2,-3,\"NA\",3.53553391,1,2,-1,11,-4,3,\"NA\",\"NA\",-2.30940108,-6,\"NA\",-2.82842712,\"NA\",-2.12132034,-1,1,\"NA\"]},{\"type\":\"language\",\"attributes\":{},\"value\":[\"Arima(y = c(6L, 6L, 6L, 5L, 6L, 2L, 1L, 5L, 1L, 4L, 2L, 6L, 9L, \",\"20L, 17L, 11L, 30L, 13L, 18L, 13L, 6L, 8L, 9L, 11L, 18L, NA, \",\"35L, 28L, 25L, 29L, 23L, 27L, 20L, NA, 18L, 15L, 18L, 15L, 13L, \",\"17L, NA, 5L, 12L, 10L, 7L, 5L, 11L, 10L, 13L, 5L, 12L, NA, 9L, \",\"16L, 12L, 10L, NA, NA, 0L, 5L, 3L, 5L, 11L, 13L, NA, NA, 13L, \",\"13L, 7L, NA, 6L, 5L, NA, 7L, 4L, NA, NA, 0L, 8L, 7L, NA, NA, \",\"7L, 7L, 12L, 19L, NA, NA, 28L, 26L, 31L, 33L, 23L, 19L, NA, 7L, \",\"12L, 20L, 22L, 20L, 33L, 48L, 34L, 26L, 19L, 18L, 13L, 10L, 12L, \",\"8L, 13L, 8L, 9L, 13L, 6L, NA, 16L, NA, NA, 9L, 5L, 10L, NA, 12L, \",\"26L, NA, NA, 15L, NA, 19L, 11L, 12L, 12L, 10L, 12L, 14L, 17L, \",\"18L, 9L, 9L, 12L, 12L, NA, 8L, NA, 2L, 2L, 5L, 6L, NA, 15L, 23L, \",\"13L, 15L, 29L, 20L, NA, 30L, 32L, 32L, 41L, 38L, 40L, 42L, 46L, \",\"56L, 51L, 42L, 25L, 12L, 16L, 18L, 21L, 24L, 23L, 22L, 29L, 25L, \",\"28L, 24L, 18L, 13L, 5L, 3L, 1L, 1L, 0L, 1L, 1L, 1L, 1L, NA, 1L, \",\"NA, 3L, NA, 3L, NA, 8L, 3L, 4L, 6L, 2L, NA, 2L, 2L, 0L, 0L, 0L, \",\"NA, NA, 2L, 4L, 4L, 2L, NA, 5L, 4L, 3L, 2L, 3L, 2L, 7L, 3L, 4L, \",\"12L, 4L, 5L, NA, 5L, NA, 6L, NA, 4L, NA, 3L, 10L, 7L, 14L, 19L, \",\"12L, 13L, 15L, 10L, 6L, 9L, 9L, NA, 13L, 23L, 28L, 23L, 21L, \",\"13L, 12L, 18L, 14L, 16L, 17L, NA, NA, 23L, 22L, NA, 20L, 15L, \",\"12L, 12L, 9L, 5L, 6L, NA, NA, 16L, 20L, 17L, 19L, 24L, 7L, NA, \",\"9L, 7L, 5L, 3L, NA, NA, NA, 0L, 2L, 3L, 1L, 0L, 1L, 2L, 2L, 0L, \",\"NA, NA, NA, 1L, 0L, 1L, 5L, 1L, 4L, 1L, 4L, 4L, 9L, 6L, 5L, NA, \",\"NA, NA, NA, NA, NA, NA, NA, NA, NA, NA, NA, NA, NA, NA, NA, 11L, \",\"NA, NA, NA, 5L, 10L, 10L, 16L, 15L, 21L, 15L, NA, NA, 9L, 12L, \",\"5L, 7L, 4L, NA, 9L, 10L, 12L, 11L, 22L, 18L, 21L, NA, NA, 17L, \",\"11L, NA, 7L, NA, 4L, 3L, 4L, NA), order = c(0, 1, 0))\"]},{\"type\":\"character\",\"attributes\":{},\"value\":[\"c(6L, 6L, 6L, 5L, 6L, 2L, 1L, 5L, 1L, 4L, 2L, 6L, 9L, 20L, 17L, \",\"11L, 30L, 13L, 18L, 13L, 6L, 8L, 9L, 11L, 18L, NA, 35L, 28L, \",\"25L, 29L, 23L, 27L, 20L, NA, 18L, 15L, 18L, 15L, 13L, 17L, NA, \",\"5L, 12L, 10L, 7L, 5L, 11L, 10L, 13L, 5L, 12L, NA, 9L, 16L, 12L, \",\"10L, NA, NA, 0L, 5L, 3L, 5L, 11L, 13L, NA, NA, 13L, 13L, 7L, \",\"NA, 6L, 5L, NA, 7L, 4L, NA, NA, 0L, 8L, 7L, NA, NA, 7L, 7L, 12L, \",\"19L, NA, NA, 28L, 26L, 31L, 33L, 23L, 19L, NA, 7L, 12L, 20L, \",\"22L, 20L, 33L, 48L, 34L, 26L, 19L, 18L, 13L, 10L, 12L, 8L, 13L, \",\"8L, 9L, 13L, 6L, NA, 16L, NA, NA, 9L, 5L, 10L, NA, 12L, 26L, \",\"NA, NA, 15L, NA, 19L, 11L, 12L, 12L, 10L, 12L, 14L, 17L, 18L, \",\"9L, 9L, 12L, 12L, NA, 8L, NA, 2L, 2L, 5L, 6L, NA, 15L, 23L, 13L, \",\"15L, 29L, 20L, NA, 30L, 32L, 32L, 41L, 38L, 40L, 42L, 46L, 56L, \",\"51L, 42L, 25L, 12L, 16L, 18L, 21L, 24L, 23L, 22L, 29L, 25L, 28L, \",\"24L, 18L, 13L, 5L, 3L, 1L, 1L, 0L, 1L, 1L, 1L, 1L, NA, 1L, NA, \",\"3L, NA, 3L, NA, 8L, 3L, 4L, 6L, 2L, NA, 2L, 2L, 0L, 0L, 0L, NA, \",\"NA, 2L, 4L, 4L, 2L, NA, 5L, 4L, 3L, 2L, 3L, 2L, 7L, 3L, 4L, 12L, \",\"4L, 5L, NA, 5L, NA, 6L, NA, 4L, NA, 3L, 10L, 7L, 14L, 19L, 12L, \",\"13L, 15L, 10L, 6L, 9L, 9L, NA, 13L, 23L, 28L, 23L, 21L, 13L, \",\"12L, 18L, 14L, 16L, 17L, NA, NA, 23L, 22L, NA, 20L, 15L, 12L, \",\"12L, 9L, 5L, 6L, NA, NA, 16L, 20L, 17L, 19L, 24L, 7L, NA, 9L, \",\"7L, 5L, 3L, NA, NA, NA, 0L, 2L, 3L, 1L, 0L, 1L, 2L, 2L, 0L, NA, \",\"NA, NA, 1L, 0L, 1L, 5L, 1L, 4L, 1L, 4L, 4L, 9L, 6L, 5L, NA, NA, \",\"NA, NA, NA, NA, NA, NA, NA, NA, NA, NA, NA, NA, NA, NA, 11L, \",\"NA, NA, NA, 5L, 10L, 10L, 16L, 15L, 21L, 15L, NA, NA, 9L, 12L, \",\"5L, 7L, 4L, NA, 9L, 10L, 12L, 11L, 22L, 18L, 21L, NA, NA, 17L, \",\"11L, NA, 7L, NA, 4L, 3L, 4L, NA)\"]},{\"type\":\"double\",\"attributes\":{},\"value\":[0]},{\"type\":\"double\",\"attributes\":{},\"value\":[0]},{\"type\":\"integer\",\"attributes\":{},\"value\":[283]},{\"type\":\"list\",\"attributes\":{\"names\":{\"type\":\"character\",\"attributes\":{},\"value\":[\"phi\",\"theta\",\"Delta\",\"Z\",\"a\",\"P\",\"T\",\"V\",\"h\",\"Pn\"]}},\"value\":[{\"type\":\"double\",\"attributes\":{},\"value\":[]},{\"type\":\"double\",\"attributes\":{},\"value\":[]},{\"type\":\"double\",\"attributes\":{},\"value\":[1]},{\"type\":\"double\",\"attributes\":{},\"value\":[1,1]},{\"type\":\"double\",\"attributes\":{},\"value\":[0,4]},{\"type\":\"double\",\"attributes\":{\"dim\":{\"type\":\"integer\",\"attributes\":{},\"value\":[2,2]}},\"value\":[1,0,0,0]},{\"type\":\"double\",\"attributes\":{\"dim\":{\"type\":\"integer\",\"attributes\":{},\"value\":[2,2]}},\"value\":[0,1,0,1]},{\"type\":\"double\",\"attributes\":{\"dim\":{\"type\":\"integer\",\"attributes\":{},\"value\":[2,2]}},\"value\":[1,0,0,0]},{\"type\":\"double\",\"attributes\":{},\"value\":[0]},{\"type\":\"double\",\"attributes\":{\"dim\":{\"type\":\"integer\",\"attributes\":{},\"value\":[2,2]}},\"value\":[1,0,0,0]}]},{\"type\":\"double\",\"attributes\":{},\"value\":[1764.89336483]},{\"type\":\"double\",\"attributes\":{},\"value\":[1768.52457685]},{\"type\":\"integer\",\"attributes\":{\"tsp\":{\"type\":\"double\",\"attributes\":{},\"value\":[1,364,1]},\"class\":{\"type\":\"character\",\"attributes\":{},\"value\":[\"ts\"]}},\"value\":[6,6,6,5,6,2,1,5,1,4,2,6,9,20,17,11,30,13,18,13,6,8,9,11,18,\"NA\",35,28,25,29,23,27,20,\"NA\",18,15,18,15,13,17,\"NA\",5,12,10,7,5,11,10,13,5,12,\"NA\",9,16,12,10,\"NA\",\"NA\",0,5,3,5,11,13,\"NA\",\"NA\",13,13,7,\"NA\",6,5,\"NA\",7,4,\"NA\",\"NA\",0,8,7,\"NA\",\"NA\",7,7,12,19,\"NA\",\"NA\",28,26,31,33,23,19,\"NA\",7,12,20,22,20,33,48,34,26,19,18,13,10,12,8,13,8,9,13,6,\"NA\",16,\"NA\",\"NA\",9,5,10,\"NA\",12,26,\"NA\",\"NA\",15,\"NA\",19,11,12,12,10,12,14,17,18,9,9,12,12,\"NA\",8,\"NA\",2,2,5,6,\"NA\",15,23,13,15,29,20,\"NA\",30,32,32,41,38,40,42,46,56,51,42,25,12,16,18,21,24,23,22,29,25,28,24,18,13,5,3,1,1,0,1,1,1,1,\"NA\",1,\"NA\",3,\"NA\",3,\"NA\",8,3,4,6,2,\"NA\",2,2,0,0,0,\"NA\",\"NA\",2,4,4,2,\"NA\",5,4,3,2,3,2,7,3,4,12,4,5,\"NA\",5,\"NA\",6,\"NA\",4,\"NA\",3,10,7,14,19,12,13,15,10,6,9,9,\"NA\",13,23,28,23,21,13,12,18,14,16,17,\"NA\",\"NA\",23,22,\"NA\",20,15,12,12,9,5,6,\"NA\",\"NA\",16,20,17,19,24,7,\"NA\",9,7,5,3,\"NA\",\"NA\",\"NA\",0,2,3,1,0,1,2,2,0,\"NA\",\"NA\",\"NA\",1,0,1,5,1,4,1,4,4,9,6,5,\"NA\",\"NA\",\"NA\",\"NA\",\"NA\",\"NA\",\"NA\",\"NA\",\"NA\",\"NA\",\"NA\",\"NA\",\"NA\",\"NA\",\"NA\",\"NA\",11,\"NA\",\"NA\",\"NA\",5,10,10,16,15,21,15,\"NA\",\"NA\",9,12,5,7,4,\"NA\",9,10,12,11,22,18,21,\"NA\",\"NA\",17,11,\"NA\",7,\"NA\",4,3,4,\"NA\"]},{\"type\":\"double\",\"attributes\":{\"tsp\":{\"type\":\"double\",\"attributes\":{},\"value\":[1,364,1]},\"class\":{\"type\":\"character\",\"attributes\":{},\"value\":[\"ts\"]}},\"value\":[5.994,6,6,6,5,6,2,1,5,1,4,2,6,9,20,17,11,30,13,18,13,6,8,9,11,\"NA\",22.97918472,35,28,25,29,23,27,\"NA\",19.41421356,18,15,18,15,13,\"NA\",13.48528137,5,12,10,7,5,11,10,13,5,\"NA\",11.12132034,9,16,12,\"NA\",\"NA\",5.77350269,0,5,3,5,11,\"NA\",\"NA\",13,13,13,\"NA\",6.70710678,6,\"NA\",5.58578644,7,\"NA\",\"NA\",2.30940108,0,8,\"NA\",\"NA\",7,7,7,12,\"NA\",\"NA\",22.80384758,28,26,31,33,23,\"NA\",15.48528137,7,12,20,22,20,33,48,34,26,19,18,13,10,12,8,13,8,9,13,\"NA\",8.92893219,\"NA\",\"NA\",13.04145188,9,5,\"NA\",10.58578644,12,\"NA\",\"NA\",21.35085296,\"NA\",16.17157288,19,11,12,12,10,12,14,17,18,9,9,12,\"NA\",10.82842712,\"NA\",6.24264069,2,2,5,\"NA\",8.63603897,15,23,13,15,29,\"NA\",22.92893219,30,32,32,41,38,40,42,46,56,51,42,25,12,16,18,21,24,23,22,29,25,28,24,18,13,5,3,1,1,0,1,1,1,\"NA\",1,\"NA\",1.58578644,\"NA\",3,\"NA\",4.46446609,8,3,4,6,\"NA\",2,2,2,0,0,\"NA\",\"NA\",0.84529946,2,4,4,\"NA\",2.87867966,5,4,3,2,3,2,7,3,4,12,4,\"NA\",5,\"NA\",5.29289322,\"NA\",5.41421356,\"NA\",3.70710678,3,10,7,14,19,12,13,15,10,6,9,\"NA\",10.17157288,13,23,28,23,21,13,12,18,14,16,\"NA\",\"NA\",19.53589838,23,\"NA\",21.41421356,20,15,12,12,9,5,\"NA\",\"NA\",10.22649731,16,20,17,19,24,\"NA\",7.58578644,9,7,5,\"NA\",\"NA\",\"NA\",1.5,0,2,3,1,0,1,2,2,\"NA\",\"NA\",\"NA\",0.5,1,0,1,5,1,4,1,4,4,9,6,\"NA\",\"NA\",\"NA\",\"NA\",\"NA\",\"NA\",\"NA\",\"NA\",\"NA\",\"NA\",\"NA\",\"NA\",\"NA\",\"NA\",\"NA\",\"NA\",9.54478625,\"NA\",\"NA\",\"NA\",8,5,10,10,16,15,21,\"NA\",\"NA\",12.46410162,9,12,5,7,\"NA\",5.46446609,9,10,12,11,22,18,\"NA\",\"NA\",19.30940108,17,\"NA\",9.82842712,\"NA\",6.12132034,4,3,\"NA\"]}]},{\"type\":\"double\",\"attributes\":{},\"value\":[95]},{\"type\":\"double\",\"attributes\":{\"tsp\":{\"type\":\"double\",\"attributes\":{},\"value\":[365,377,1]},\"class\":{\"type\":\"character\",\"attributes\":{},\"value\":[\"ts\"]}},\"value\":[4,4,4,4,4,4,4,4,4,4,4,4,4]},{\"type\":\"double\",\"attributes\":{\"dim\":{\"type\":\"integer\",\"attributes\":{},\"value\":[13,1]},\"dimnames\":{\"type\":\"list\",\"attributes\":{},\"value\":[{\"type\":\"NULL\"},{\"type\":\"character\",\"attributes\":{},\"value\":[\"95%\"]}]},\"tsp\":{\"type\":\"double\",\"attributes\":{},\"value\":[365,377,1]},\"class\":{\"type\":\"character\",\"attributes\":{},\"value\":[\"ts\"]}},\"value\":[-10.05254734,-13.21078529,-15.87330304,-18.21902827,-20.33972598,-22.28990879,-24.10509469,-25.80995456,-27.42245112,-28.95614477,-30.42157058,-31.82710656,-33.17954556]},{\"type\":\"double\",\"attributes\":{\"dim\":{\"type\":\"integer\",\"attributes\":{},\"value\":[13,1]},\"dimnames\":{\"type\":\"list\",\"attributes\":{},\"value\":[{\"type\":\"NULL\"},{\"type\":\"character\",\"attributes\":{},\"value\":[\"95%\"]}]},\"tsp\":{\"type\":\"double\",\"attributes\":{},\"value\":[365,377,1]},\"class\":{\"type\":\"character\",\"attributes\":{},\"value\":[\"ts\"]}},\"value\":[18.05254734,21.21078529,23.87330304,26.21902827,28.33972598,30.28990879,32.10509469,33.80995456,35.42245112,36.95614477,38.42157058,39.82710656,41.17954556]},{\"type\":\"integer\",\"attributes\":{\"tsp\":{\"type\":\"double\",\"attributes\":{},\"value\":[1,364,1]},\"class\":{\"type\":\"character\",\"attributes\":{},\"value\":[\"ts\"]}},\"value\":[6,6,6,5,6,2,1,5,1,4,2,6,9,20,17,11,30,13,18,13,6,8,9,11,18,\"NA\",35,28,25,29,23,27,20,\"NA\",18,15,18,15,13,17,\"NA\",5,12,10,7,5,11,10,13,5,12,\"NA\",9,16,12,10,\"NA\",\"NA\",0,5,3,5,11,13,\"NA\",\"NA\",13,13,7,\"NA\",6,5,\"NA\",7,4,\"NA\",\"NA\",0,8,7,\"NA\",\"NA\",7,7,12,19,\"NA\",\"NA\",28,26,31,33,23,19,\"NA\",7,12,20,22,20,33,48,34,26,19,18,13,10,12,8,13,8,9,13,6,\"NA\",16,\"NA\",\"NA\",9,5,10,\"NA\",12,26,\"NA\",\"NA\",15,\"NA\",19,11,12,12,10,12,14,17,18,9,9,12,12,\"NA\",8,\"NA\",2,2,5,6,\"NA\",15,23,13,15,29,20,\"NA\",30,32,32,41,38,40,42,46,56,51,42,25,12,16,18,21,24,23,22,29,25,28,24,18,13,5,3,1,1,0,1,1,1,1,\"NA\",1,\"NA\",3,\"NA\",3,\"NA\",8,3,4,6,2,\"NA\",2,2,0,0,0,\"NA\",\"NA\",2,4,4,2,\"NA\",5,4,3,2,3,2,7,3,4,12,4,5,\"NA\",5,\"NA\",6,\"NA\",4,\"NA\",3,10,7,14,19,12,13,15,10,6,9,9,\"NA\",13,23,28,23,21,13,12,18,14,16,17,\"NA\",\"NA\",23,22,\"NA\",20,15,12,12,9,5,6,\"NA\",\"NA\",16,20,17,19,24,7,\"NA\",9,7,5,3,\"NA\",\"NA\",\"NA\",0,2,3,1,0,1,2,2,0,\"NA\",\"NA\",\"NA\",1,0,1,5,1,4,1,4,4,9,6,5,\"NA\",\"NA\",\"NA\",\"NA\",\"NA\",\"NA\",\"NA\",\"NA\",\"NA\",\"NA\",\"NA\",\"NA\",\"NA\",\"NA\",\"NA\",\"NA\",11,\"NA\",\"NA\",\"NA\",5,10,10,16,15,21,15,\"NA\",\"NA\",9,12,5,7,4,\"NA\",9,10,12,11,22,18,21,\"NA\",\"NA\",17,11,\"NA\",7,\"NA\",4,3,4,\"NA\"]},{\"type\":\"character\",\"attributes\":{},\"value\":[\"c(6L, 6L, 6L, 5L, 6L, 2L, 1L, 5L, 1L, 4L, 2L, 6L, 9L, 20L, 17L, \",\"11L, 30L, 13L, 18L, 13L, 6L, 8L, 9L, 11L, 18L, NA, 35L, 28L, \",\"25L, 29L, 23L, 27L, 20L, NA, 18L, 15L, 18L, 15L, 13L, 17L, NA, \",\"5L, 12L, 10L, 7L, 5L, 11L, 10L, 13L, 5L, 12L, NA, 9L, 16L, 12L, \",\"10L, NA, NA, 0L, 5L, 3L, 5L, 11L, 13L, NA, NA, 13L, 13L, 7L, \",\"NA, 6L, 5L, NA, 7L, 4L, NA, NA, 0L, 8L, 7L, NA, NA, 7L, 7L, 12L, \",\"19L, NA, NA, 28L, 26L, 31L, 33L, 23L, 19L, NA, 7L, 12L, 20L, \",\"22L, 20L, 33L, 48L, 34L, 26L, 19L, 18L, 13L, 10L, 12L, 8L, 13L, \",\"8L, 9L, 13L, 6L, NA, 16L, NA, NA, 9L, 5L, 10L, NA, 12L, 26L, \",\"NA, NA, 15L, NA, 19L, 11L, 12L, 12L, 10L, 12L, 14L, 17L, 18L, \",\"9L, 9L, 12L, 12L, NA, 8L, NA, 2L, 2L, 5L, 6L, NA, 15L, 23L, 13L, \",\"15L, 29L, 20L, NA, 30L, 32L, 32L, 41L, 38L, 40L, 42L, 46L, 56L, \",\"51L, 42L, 25L, 12L, 16L, 18L, 21L, 24L, 23L, 22L, 29L, 25L, 28L, \",\"24L, 18L, 13L, 5L, 3L, 1L, 1L, 0L, 1L, 1L, 1L, 1L, NA, 1L, NA, \",\"3L, NA, 3L, NA, 8L, 3L, 4L, 6L, 2L, NA, 2L, 2L, 0L, 0L, 0L, NA, \",\"NA, 2L, 4L, 4L, 2L, NA, 5L, 4L, 3L, 2L, 3L, 2L, 7L, 3L, 4L, 12L, \",\"4L, 5L, NA, 5L, NA, 6L, NA, 4L, NA, 3L, 10L, 7L, 14L, 19L, 12L, \",\"13L, 15L, 10L, 6L, 9L, 9L, NA, 13L, 23L, 28L, 23L, 21L, 13L, \",\"12L, 18L, 14L, 16L, 17L, NA, NA, 23L, 22L, NA, 20L, 15L, 12L, \",\"12L, 9L, 5L, 6L, NA, NA, 16L, 20L, 17L, 19L, 24L, 7L, NA, 9L, \",\"7L, 5L, 3L, NA, NA, NA, 0L, 2L, 3L, 1L, 0L, 1L, 2L, 2L, 0L, NA, \",\"NA, NA, 1L, 0L, 1L, 5L, 1L, 4L, 1L, 4L, 4L, 9L, 6L, 5L, NA, NA, \",\"NA, NA, NA, NA, NA, NA, NA, NA, NA, NA, NA, NA, NA, NA, 11L, \",\"NA, NA, NA, 5L, 10L, 10L, 16L, 15L, 21L, 15L, NA, NA, 9L, 12L, \",\"5L, 7L, 4L, NA, 9L, 10L, 12L, 11L, 22L, 18L, 21L, NA, NA, 17L, \",\"11L, NA, 7L, NA, 4L, 3L, 4L, NA)\"]},{\"type\":\"double\",\"attributes\":{\"tsp\":{\"type\":\"double\",\"attributes\":{},\"value\":[1,364,1]},\"class\":{\"type\":\"character\",\"attributes\":{},\"value\":[\"ts\"]}},\"value\":[5.994,6,6,6,5,6,2,1,5,1,4,2,6,9,20,17,11,30,13,18,13,6,8,9,11,\"NA\",22.97918472,35,28,25,29,23,27,\"NA\",19.41421356,18,15,18,15,13,\"NA\",13.48528137,5,12,10,7,5,11,10,13,5,\"NA\",11.12132034,9,16,12,\"NA\",\"NA\",5.77350269,0,5,3,5,11,\"NA\",\"NA\",13,13,13,\"NA\",6.70710678,6,\"NA\",5.58578644,7,\"NA\",\"NA\",2.30940108,0,8,\"NA\",\"NA\",7,7,7,12,\"NA\",\"NA\",22.80384758,28,26,31,33,23,\"NA\",15.48528137,7,12,20,22,20,33,48,34,26,19,18,13,10,12,8,13,8,9,13,\"NA\",8.92893219,\"NA\",\"NA\",13.04145188,9,5,\"NA\",10.58578644,12,\"NA\",\"NA\",21.35085296,\"NA\",16.17157288,19,11,12,12,10,12,14,17,18,9,9,12,\"NA\",10.82842712,\"NA\",6.24264069,2,2,5,\"NA\",8.63603897,15,23,13,15,29,\"NA\",22.92893219,30,32,32,41,38,40,42,46,56,51,42,25,12,16,18,21,24,23,22,29,25,28,24,18,13,5,3,1,1,0,1,1,1,\"NA\",1,\"NA\",1.58578644,\"NA\",3,\"NA\",4.46446609,8,3,4,6,\"NA\",2,2,2,0,0,\"NA\",\"NA\",0.84529946,2,4,4,\"NA\",2.87867966,5,4,3,2,3,2,7,3,4,12,4,\"NA\",5,\"NA\",5.29289322,\"NA\",5.41421356,\"NA\",3.70710678,3,10,7,14,19,12,13,15,10,6,9,\"NA\",10.17157288,13,23,28,23,21,13,12,18,14,16,\"NA\",\"NA\",19.53589838,23,\"NA\",21.41421356,20,15,12,12,9,5,\"NA\",\"NA\",10.22649731,16,20,17,19,24,\"NA\",7.58578644,9,7,5,\"NA\",\"NA\",\"NA\",1.5,0,2,3,1,0,1,2,2,\"NA\",\"NA\",\"NA\",0.5,1,0,1,5,1,4,1,4,4,9,6,\"NA\",\"NA\",\"NA\",\"NA\",\"NA\",\"NA\",\"NA\",\"NA\",\"NA\",\"NA\",\"NA\",\"NA\",\"NA\",\"NA\",\"NA\",\"NA\",9.54478625,\"NA\",\"NA\",\"NA\",8,5,10,10,16,15,21,\"NA\",\"NA\",12.46410162,9,12,5,7,\"NA\",5.46446609,9,10,12,11,22,18,\"NA\",\"NA\",19.30940108,17,\"NA\",9.82842712,\"NA\",6.12132034,4,3,\"NA\"]},{\"type\":\"double\",\"attributes\":{\"tsp\":{\"type\":\"double\",\"attributes\":{},\"value\":[1,364,1]},\"class\":{\"type\":\"character\",\"attributes\":{},\"value\":[\"ts\"]}},\"value\":[0.006,0,0,-1,1,-4,-1,4,-4,3,-2,4,3,11,-3,-6,19,-17,5,-5,-7,2,1,2,7,\"NA\",12.02081528,-7,-3,4,-6,4,-7,\"NA\",-1.41421356,-3,3,-3,-2,4,\"NA\",-8.48528137,7,-2,-3,-2,6,-1,3,-8,7,\"NA\",-2.12132034,7,-4,-2,\"NA\",\"NA\",-5.77350269,5,-2,2,6,2,\"NA\",\"NA\",0,0,-6,\"NA\",-0.70710678,-1,\"NA\",1.41421356,-3,\"NA\",\"NA\",-2.30940108,8,-1,\"NA\",\"NA\",0,0,5,7,\"NA\",\"NA\",5.19615242,-2,5,2,-10,-4,\"NA\",-8.48528137,5,8,2,-2,13,15,-14,-8,-7,-1,-5,-3,2,-4,5,-5,1,4,-7,\"NA\",7.07106781,\"NA\",\"NA\",-4.04145188,-4,5,\"NA\",1.41421356,14,\"NA\",\"NA\",-6.35085296,\"NA\",2.82842712,-8,1,0,-2,2,2,3,1,-9,0,3,0,\"NA\",-2.82842712,\"NA\",-4.24264069,0,3,1,\"NA\",6.36396103,8,-10,2,14,-9,\"NA\",7.07106781,2,0,9,-3,2,2,4,10,-5,-9,-17,-13,4,2,3,3,-1,-1,7,-4,3,-4,-6,-5,-8,-2,-2,0,-1,1,0,0,0,\"NA\",0,\"NA\",1.41421356,\"NA\",0,\"NA\",3.53553391,-5,1,2,-4,\"NA\",0,0,-2,0,0,\"NA\",\"NA\",1.15470054,2,0,-2,\"NA\",2.12132034,-1,-1,-1,1,-1,5,-4,1,8,-8,1,\"NA\",0,\"NA\",0.70710678,\"NA\",-1.41421356,\"NA\",-0.70710678,7,-3,7,5,-7,1,2,-5,-4,3,0,\"NA\",2.82842712,10,5,-5,-2,-8,-1,6,-4,2,1,\"NA\",\"NA\",3.46410162,-1,\"NA\",-1.41421356,-5,-3,0,-3,-4,1,\"NA\",\"NA\",5.77350269,4,-3,2,5,-17,\"NA\",1.41421356,-2,-2,-2,\"NA\",\"NA\",\"NA\",-1.5,2,1,-2,-1,1,1,0,-2,\"NA\",\"NA\",\"NA\",0.5,-1,1,4,-4,3,-3,3,0,5,-3,-1,\"NA\",\"NA\",\"NA\",\"NA\",\"NA\",\"NA\",\"NA\",\"NA\",\"NA\",\"NA\",\"NA\",\"NA\",\"NA\",\"NA\",\"NA\",\"NA\",1.45521375,\"NA\",\"NA\",\"NA\",-3,5,0,6,-1,6,-6,\"NA\",\"NA\",-3.46410162,3,-7,2,-3,\"NA\",3.53553391,1,2,-1,11,-4,3,\"NA\",\"NA\",-2.30940108,-6,\"NA\",-2.82842712,\"NA\",-2.12132034,-1,1,\"NA\"]}]}"]
