["{\"type\":\"list\",\"attributes\":{\"names\":{\"type\":\"character\",\"attributes\":{},\"value\":[\"Point.Forecast\",\"Lo.95\",\"Hi.95\",\"moon\",\"model\",\"dataset\",\"species\",\"forecast_id\"]}},\"value\":[{\"type\":\"double\",\"attributes\":{},\"value\":[0.03672313,0.04246558,0.04246558,0.04246558,0.04246558,0.04246558,0.04246558,0.04246558,0.04246558,0.04246558,0.04246558,0.04246558,0.04246558,0.04246558]},{\"type\":\"double\",\"attributes\":{},\"value\":[-0.41305491,-0.41277825,-0.41277825,-0.41277825,-0.41277825,-0.41277825,-0.41277825,-0.41277825,-0.41277825,-0.41277825,-0.41277825,-0.41277825,-0.41277825,-0.41277825]},{\"type\":\"double\",\"attributes\":{},\"value\":[0.48650116,0.49770942,0.49770942,0.49770942,0.49770942,0.49770942,0.49770942,0.49770942,0.49770942,0.49770942,0.49770942,0.49770942,0.49770942,0.49770942]},{\"type\":\"integer\",\"attributes\":{},\"value\":[524,525,526,527,528,529,530,531,532,533,534,535,536,537]},{\"type\":\"character\",\"attributes\":{},\"value\":[\"AutoArima\"]},{\"type\":\"character\",\"attributes\":{},\"value\":[\"exclosures\"]},{\"type\":\"character\",\"attributes\":{},\"value\":[\"PM\"]},{\"type\":\"character\",\"attributes\":{},\"value\":[\"69.13\"]}]}"]
