["{\"type\":\"list\",\"attributes\":{\"names\":{\"type\":\"character\",\"attributes\":{},\"value\":[\"Point.Forecast\",\"Lo.95\",\"Hi.95\",\"moon\",\"model\",\"dataset\",\"species\",\"forecast_id\"]}},\"value\":[{\"type\":\"double\",\"attributes\":{},\"value\":[0.038,0.038,0.038,0.038,0.038,0.038,0.038,0.038,0.038,0.038,0.038,0.038,0.038,0.038,0.038]},{\"type\":\"double\",\"attributes\":{},\"value\":[0.011,0.01,0.01,0.009,0.009,0.01,0.009,0.009,0.01,0.01,0.01,0.009,0.01,0.009,0.009]},{\"type\":\"double\",\"attributes\":{},\"value\":[0.067,0.066,0.067,0.066,0.067,0.068,0.067,0.068,0.068,0.069,0.069,0.068,0.069,0.069,0.069]},{\"type\":\"integer\",\"attributes\":{},\"value\":[524,525,526,527,528,529,530,531,532,533,534,535,536,537,538]},{\"type\":\"character\",\"attributes\":{},\"value\":[\"jags_RW\"]},{\"type\":\"character\",\"attributes\":{},\"value\":[\"controls\"]},{\"type\":\"character\",\"attributes\":{},\"value\":[\"SH\"]},{\"type\":\"character\",\"attributes\":{},\"value\":[\"230.18\"]}]}"]
