"currency","model","dataset","species","estimate","lower_pi","upper_pi","confidence_level","old_cast_id","forecast_id","origin","newmoonnumber","forecast_date","forecast_month","forecast_year","forecast_group","historic_start_newmoonnumber","historic_end_newmoonnumber","forecast_start_newmoonnumber","forecast_end_newmoonnumber","lead_time_newmoons","max_lag","lag_buffer"
"abundance","GPEDM","exclosures","DS",0,,,0.95,1029,"1029.04",,528,2020-07-23,2,2020,42,217,533,528,545,-5,,
"abundance","GPEDM","exclosures","DS",0,,,0.95,1029,"1029.04",,529,2020-07-23,3,2020,42,217,533,528,545,-4,,
"abundance","GPEDM","exclosures","DS",0,,,0.95,1029,"1029.04",,530,2020-07-23,4,2020,42,217,533,528,545,-3,,
"abundance","GPEDM","exclosures","DS",0,,,0.95,1029,"1029.04",,531,2020-07-23,5,2020,42,217,533,528,545,-2,,
"abundance","GPEDM","exclosures","DS",0,,,0.95,1029,"1029.04",,532,2020-07-23,6,2020,42,217,533,528,545,-1,,
"abundance","GPEDM","exclosures","DS",0,,,0.95,1029,"1029.04",,533,2020-07-23,7,2020,42,217,533,528,545,0,,
"abundance","GPEDM","exclosures","DS",0,,,0.95,1029,"1029.04",,534,2020-07-23,8,2020,42,217,533,528,545,1,,
"abundance","GPEDM","exclosures","DS",0,,,0.95,1029,"1029.04",,535,2020-07-23,9,2020,42,217,533,528,545,2,,
"abundance","GPEDM","exclosures","DS",0,,,0.95,1029,"1029.04",,536,2020-07-23,10,2020,42,217,533,528,545,3,,
"abundance","GPEDM","exclosures","DS",0,,,0.95,1029,"1029.04",,537,2020-07-23,11,2020,42,217,533,528,545,4,,
"abundance","GPEDM","exclosures","DS",0,,,0.95,1029,"1029.04",,538,2020-07-23,12,2020,42,217,533,528,545,5,,
"abundance","GPEDM","exclosures","DS",0,,,0.95,1029,"1029.04",,539,2020-07-23,1,2021,42,217,533,528,545,6,,
"abundance","GPEDM","exclosures","DS",0,,,0.95,1029,"1029.04",,540,2020-07-23,2,2021,42,217,533,528,545,7,,
"abundance","GPEDM","exclosures","DS",0,,,0.95,1029,"1029.04",,541,2020-07-23,3,2021,42,217,533,528,545,8,,
"abundance","GPEDM","exclosures","DS",0,,,0.95,1029,"1029.04",,542,2020-07-23,4,2021,42,217,533,528,545,9,,
"abundance","GPEDM","exclosures","DS",0,,,0.95,1029,"1029.04",,543,2020-07-23,5,2021,42,217,533,528,545,10,,
"abundance","GPEDM","exclosures","DS",0,,,0.95,1029,"1029.04",,544,2020-07-23,6,2021,42,217,533,528,545,11,,
"abundance","GPEDM","exclosures","DS",0,,,0.95,1029,"1029.04",,545,2020-07-23,7,2021,42,217,533,528,545,12,,
