["{\"type\":\"list\",\"attributes\":{\"names\":{\"type\":\"character\",\"attributes\":{},\"value\":[\"Point.Forecast\",\"Lo.95\",\"Hi.95\",\"moon\",\"model\",\"dataset\",\"species\",\"forecast_id\"]}},\"value\":[{\"type\":\"double\",\"attributes\":{},\"value\":[0,0,0,0,0,0,0,0,0,0,0,0,0,0,0]},{\"type\":\"double\",\"attributes\":{},\"value\":[-4.18183546,-5.91400842,-7.24315149,-8.36367092,-9.35086836,-10.24336306,-11.06409665,-11.82801685,-12.54550638,-13.22412485,-13.86957916,-14.48630297,-15.07782218,-15.64699554,-16.19617909]},{\"type\":\"double\",\"attributes\":{},\"value\":[4.18183546,5.91400842,7.24315149,8.36367092,9.35086836,10.24336306,11.06409665,11.82801685,12.54550638,13.22412485,13.86957916,14.48630297,15.07782218,15.64699554,16.19617909]},{\"type\":\"integer\",\"attributes\":{},\"value\":[524,525,526,527,528,529,530,531,532,533,534,535,536,537,538]},{\"type\":\"character\",\"attributes\":{},\"value\":[\"NaiveArima\"]},{\"type\":\"character\",\"attributes\":{},\"value\":[\"controls\"]},{\"type\":\"character\",\"attributes\":{},\"value\":[\"DO\"]},{\"type\":\"character\",\"attributes\":{},\"value\":[\"233.03\"]}]}"]
