["{\"type\":\"list\",\"attributes\":{\"names\":{\"type\":\"character\",\"attributes\":{},\"value\":[\"Point.Forecast\",\"Lo.95\",\"Hi.95\",\"moon\",\"model\",\"dataset\",\"species\",\"forecast_id\"]}},\"value\":[{\"type\":\"double\",\"attributes\":{},\"value\":[0,0,0,0,0,0,0,0,0,0,0,0,0,0,0]},{\"type\":\"double\",\"attributes\":{},\"value\":[-3.26291017,-4.61445182,-5.6515262,-6.52582035,-7.29608895,-7.992465,-8.63284887,-9.22890364,-9.78873052,-10.31822795,-10.82184877,-11.3030524,-11.76458994,-12.20869195,-12.63719676]},{\"type\":\"double\",\"attributes\":{},\"value\":[3.26291017,4.61445182,5.6515262,6.52582035,7.29608895,7.992465,8.63284887,9.22890364,9.78873052,10.31822795,10.82184877,11.3030524,11.76458994,12.20869195,12.63719676]},{\"type\":\"integer\",\"attributes\":{},\"value\":[524,525,526,527,528,529,530,531,532,533,534,535,536,537,538]},{\"type\":\"character\",\"attributes\":{},\"value\":[\"NaiveArima\"]},{\"type\":\"character\",\"attributes\":{},\"value\":[\"exclosures\"]},{\"type\":\"character\",\"attributes\":{},\"value\":[\"PB\"]},{\"type\":\"character\",\"attributes\":{},\"value\":[\"234.07\"]}]}"]
