["{\"type\":\"list\",\"attributes\":{\"names\":{\"type\":\"character\",\"attributes\":{},\"value\":[\"Point.Forecast\",\"Lo.95\",\"Hi.95\",\"moon\",\"model\",\"dataset\",\"species\",\"forecast_id\"]}},\"value\":[{\"type\":\"double\",\"attributes\":{},\"value\":[0,0,0,0,0,0,0,0,0,0,0,0,0,0,0]},{\"type\":\"double\",\"attributes\":{},\"value\":[-9.05729716,-12.80895248,-15.68769886,-18.11459432,-20.25273214,-22.18575649,-23.96335584,-25.61790497,-27.17189148,-28.64168847,-30.0396563,-31.37539772,-32.65654933,-33.88930283,-35.07876107]},{\"type\":\"double\",\"attributes\":{},\"value\":[9.05729716,12.80895248,15.68769886,18.11459432,20.25273214,22.18575649,23.96335584,25.61790497,27.17189148,28.64168847,30.0396563,31.37539772,32.65654933,33.88930283,35.07876107]},{\"type\":\"integer\",\"attributes\":{},\"value\":[524,525,526,527,528,529,530,531,532,533,534,535,536,537,538]},{\"type\":\"character\",\"attributes\":{},\"value\":[\"NaiveArima\"]},{\"type\":\"character\",\"attributes\":{},\"value\":[\"all\"]},{\"type\":\"character\",\"attributes\":{},\"value\":[\"PF\"]},{\"type\":\"character\",\"attributes\":{},\"value\":[\"232.11\"]}]}"]
