["{\"type\":\"list\",\"attributes\":{\"names\":{\"type\":\"character\",\"attributes\":{},\"value\":[\"Point.Forecast\",\"Lo.95\",\"Hi.95\",\"moon\",\"model\",\"dataset\",\"species\",\"forecast_id\"]}},\"value\":[{\"type\":\"double\",\"attributes\":{},\"value\":[0,0,0,0,0,0,0,0,0,0,0,0,0,0,0]},{\"type\":\"double\",\"attributes\":{},\"value\":[-1.11808721,-1.5812141,-1.93658386,-2.23617442,-2.50011901,-2.73874315,-2.9581807,-3.16242819,-3.35426163,-3.53570221,-3.70827576,-3.87316771,-4.03132077,-4.18349927,-4.33033315]},{\"type\":\"double\",\"attributes\":{},\"value\":[1.11808721,1.5812141,1.93658386,2.23617442,2.50011901,2.73874315,2.9581807,3.16242819,3.35426163,3.53570221,3.70827576,3.87316771,4.03132077,4.18349927,4.33033315]},{\"type\":\"integer\",\"attributes\":{},\"value\":[524,525,526,527,528,529,530,531,532,533,534,535,536,537,538]},{\"type\":\"character\",\"attributes\":{},\"value\":[\"NaiveArima\"]},{\"type\":\"character\",\"attributes\":{},\"value\":[\"controls\"]},{\"type\":\"character\",\"attributes\":{},\"value\":[\"total\"]},{\"type\":\"character\",\"attributes\":{},\"value\":[\"233.19\"]}]}"]
