["{\"type\":\"list\",\"attributes\":{\"names\":{\"type\":\"character\",\"attributes\":{},\"value\":[\"Point.Forecast\",\"Lo.95\",\"Hi.95\",\"moon\",\"model\",\"dataset\",\"species\",\"forecast_id\"]}},\"value\":[{\"type\":\"double\",\"attributes\":{},\"value\":[0.174,0.174,0.174,0.174,0.174,0.174,0.174,0.174,0.174,0.174,0.174,0.174,0.174,0.174,0.174]},{\"type\":\"double\",\"attributes\":{},\"value\":[0.111,0.111,0.112,0.111,0.11,0.11,0.109,0.109,0.11,0.109,0.11,0.108,0.11,0.108,0.109]},{\"type\":\"double\",\"attributes\":{},\"value\":[0.227,0.227,0.229,0.229,0.23,0.231,0.23,0.23,0.232,0.232,0.232,0.232,0.233,0.233,0.234]},{\"type\":\"integer\",\"attributes\":{},\"value\":[524,525,526,527,528,529,530,531,532,533,534,535,536,537,538]},{\"type\":\"character\",\"attributes\":{},\"value\":[\"jags_RW\"]},{\"type\":\"character\",\"attributes\":{},\"value\":[\"controls\"]},{\"type\":\"character\",\"attributes\":{},\"value\":[\"BA\"]},{\"type\":\"character\",\"attributes\":{},\"value\":[\"230.01\"]}]}"]
