["{\"type\":\"list\",\"attributes\":{\"names\":{\"type\":\"character\",\"attributes\":{},\"value\":[\"Point.Forecast\",\"Lo.95\",\"Hi.95\",\"moon\",\"model\",\"dataset\",\"species\",\"forecast_id\"]}},\"value\":[{\"type\":\"double\",\"attributes\":{},\"value\":[0,0,0,0,0,0,0,0,0,0,0,0,0,0,0]},{\"type\":\"double\",\"attributes\":{},\"value\":[-0.81114572,-1.14713327,-1.40494559,-1.62229143,-1.81377696,-1.98689311,-2.14608984,-2.29426655,-2.43343715,-2.56506798,-2.69026599,-2.80989119,-2.92462747,-3.03502936,-3.14155385]},{\"type\":\"double\",\"attributes\":{},\"value\":[0.81114572,1.14713327,1.40494559,1.62229143,1.81377696,1.98689311,2.14608984,2.29426655,2.43343715,2.56506798,2.69026599,2.80989119,2.92462747,3.03502936,3.14155385]},{\"type\":\"integer\",\"attributes\":{},\"value\":[524,525,526,527,528,529,530,531,532,533,534,535,536,537,538]},{\"type\":\"character\",\"attributes\":{},\"value\":[\"NaiveArima\"]},{\"type\":\"character\",\"attributes\":{},\"value\":[\"controls\"]},{\"type\":\"character\",\"attributes\":{},\"value\":[\"NA\"]},{\"type\":\"character\",\"attributes\":{},\"value\":[\"233.05\"]}]}"]
