["{\"type\":\"list\",\"attributes\":{\"names\":{\"type\":\"character\",\"attributes\":{},\"value\":[\"Point.Forecast\",\"Lo.95\",\"Hi.95\",\"moon\",\"model\",\"dataset\",\"species\",\"forecast_id\"]}},\"value\":[{\"type\":\"double\",\"attributes\":{},\"value\":[0,0,0,0,0,0,0,0,0,0,0,0,0,0,0]},{\"type\":\"double\",\"attributes\":{},\"value\":[-4.39328197,-6.21303895,-7.60938759,-8.78656395,-9.82367714,-10.76129913,-11.62353154,-12.4260779,-13.17984592,-13.89277744,-14.5708679,-15.21877518,-15.84020342,-16.43815595,-17.01510792]},{\"type\":\"double\",\"attributes\":{},\"value\":[4.39328197,6.21303895,7.60938759,8.78656395,9.82367714,10.76129913,11.62353154,12.4260779,13.17984592,13.89277744,14.5708679,15.21877518,15.84020342,16.43815595,17.01510792]},{\"type\":\"integer\",\"attributes\":{},\"value\":[524,525,526,527,528,529,530,531,532,533,534,535,536,537,538]},{\"type\":\"character\",\"attributes\":{},\"value\":[\"NaiveArima\"]},{\"type\":\"character\",\"attributes\":{},\"value\":[\"all\"]},{\"type\":\"character\",\"attributes\":{},\"value\":[\"SH\"]},{\"type\":\"character\",\"attributes\":{},\"value\":[\"232.21\"]}]}"]
