["{\"type\":\"list\",\"attributes\":{\"names\":{\"type\":\"character\",\"attributes\":{},\"value\":[\"Point.Forecast\",\"Lo.95\",\"Hi.95\",\"moon\",\"model\",\"dataset\",\"species\",\"forecast_id\"]}},\"value\":[{\"type\":\"double\",\"attributes\":{},\"value\":[0,0,0,0,0,0,0,0,0,0,0,0,0,0,0]},{\"type\":\"double\",\"attributes\":{},\"value\":[-0.39928453,-0.56467359,-0.69158109,-0.79856905,-0.89282734,-0.97804335,-1.05640756,-1.12934718,-1.19785358,-1.26264854,-1.32427696,-1.38316217,-1.43964083,-1.4939859,-1.54642232]},{\"type\":\"double\",\"attributes\":{},\"value\":[0.39928453,0.56467359,0.69158109,0.79856905,0.89282734,0.97804335,1.05640756,1.12934718,1.19785358,1.26264854,1.32427696,1.38316217,1.43964083,1.4939859,1.54642232]},{\"type\":\"integer\",\"attributes\":{},\"value\":[524,525,526,527,528,529,530,531,532,533,534,535,536,537,538]},{\"type\":\"character\",\"attributes\":{},\"value\":[\"NaiveArima\"]},{\"type\":\"character\",\"attributes\":{},\"value\":[\"all\"]},{\"type\":\"character\",\"attributes\":{},\"value\":[\"RF\"]},{\"type\":\"character\",\"attributes\":{},\"value\":[\"232.16\"]}]}"]
