["{\"type\":\"list\",\"attributes\":{\"names\":{\"type\":\"character\",\"attributes\":{},\"value\":[\"method\",\"model\",\"level\",\"mean\",\"lower\",\"upper\",\"x\",\"series\",\"fitted\",\"residuals\"]},\"class\":{\"type\":\"character\",\"attributes\":{},\"value\":[\"forecast\"]}},\"value\":[{\"type\":\"character\",\"attributes\":{},\"value\":[\"ARIMA(0,1,0)\"]},{\"type\":\"list\",\"attributes\":{\"names\":{\"type\":\"character\",\"attributes\":{},\"value\":[\"coef\",\"sigma2\",\"var.coef\",\"mask\",\"loglik\",\"aic\",\"arma\",\"residuals\",\"call\",\"series\",\"code\",\"n.cond\",\"nobs\",\"model\",\"aicc\",\"bic\",\"x\",\"fitted\"]},\"class\":{\"type\":\"character\",\"attributes\":{},\"value\":[\"forecast_ARIMA\",\"ARIMA\",\"Arima\"]}},\"value\":[{\"type\":\"double\",\"attributes\":{},\"value\":[]},{\"type\":\"double\",\"attributes\":{},\"value\":[0.78563015]},{\"type\":\"double\",\"attributes\":{},\"value\":[]},{\"type\":\"logical\",\"attributes\":{},\"value\":[]},{\"type\":\"double\",\"attributes\":{},\"value\":[-387.90495119]},{\"type\":\"double\",\"attributes\":{},\"value\":[777.80990237]},{\"type\":\"integer\",\"attributes\":{},\"value\":[0,0,0,0,1,1,0]},{\"type\":\"double\",\"attributes\":{\"tsp\":{\"type\":\"double\",\"attributes\":{},\"value\":[1,363,1]},\"class\":{\"type\":\"character\",\"attributes\":{},\"value\":[\"ts\"]}},\"value\":[0,0,0,0,0,0,0,0,0,0,0,0,0,0,0,0,0,0,0,0,0,0,0,0,0,\"NA\",0,0,0,0,0,0,0,\"NA\",0,0,0,0,0,0,\"NA\",0,0,0,0,0,0,0,0,0,0,\"NA\",0,0,0,0,\"NA\",\"NA\",0,0,0,0,0,0,\"NA\",\"NA\",0,0,0,\"NA\",0,0,\"NA\",0,0,\"NA\",\"NA\",0,0,0,\"NA\",\"NA\",0,0,0,0,\"NA\",\"NA\",0,0,0,0,0,0,\"NA\",0,0,0,0,2,0,-2,0,1,1,-2,0,0,0,0,0,0,0,0,0,\"NA\",0,\"NA\",\"NA\",0,0,0,\"NA\",0,0,\"NA\",\"NA\",0,\"NA\",0,0,0,0,0,0,0,0,0,0,0,0,0,\"NA\",0,\"NA\",0,0,0,0,\"NA\",0,0,0,0,0,0,\"NA\",0.70710678,4,-3,4,2,3,-4,0,-1,-2,-1,-1,-2,0,0,0,0,3,-2,1,-2,0,1,-1,0,0,0,0,0,0,0,0,0,0,\"NA\",0,\"NA\",0,\"NA\",0,\"NA\",0,0,0,0,0,\"NA\",0,0,0,0,0,\"NA\",\"NA\",0,0,0,0,\"NA\",0,0,0,0,0,0,0,0,0,0,0,0,\"NA\",0,\"NA\",0,\"NA\",0,\"NA\",0,0,0,0,0,0,0,0,0,0,0,1,\"NA\",-0.70710678,2,0,0,2,6,-4,-6,0,2,-2,\"NA\",\"NA\",0,0,\"NA\",0,0,0,0,0,0,0,\"NA\",\"NA\",0,0,0,0,0,0,\"NA\",0,0,0,0,\"NA\",\"NA\",\"NA\",0,0,0,0,0,0,0,0,0,\"NA\",\"NA\",\"NA\",0,0,0,0,0,0,0,0,0,0,0,0,\"NA\",\"NA\",\"NA\",\"NA\",\"NA\",\"NA\",\"NA\",\"NA\",\"NA\",\"NA\",\"NA\",\"NA\",\"NA\",\"NA\",\"NA\",\"NA\",0,\"NA\",\"NA\",\"NA\",0,0,0,0,0,0,0,\"NA\",\"NA\",0,0,0,0,0,\"NA\",0,0,0,0,1,0,0,\"NA\",\"NA\",-0.57735027,-5.55111512e-17,\"NA\",0,\"NA\",0,0,0]},{\"type\":\"language\",\"attributes\":{},\"value\":[\"Arima(y = c(0L, 0L, 0L, 0L, 0L, 0L, 0L, 0L, 0L, 0L, 0L, 0L, 0L, \",\"0L, 0L, 0L, 0L, 0L, 0L, 0L, 0L, 0L, 0L, 0L, 0L, NA, 0L, 0L, 0L, \",\"0L, 0L, 0L, 0L, NA, 0L, 0L, 0L, 0L, 0L, 0L, NA, 0L, 0L, 0L, 0L, \",\"0L, 0L, 0L, 0L, 0L, 0L, NA, 0L, 0L, 0L, 0L, NA, NA, 0L, 0L, 0L, \",\"0L, 0L, 0L, NA, NA, 0L, 0L, 0L, NA, 0L, 0L, NA, 0L, 0L, NA, NA, \",\"0L, 0L, 0L, NA, NA, 0L, 0L, 0L, 0L, NA, NA, 0L, 0L, 0L, 0L, 0L, \",\"0L, NA, 0L, 0L, 0L, 0L, 2L, 2L, 0L, 0L, 1L, 2L, 0L, 0L, 0L, 0L, \",\"0L, 0L, 0L, 0L, 0L, 0L, NA, 0L, NA, NA, 0L, 0L, 0L, NA, 0L, 0L, \",\"NA, NA, 0L, NA, 0L, 0L, 0L, 0L, 0L, 0L, 0L, 0L, 0L, 0L, 0L, 0L, \",\"0L, NA, 0L, NA, 0L, 0L, 0L, 0L, NA, 0L, 0L, 0L, 0L, 0L, 0L, NA, \",\"1L, 5L, 2L, 6L, 8L, 11L, 7L, 7L, 6L, 4L, 3L, 2L, 0L, 0L, 0L, \",\"0L, 0L, 3L, 1L, 2L, 0L, 0L, 1L, 0L, 0L, 0L, 0L, 0L, 0L, 0L, 0L, \",\"0L, 0L, 0L, NA, 0L, NA, 0L, NA, 0L, NA, 0L, 0L, 0L, 0L, 0L, NA, \",\"0L, 0L, 0L, 0L, 0L, NA, NA, 0L, 0L, 0L, 0L, NA, 0L, 0L, 0L, 0L, \",\"0L, 0L, 0L, 0L, 0L, 0L, 0L, 0L, NA, 0L, NA, 0L, NA, 0L, NA, 0L, \",\"0L, 0L, 0L, 0L, 0L, 0L, 0L, 0L, 0L, 0L, 1L, NA, 0L, 2L, 2L, 2L, \",\"4L, 10L, 6L, 0L, 0L, 2L, 0L, NA, NA, 0L, 0L, NA, 0L, 0L, 0L, \",\"0L, 0L, 0L, 0L, NA, NA, 0L, 0L, 0L, 0L, 0L, 0L, NA, 0L, 0L, 0L, \",\"0L, NA, NA, NA, 0L, 0L, 0L, 0L, 0L, 0L, 0L, 0L, 0L, NA, NA, NA, \",\"0L, 0L, 0L, 0L, 0L, 0L, 0L, 0L, 0L, 0L, 0L, 0L, NA, NA, NA, NA, \",\"NA, NA, NA, NA, NA, NA, NA, NA, NA, NA, NA, NA, 0L, NA, NA, NA, \",\"0L, 0L, 0L, 0L, 0L, 0L, 0L, NA, NA, 0L, 0L, 0L, 0L, 0L, NA, 0L, \",\"0L, 0L, 0L, 1L, 1L, 1L, NA, NA, 0L, 0L, NA, 0L, NA, 0L, 0L, 0L\",\"), order = c(0, 1, 0))\"]},{\"type\":\"character\",\"attributes\":{},\"value\":[\"c(0L, 0L, 0L, 0L, 0L, 0L, 0L, 0L, 0L, 0L, 0L, 0L, 0L, 0L, 0L, \",\"0L, 0L, 0L, 0L, 0L, 0L, 0L, 0L, 0L, 0L, NA, 0L, 0L, 0L, 0L, 0L, \",\"0L, 0L, NA, 0L, 0L, 0L, 0L, 0L, 0L, NA, 0L, 0L, 0L, 0L, 0L, 0L, \",\"0L, 0L, 0L, 0L, NA, 0L, 0L, 0L, 0L, NA, NA, 0L, 0L, 0L, 0L, 0L, \",\"0L, NA, NA, 0L, 0L, 0L, NA, 0L, 0L, NA, 0L, 0L, NA, NA, 0L, 0L, \",\"0L, NA, NA, 0L, 0L, 0L, 0L, NA, NA, 0L, 0L, 0L, 0L, 0L, 0L, NA, \",\"0L, 0L, 0L, 0L, 2L, 2L, 0L, 0L, 1L, 2L, 0L, 0L, 0L, 0L, 0L, 0L, \",\"0L, 0L, 0L, 0L, NA, 0L, NA, NA, 0L, 0L, 0L, NA, 0L, 0L, NA, NA, \",\"0L, NA, 0L, 0L, 0L, 0L, 0L, 0L, 0L, 0L, 0L, 0L, 0L, 0L, 0L, NA, \",\"0L, NA, 0L, 0L, 0L, 0L, NA, 0L, 0L, 0L, 0L, 0L, 0L, NA, 1L, 5L, \",\"2L, 6L, 8L, 11L, 7L, 7L, 6L, 4L, 3L, 2L, 0L, 0L, 0L, 0L, 0L, \",\"3L, 1L, 2L, 0L, 0L, 1L, 0L, 0L, 0L, 0L, 0L, 0L, 0L, 0L, 0L, 0L, \",\"0L, NA, 0L, NA, 0L, NA, 0L, NA, 0L, 0L, 0L, 0L, 0L, NA, 0L, 0L, \",\"0L, 0L, 0L, NA, NA, 0L, 0L, 0L, 0L, NA, 0L, 0L, 0L, 0L, 0L, 0L, \",\"0L, 0L, 0L, 0L, 0L, 0L, NA, 0L, NA, 0L, NA, 0L, NA, 0L, 0L, 0L, \",\"0L, 0L, 0L, 0L, 0L, 0L, 0L, 0L, 1L, NA, 0L, 2L, 2L, 2L, 4L, 10L, \",\"6L, 0L, 0L, 2L, 0L, NA, NA, 0L, 0L, NA, 0L, 0L, 0L, 0L, 0L, 0L, \",\"0L, NA, NA, 0L, 0L, 0L, 0L, 0L, 0L, NA, 0L, 0L, 0L, 0L, NA, NA, \",\"NA, 0L, 0L, 0L, 0L, 0L, 0L, 0L, 0L, 0L, NA, NA, NA, 0L, 0L, 0L, \",\"0L, 0L, 0L, 0L, 0L, 0L, 0L, 0L, 0L, NA, NA, NA, NA, NA, NA, NA, \",\"NA, NA, NA, NA, NA, NA, NA, NA, NA, 0L, NA, NA, NA, 0L, 0L, 0L, \",\"0L, 0L, 0L, 0L, NA, NA, 0L, 0L, 0L, 0L, 0L, NA, 0L, 0L, 0L, 0L, \",\"1L, 1L, 1L, NA, NA, 0L, 0L, NA, 0L, NA, 0L, 0L, 0L)\"]},{\"type\":\"double\",\"attributes\":{},\"value\":[0]},{\"type\":\"double\",\"attributes\":{},\"value\":[0]},{\"type\":\"integer\",\"attributes\":{},\"value\":[283]},{\"type\":\"list\",\"attributes\":{\"names\":{\"type\":\"character\",\"attributes\":{},\"value\":[\"phi\",\"theta\",\"Delta\",\"Z\",\"a\",\"P\",\"T\",\"V\",\"h\",\"Pn\"]}},\"value\":[{\"type\":\"double\",\"attributes\":{},\"value\":[]},{\"type\":\"double\",\"attributes\":{},\"value\":[]},{\"type\":\"double\",\"attributes\":{},\"value\":[1]},{\"type\":\"double\",\"attributes\":{},\"value\":[1,1]},{\"type\":\"double\",\"attributes\":{},\"value\":[0,0]},{\"type\":\"double\",\"attributes\":{\"dim\":{\"type\":\"integer\",\"attributes\":{},\"value\":[2,2]}},\"value\":[0,0,0,0]},{\"type\":\"double\",\"attributes\":{\"dim\":{\"type\":\"integer\",\"attributes\":{},\"value\":[2,2]}},\"value\":[0,1,0,1]},{\"type\":\"double\",\"attributes\":{\"dim\":{\"type\":\"integer\",\"attributes\":{},\"value\":[2,2]}},\"value\":[1,0,0,0]},{\"type\":\"double\",\"attributes\":{},\"value\":[0]},{\"type\":\"double\",\"attributes\":{\"dim\":{\"type\":\"integer\",\"attributes\":{},\"value\":[2,2]}},\"value\":[1,0,0,0]}]},{\"type\":\"double\",\"attributes\":{},\"value\":[777.82413725]},{\"type\":\"double\",\"attributes\":{},\"value\":[781.45534927]},{\"type\":\"integer\",\"attributes\":{\"tsp\":{\"type\":\"double\",\"attributes\":{},\"value\":[1,363,1]},\"class\":{\"type\":\"character\",\"attributes\":{},\"value\":[\"ts\"]}},\"value\":[0,0,0,0,0,0,0,0,0,0,0,0,0,0,0,0,0,0,0,0,0,0,0,0,0,\"NA\",0,0,0,0,0,0,0,\"NA\",0,0,0,0,0,0,\"NA\",0,0,0,0,0,0,0,0,0,0,\"NA\",0,0,0,0,\"NA\",\"NA\",0,0,0,0,0,0,\"NA\",\"NA\",0,0,0,\"NA\",0,0,\"NA\",0,0,\"NA\",\"NA\",0,0,0,\"NA\",\"NA\",0,0,0,0,\"NA\",\"NA\",0,0,0,0,0,0,\"NA\",0,0,0,0,2,2,0,0,1,2,0,0,0,0,0,0,0,0,0,0,\"NA\",0,\"NA\",\"NA\",0,0,0,\"NA\",0,0,\"NA\",\"NA\",0,\"NA\",0,0,0,0,0,0,0,0,0,0,0,0,0,\"NA\",0,\"NA\",0,0,0,0,\"NA\",0,0,0,0,0,0,\"NA\",1,5,2,6,8,11,7,7,6,4,3,2,0,0,0,0,0,3,1,2,0,0,1,0,0,0,0,0,0,0,0,0,0,0,\"NA\",0,\"NA\",0,\"NA\",0,\"NA\",0,0,0,0,0,\"NA\",0,0,0,0,0,\"NA\",\"NA\",0,0,0,0,\"NA\",0,0,0,0,0,0,0,0,0,0,0,0,\"NA\",0,\"NA\",0,\"NA\",0,\"NA\",0,0,0,0,0,0,0,0,0,0,0,1,\"NA\",0,2,2,2,4,10,6,0,0,2,0,\"NA\",\"NA\",0,0,\"NA\",0,0,0,0,0,0,0,\"NA\",\"NA\",0,0,0,0,0,0,\"NA\",0,0,0,0,\"NA\",\"NA\",\"NA\",0,0,0,0,0,0,0,0,0,\"NA\",\"NA\",\"NA\",0,0,0,0,0,0,0,0,0,0,0,0,\"NA\",\"NA\",\"NA\",\"NA\",\"NA\",\"NA\",\"NA\",\"NA\",\"NA\",\"NA\",\"NA\",\"NA\",\"NA\",\"NA\",\"NA\",\"NA\",0,\"NA\",\"NA\",\"NA\",0,0,0,0,0,0,0,\"NA\",\"NA\",0,0,0,0,0,\"NA\",0,0,0,0,1,1,1,\"NA\",\"NA\",0,0,\"NA\",0,\"NA\",0,0,0]},{\"type\":\"double\",\"attributes\":{\"tsp\":{\"type\":\"double\",\"attributes\":{},\"value\":[1,363,1]},\"class\":{\"type\":\"character\",\"attributes\":{},\"value\":[\"ts\"]}},\"value\":[0,0,0,0,0,0,0,0,0,0,0,0,0,0,0,0,0,0,0,0,0,0,0,0,0,\"NA\",0,0,0,0,0,0,0,\"NA\",0,0,0,0,0,0,\"NA\",0,0,0,0,0,0,0,0,0,0,\"NA\",0,0,0,0,\"NA\",\"NA\",0,0,0,0,0,0,\"NA\",\"NA\",0,0,0,\"NA\",0,0,\"NA\",0,0,\"NA\",\"NA\",0,0,0,\"NA\",\"NA\",0,0,0,0,\"NA\",\"NA\",0,0,0,0,0,0,\"NA\",0,0,0,0,0,2,2,0,0,1,2,0,0,0,0,0,0,0,0,0,\"NA\",0,\"NA\",\"NA\",0,0,0,\"NA\",0,0,\"NA\",\"NA\",0,\"NA\",0,0,0,0,0,0,0,0,0,0,0,0,0,\"NA\",0,\"NA\",0,0,0,0,\"NA\",0,0,0,0,0,0,\"NA\",0.29289322,1,5,2,6,8,11,7,7,6,4,3,2,0,0,0,0,0,3,1,2,0,0,1,0,0,0,0,0,0,0,0,0,0,\"NA\",0,\"NA\",0,\"NA\",0,\"NA\",0,0,0,0,0,\"NA\",0,0,0,0,0,\"NA\",\"NA\",0,0,0,0,\"NA\",0,0,0,0,0,0,0,0,0,0,0,0,\"NA\",0,\"NA\",0,\"NA\",0,\"NA\",0,0,0,0,0,0,0,0,0,0,0,0,\"NA\",0.70710678,0,2,2,2,4,10,6,0,0,2,\"NA\",\"NA\",0,0,\"NA\",0,0,0,0,0,0,0,\"NA\",\"NA\",0,0,0,0,0,0,\"NA\",0,0,0,0,\"NA\",\"NA\",\"NA\",0,0,0,0,0,0,0,0,0,\"NA\",\"NA\",\"NA\",0,0,0,0,0,0,0,0,0,0,0,0,\"NA\",\"NA\",\"NA\",\"NA\",\"NA\",\"NA\",\"NA\",\"NA\",\"NA\",\"NA\",\"NA\",\"NA\",\"NA\",\"NA\",\"NA\",\"NA\",0,\"NA\",\"NA\",\"NA\",0,0,0,0,0,0,0,\"NA\",\"NA\",0,0,0,0,0,\"NA\",0,0,0,0,0,1,1,\"NA\",\"NA\",0.57735027,5.55111512e-17,\"NA\",0,\"NA\",0,0,0]}]},{\"type\":\"double\",\"attributes\":{},\"value\":[95]},{\"type\":\"double\",\"attributes\":{\"tsp\":{\"type\":\"double\",\"attributes\":{},\"value\":[364,376,1]},\"class\":{\"type\":\"character\",\"attributes\":{},\"value\":[\"ts\"]}},\"value\":[0,0,0,0,0,0,0,0,0,0,0,0,0]},{\"type\":\"double\",\"attributes\":{\"dim\":{\"type\":\"integer\",\"attributes\":{},\"value\":[13,1]},\"dimnames\":{\"type\":\"list\",\"attributes\":{},\"value\":[{\"type\":\"NULL\"},{\"type\":\"character\",\"attributes\":{},\"value\":[\"95%\"]}]},\"tsp\":{\"type\":\"double\",\"attributes\":{},\"value\":[364,376,1]},\"class\":{\"type\":\"character\",\"attributes\":{},\"value\":[\"ts\"]}},\"value\":[-1.73722937,-2.45681333,-3.00896953,-3.47445874,-3.88456296,-4.25532552,-4.59627688,-4.91362667,-5.21168811,-5.49360163,-5.76173799,-6.01793906,-6.26366957]},{\"type\":\"double\",\"attributes\":{\"dim\":{\"type\":\"integer\",\"attributes\":{},\"value\":[13,1]},\"dimnames\":{\"type\":\"list\",\"attributes\":{},\"value\":[{\"type\":\"NULL\"},{\"type\":\"character\",\"attributes\":{},\"value\":[\"95%\"]}]},\"tsp\":{\"type\":\"double\",\"attributes\":{},\"value\":[364,376,1]},\"class\":{\"type\":\"character\",\"attributes\":{},\"value\":[\"ts\"]}},\"value\":[1.73722937,2.45681333,3.00896953,3.47445874,3.88456296,4.25532552,4.59627688,4.91362667,5.21168811,5.49360163,5.76173799,6.01793906,6.26366957]},{\"type\":\"integer\",\"attributes\":{\"tsp\":{\"type\":\"double\",\"attributes\":{},\"value\":[1,363,1]},\"class\":{\"type\":\"character\",\"attributes\":{},\"value\":[\"ts\"]}},\"value\":[0,0,0,0,0,0,0,0,0,0,0,0,0,0,0,0,0,0,0,0,0,0,0,0,0,\"NA\",0,0,0,0,0,0,0,\"NA\",0,0,0,0,0,0,\"NA\",0,0,0,0,0,0,0,0,0,0,\"NA\",0,0,0,0,\"NA\",\"NA\",0,0,0,0,0,0,\"NA\",\"NA\",0,0,0,\"NA\",0,0,\"NA\",0,0,\"NA\",\"NA\",0,0,0,\"NA\",\"NA\",0,0,0,0,\"NA\",\"NA\",0,0,0,0,0,0,\"NA\",0,0,0,0,2,2,0,0,1,2,0,0,0,0,0,0,0,0,0,0,\"NA\",0,\"NA\",\"NA\",0,0,0,\"NA\",0,0,\"NA\",\"NA\",0,\"NA\",0,0,0,0,0,0,0,0,0,0,0,0,0,\"NA\",0,\"NA\",0,0,0,0,\"NA\",0,0,0,0,0,0,\"NA\",1,5,2,6,8,11,7,7,6,4,3,2,0,0,0,0,0,3,1,2,0,0,1,0,0,0,0,0,0,0,0,0,0,0,\"NA\",0,\"NA\",0,\"NA\",0,\"NA\",0,0,0,0,0,\"NA\",0,0,0,0,0,\"NA\",\"NA\",0,0,0,0,\"NA\",0,0,0,0,0,0,0,0,0,0,0,0,\"NA\",0,\"NA\",0,\"NA\",0,\"NA\",0,0,0,0,0,0,0,0,0,0,0,1,\"NA\",0,2,2,2,4,10,6,0,0,2,0,\"NA\",\"NA\",0,0,\"NA\",0,0,0,0,0,0,0,\"NA\",\"NA\",0,0,0,0,0,0,\"NA\",0,0,0,0,\"NA\",\"NA\",\"NA\",0,0,0,0,0,0,0,0,0,\"NA\",\"NA\",\"NA\",0,0,0,0,0,0,0,0,0,0,0,0,\"NA\",\"NA\",\"NA\",\"NA\",\"NA\",\"NA\",\"NA\",\"NA\",\"NA\",\"NA\",\"NA\",\"NA\",\"NA\",\"NA\",\"NA\",\"NA\",0,\"NA\",\"NA\",\"NA\",0,0,0,0,0,0,0,\"NA\",\"NA\",0,0,0,0,0,\"NA\",0,0,0,0,1,1,1,\"NA\",\"NA\",0,0,\"NA\",0,\"NA\",0,0,0]},{\"type\":\"character\",\"attributes\":{},\"value\":[\"c(0L, 0L, 0L, 0L, 0L, 0L, 0L, 0L, 0L, 0L, 0L, 0L, 0L, 0L, 0L, \",\"0L, 0L, 0L, 0L, 0L, 0L, 0L, 0L, 0L, 0L, NA, 0L, 0L, 0L, 0L, 0L, \",\"0L, 0L, NA, 0L, 0L, 0L, 0L, 0L, 0L, NA, 0L, 0L, 0L, 0L, 0L, 0L, \",\"0L, 0L, 0L, 0L, NA, 0L, 0L, 0L, 0L, NA, NA, 0L, 0L, 0L, 0L, 0L, \",\"0L, NA, NA, 0L, 0L, 0L, NA, 0L, 0L, NA, 0L, 0L, NA, NA, 0L, 0L, \",\"0L, NA, NA, 0L, 0L, 0L, 0L, NA, NA, 0L, 0L, 0L, 0L, 0L, 0L, NA, \",\"0L, 0L, 0L, 0L, 2L, 2L, 0L, 0L, 1L, 2L, 0L, 0L, 0L, 0L, 0L, 0L, \",\"0L, 0L, 0L, 0L, NA, 0L, NA, NA, 0L, 0L, 0L, NA, 0L, 0L, NA, NA, \",\"0L, NA, 0L, 0L, 0L, 0L, 0L, 0L, 0L, 0L, 0L, 0L, 0L, 0L, 0L, NA, \",\"0L, NA, 0L, 0L, 0L, 0L, NA, 0L, 0L, 0L, 0L, 0L, 0L, NA, 1L, 5L, \",\"2L, 6L, 8L, 11L, 7L, 7L, 6L, 4L, 3L, 2L, 0L, 0L, 0L, 0L, 0L, \",\"3L, 1L, 2L, 0L, 0L, 1L, 0L, 0L, 0L, 0L, 0L, 0L, 0L, 0L, 0L, 0L, \",\"0L, NA, 0L, NA, 0L, NA, 0L, NA, 0L, 0L, 0L, 0L, 0L, NA, 0L, 0L, \",\"0L, 0L, 0L, NA, NA, 0L, 0L, 0L, 0L, NA, 0L, 0L, 0L, 0L, 0L, 0L, \",\"0L, 0L, 0L, 0L, 0L, 0L, NA, 0L, NA, 0L, NA, 0L, NA, 0L, 0L, 0L, \",\"0L, 0L, 0L, 0L, 0L, 0L, 0L, 0L, 1L, NA, 0L, 2L, 2L, 2L, 4L, 10L, \",\"6L, 0L, 0L, 2L, 0L, NA, NA, 0L, 0L, NA, 0L, 0L, 0L, 0L, 0L, 0L, \",\"0L, NA, NA, 0L, 0L, 0L, 0L, 0L, 0L, NA, 0L, 0L, 0L, 0L, NA, NA, \",\"NA, 0L, 0L, 0L, 0L, 0L, 0L, 0L, 0L, 0L, NA, NA, NA, 0L, 0L, 0L, \",\"0L, 0L, 0L, 0L, 0L, 0L, 0L, 0L, 0L, NA, NA, NA, NA, NA, NA, NA, \",\"NA, NA, NA, NA, NA, NA, NA, NA, NA, 0L, NA, NA, NA, 0L, 0L, 0L, \",\"0L, 0L, 0L, 0L, NA, NA, 0L, 0L, 0L, 0L, 0L, NA, 0L, 0L, 0L, 0L, \",\"1L, 1L, 1L, NA, NA, 0L, 0L, NA, 0L, NA, 0L, 0L, 0L)\"]},{\"type\":\"double\",\"attributes\":{\"tsp\":{\"type\":\"double\",\"attributes\":{},\"value\":[1,363,1]},\"class\":{\"type\":\"character\",\"attributes\":{},\"value\":[\"ts\"]}},\"value\":[0,0,0,0,0,0,0,0,0,0,0,0,0,0,0,0,0,0,0,0,0,0,0,0,0,\"NA\",0,0,0,0,0,0,0,\"NA\",0,0,0,0,0,0,\"NA\",0,0,0,0,0,0,0,0,0,0,\"NA\",0,0,0,0,\"NA\",\"NA\",0,0,0,0,0,0,\"NA\",\"NA\",0,0,0,\"NA\",0,0,\"NA\",0,0,\"NA\",\"NA\",0,0,0,\"NA\",\"NA\",0,0,0,0,\"NA\",\"NA\",0,0,0,0,0,0,\"NA\",0,0,0,0,0,2,2,0,0,1,2,0,0,0,0,0,0,0,0,0,\"NA\",0,\"NA\",\"NA\",0,0,0,\"NA\",0,0,\"NA\",\"NA\",0,\"NA\",0,0,0,0,0,0,0,0,0,0,0,0,0,\"NA\",0,\"NA\",0,0,0,0,\"NA\",0,0,0,0,0,0,\"NA\",0.29289322,1,5,2,6,8,11,7,7,6,4,3,2,0,0,0,0,0,3,1,2,0,0,1,0,0,0,0,0,0,0,0,0,0,\"NA\",0,\"NA\",0,\"NA\",0,\"NA\",0,0,0,0,0,\"NA\",0,0,0,0,0,\"NA\",\"NA\",0,0,0,0,\"NA\",0,0,0,0,0,0,0,0,0,0,0,0,\"NA\",0,\"NA\",0,\"NA\",0,\"NA\",0,0,0,0,0,0,0,0,0,0,0,0,\"NA\",0.70710678,0,2,2,2,4,10,6,0,0,2,\"NA\",\"NA\",0,0,\"NA\",0,0,0,0,0,0,0,\"NA\",\"NA\",0,0,0,0,0,0,\"NA\",0,0,0,0,\"NA\",\"NA\",\"NA\",0,0,0,0,0,0,0,0,0,\"NA\",\"NA\",\"NA\",0,0,0,0,0,0,0,0,0,0,0,0,\"NA\",\"NA\",\"NA\",\"NA\",\"NA\",\"NA\",\"NA\",\"NA\",\"NA\",\"NA\",\"NA\",\"NA\",\"NA\",\"NA\",\"NA\",\"NA\",0,\"NA\",\"NA\",\"NA\",0,0,0,0,0,0,0,\"NA\",\"NA\",0,0,0,0,0,\"NA\",0,0,0,0,0,1,1,\"NA\",\"NA\",0.57735027,5.55111512e-17,\"NA\",0,\"NA\",0,0,0]},{\"type\":\"double\",\"attributes\":{\"tsp\":{\"type\":\"double\",\"attributes\":{},\"value\":[1,363,1]},\"class\":{\"type\":\"character\",\"attributes\":{},\"value\":[\"ts\"]}},\"value\":[0,0,0,0,0,0,0,0,0,0,0,0,0,0,0,0,0,0,0,0,0,0,0,0,0,\"NA\",0,0,0,0,0,0,0,\"NA\",0,0,0,0,0,0,\"NA\",0,0,0,0,0,0,0,0,0,0,\"NA\",0,0,0,0,\"NA\",\"NA\",0,0,0,0,0,0,\"NA\",\"NA\",0,0,0,\"NA\",0,0,\"NA\",0,0,\"NA\",\"NA\",0,0,0,\"NA\",\"NA\",0,0,0,0,\"NA\",\"NA\",0,0,0,0,0,0,\"NA\",0,0,0,0,2,0,-2,0,1,1,-2,0,0,0,0,0,0,0,0,0,\"NA\",0,\"NA\",\"NA\",0,0,0,\"NA\",0,0,\"NA\",\"NA\",0,\"NA\",0,0,0,0,0,0,0,0,0,0,0,0,0,\"NA\",0,\"NA\",0,0,0,0,\"NA\",0,0,0,0,0,0,\"NA\",0.70710678,4,-3,4,2,3,-4,0,-1,-2,-1,-1,-2,0,0,0,0,3,-2,1,-2,0,1,-1,0,0,0,0,0,0,0,0,0,0,\"NA\",0,\"NA\",0,\"NA\",0,\"NA\",0,0,0,0,0,\"NA\",0,0,0,0,0,\"NA\",\"NA\",0,0,0,0,\"NA\",0,0,0,0,0,0,0,0,0,0,0,0,\"NA\",0,\"NA\",0,\"NA\",0,\"NA\",0,0,0,0,0,0,0,0,0,0,0,1,\"NA\",-0.70710678,2,0,0,2,6,-4,-6,0,2,-2,\"NA\",\"NA\",0,0,\"NA\",0,0,0,0,0,0,0,\"NA\",\"NA\",0,0,0,0,0,0,\"NA\",0,0,0,0,\"NA\",\"NA\",\"NA\",0,0,0,0,0,0,0,0,0,\"NA\",\"NA\",\"NA\",0,0,0,0,0,0,0,0,0,0,0,0,\"NA\",\"NA\",\"NA\",\"NA\",\"NA\",\"NA\",\"NA\",\"NA\",\"NA\",\"NA\",\"NA\",\"NA\",\"NA\",\"NA\",\"NA\",\"NA\",0,\"NA\",\"NA\",\"NA\",0,0,0,0,0,0,0,\"NA\",\"NA\",0,0,0,0,0,\"NA\",0,0,0,0,1,0,0,\"NA\",\"NA\",-0.57735027,-5.55111512e-17,\"NA\",0,\"NA\",0,0,0]}]}"]
