["{\"type\":\"list\",\"attributes\":{\"names\":{\"type\":\"character\",\"attributes\":{},\"value\":[\"method\",\"model\",\"level\",\"mean\",\"lower\",\"upper\",\"x\",\"series\",\"fitted\",\"residuals\"]},\"class\":{\"type\":\"character\",\"attributes\":{},\"value\":[\"forecast\"]}},\"value\":[{\"type\":\"character\",\"attributes\":{},\"value\":[\"ARIMA(0,1,0)\"]},{\"type\":\"list\",\"attributes\":{\"names\":{\"type\":\"character\",\"attributes\":{},\"value\":[\"coef\",\"sigma2\",\"var.coef\",\"mask\",\"loglik\",\"aic\",\"arma\",\"residuals\",\"call\",\"series\",\"code\",\"n.cond\",\"nobs\",\"model\",\"aicc\",\"bic\",\"x\",\"fitted\"]},\"class\":{\"type\":\"character\",\"attributes\":{},\"value\":[\"forecast_ARIMA\",\"ARIMA\",\"Arima\"]}},\"value\":[{\"type\":\"double\",\"attributes\":{},\"value\":[]},{\"type\":\"double\",\"attributes\":{},\"value\":[3.12564955]},{\"type\":\"double\",\"attributes\":{},\"value\":[]},{\"type\":\"logical\",\"attributes\":{},\"value\":[]},{\"type\":\"double\",\"attributes\":{},\"value\":[-583.30389433]},{\"type\":\"double\",\"attributes\":{},\"value\":[1168.60778866]},{\"type\":\"integer\",\"attributes\":{},\"value\":[0,0,0,0,1,1,0]},{\"type\":\"double\",\"attributes\":{\"tsp\":{\"type\":\"double\",\"attributes\":{},\"value\":[1,363,1]},\"class\":{\"type\":\"character\",\"attributes\":{},\"value\":[\"ts\"]}},\"value\":[0,0,0,0,0,1,-1,1,-1,1,1,0,-1,-1,0,0,0,1,-1,0,0,1,1,1,-3,\"NA\",0,1,-1,6,2,-4,5,\"NA\",-2.12132034,2,-5,0,-2,1,\"NA\",1.41421356,3,-1,-5,1,2,-2,-1,0,1,\"NA\",0,0,0,-1,\"NA\",\"NA\",2.30940108,-4,1,0,2,-1,\"NA\",\"NA\",-0.57735027,1,-1,\"NA\",-0.70710678,2,\"NA\",0.70710678,-2,\"NA\",\"NA\",0,0,8,\"NA\",\"NA\",-4.04145188,1,1,3,\"NA\",\"NA\",-2.30940108,1,0,0,-1,0,\"NA\",-0.70710678,2,-3,3,0,-1,0,4,-3,2,-3,2,-4,-1,1,1,-2,1,0,-2,\"NA\",1.41421356,\"NA\",\"NA\",-1.15470054,-1.11022302e-16,2,\"NA\",-0.70710678,1,\"NA\",\"NA\",-1.15470054,\"NA\",1.41421356,-1,-2.22044605e-16,0,-1,1,0,-1,2,-1,0,-1,3,\"NA\",-1.41421356,\"NA\",-0.70710678,1,0,0,\"NA\",1.41421356,-2,1,2,0,-2,\"NA\",1.41421356,3,2,-7,1,2,0,-1,4,-1,-2,-4,0,5,-2,2,-4,3,0,0,0,-2,-1,0,1,0,-2,0,0,0,0,-1,0,0,\"NA\",0,\"NA\",1.41421356,\"NA\",-0.70710678,\"NA\",-0.70710678,0,0,0,0,\"NA\",0,0,0,0,0,\"NA\",\"NA\",0,0,0,1,\"NA\",0,-1,0,0,0,1,0,-1,1,0,0,-1,\"NA\",0,\"NA\",0,\"NA\",0.70710678,\"NA\",-0.70710678,1,0,-1,2,-1,-1,1,-1,1,0,0,\"NA\",0,0,0,0,-1,1,0,3,-2,0,2,\"NA\",\"NA\",-1.15470054,-4.4408921e-16,\"NA\",1.41421356,-1,-2,0,2,0,1,\"NA\",\"NA\",0.57735027,2,-7,6,-1,2,\"NA\",-4.24264069,5,0,-1,\"NA\",\"NA\",\"NA\",-2.5,1,1,-1,-1,2,-1,0,0,\"NA\",\"NA\",\"NA\",-0.5,0,1,0,-1,0,1,-1,0,0,0,0,\"NA\",\"NA\",\"NA\",\"NA\",\"NA\",\"NA\",\"NA\",\"NA\",\"NA\",\"NA\",\"NA\",\"NA\",\"NA\",\"NA\",\"NA\",\"NA\",0.24253563,\"NA\",\"NA\",\"NA\",0,-1,2,-1,2,-2,-1,\"NA\",\"NA\",0,0,0,1,1,\"NA\",0,-2,0,0,0,1,-1,\"NA\",\"NA\",0.57735027,-1,\"NA\",0,\"NA\",0,0,0]},{\"type\":\"language\",\"attributes\":{},\"value\":[\"Arima(y = c(0L, 0L, 0L, 0L, 0L, 1L, 0L, 1L, 0L, 1L, 2L, 2L, 1L, \",\"0L, 0L, 0L, 0L, 1L, 0L, 0L, 0L, 1L, 2L, 3L, 0L, NA, 0L, 1L, 0L, \",\"6L, 8L, 4L, 9L, NA, 6L, 8L, 3L, 3L, 1L, 2L, NA, 4L, 7L, 6L, 1L, \",\"2L, 4L, 2L, 1L, 1L, 2L, NA, 2L, 2L, 2L, 1L, NA, NA, 5L, 1L, 2L, \",\"2L, 4L, 3L, NA, NA, 2L, 3L, 2L, NA, 1L, 3L, NA, 4L, 2L, NA, NA, \",\"2L, 2L, 10L, NA, NA, 3L, 4L, 5L, 8L, NA, NA, 4L, 5L, 5L, 5L, \",\"4L, 4L, NA, 3L, 5L, 2L, 5L, 5L, 4L, 4L, 8L, 5L, 7L, 4L, 6L, 2L, \",\"1L, 2L, 3L, 1L, 2L, 2L, 0L, NA, 2L, NA, NA, 0L, 0L, 2L, NA, 1L, \",\"2L, NA, NA, 0L, NA, 2L, 1L, 1L, 1L, 0L, 1L, 1L, 0L, 2L, 1L, 1L, \",\"0L, 3L, NA, 1L, NA, 0L, 1L, 1L, 1L, NA, 3L, 1L, 2L, 4L, 4L, 2L, \",\"NA, 4L, 7L, 9L, 2L, 3L, 5L, 5L, 4L, 8L, 7L, 5L, 1L, 1L, 6L, 4L, \",\"6L, 2L, 5L, 5L, 5L, 5L, 3L, 2L, 2L, 3L, 3L, 1L, 1L, 1L, 1L, 1L, \",\"0L, 0L, 0L, NA, 0L, NA, 2L, NA, 1L, NA, 0L, 0L, 0L, 0L, 0L, NA, \",\"0L, 0L, 0L, 0L, 0L, NA, NA, 0L, 0L, 0L, 1L, NA, 1L, 0L, 0L, 0L, \",\"0L, 1L, 1L, 0L, 1L, 1L, 1L, 0L, NA, 0L, NA, 0L, NA, 1L, NA, 0L, \",\"1L, 1L, 0L, 2L, 1L, 0L, 1L, 0L, 1L, 1L, 1L, NA, 1L, 1L, 1L, 1L, \",\"0L, 1L, 1L, 4L, 2L, 2L, 4L, NA, NA, 2L, 2L, NA, 4L, 3L, 1L, 1L, \",\"3L, 3L, 4L, NA, NA, 5L, 7L, 0L, 6L, 5L, 7L, NA, 1L, 6L, 6L, 5L, \",\"NA, NA, NA, 0L, 1L, 2L, 1L, 0L, 2L, 1L, 1L, 1L, NA, NA, NA, 0L, \",\"0L, 1L, 1L, 0L, 0L, 1L, 0L, 0L, 0L, 0L, 0L, NA, NA, NA, NA, NA, \",\"NA, NA, NA, NA, NA, NA, NA, NA, NA, NA, NA, 1L, NA, NA, NA, 1L, \",\"0L, 2L, 1L, 3L, 1L, 0L, NA, NA, 0L, 0L, 0L, 1L, 2L, NA, 2L, 0L, \",\"0L, 0L, 0L, 1L, 0L, NA, NA, 1L, 0L, NA, 0L, NA, 0L, 0L, 0L), \",\"    order = c(0, 1, 0))\"]},{\"type\":\"character\",\"attributes\":{},\"value\":[\"c(0L, 0L, 0L, 0L, 0L, 1L, 0L, 1L, 0L, 1L, 2L, 2L, 1L, 0L, 0L, \",\"0L, 0L, 1L, 0L, 0L, 0L, 1L, 2L, 3L, 0L, NA, 0L, 1L, 0L, 6L, 8L, \",\"4L, 9L, NA, 6L, 8L, 3L, 3L, 1L, 2L, NA, 4L, 7L, 6L, 1L, 2L, 4L, \",\"2L, 1L, 1L, 2L, NA, 2L, 2L, 2L, 1L, NA, NA, 5L, 1L, 2L, 2L, 4L, \",\"3L, NA, NA, 2L, 3L, 2L, NA, 1L, 3L, NA, 4L, 2L, NA, NA, 2L, 2L, \",\"10L, NA, NA, 3L, 4L, 5L, 8L, NA, NA, 4L, 5L, 5L, 5L, 4L, 4L, \",\"NA, 3L, 5L, 2L, 5L, 5L, 4L, 4L, 8L, 5L, 7L, 4L, 6L, 2L, 1L, 2L, \",\"3L, 1L, 2L, 2L, 0L, NA, 2L, NA, NA, 0L, 0L, 2L, NA, 1L, 2L, NA, \",\"NA, 0L, NA, 2L, 1L, 1L, 1L, 0L, 1L, 1L, 0L, 2L, 1L, 1L, 0L, 3L, \",\"NA, 1L, NA, 0L, 1L, 1L, 1L, NA, 3L, 1L, 2L, 4L, 4L, 2L, NA, 4L, \",\"7L, 9L, 2L, 3L, 5L, 5L, 4L, 8L, 7L, 5L, 1L, 1L, 6L, 4L, 6L, 2L, \",\"5L, 5L, 5L, 5L, 3L, 2L, 2L, 3L, 3L, 1L, 1L, 1L, 1L, 1L, 0L, 0L, \",\"0L, NA, 0L, NA, 2L, NA, 1L, NA, 0L, 0L, 0L, 0L, 0L, NA, 0L, 0L, \",\"0L, 0L, 0L, NA, NA, 0L, 0L, 0L, 1L, NA, 1L, 0L, 0L, 0L, 0L, 1L, \",\"1L, 0L, 1L, 1L, 1L, 0L, NA, 0L, NA, 0L, NA, 1L, NA, 0L, 1L, 1L, \",\"0L, 2L, 1L, 0L, 1L, 0L, 1L, 1L, 1L, NA, 1L, 1L, 1L, 1L, 0L, 1L, \",\"1L, 4L, 2L, 2L, 4L, NA, NA, 2L, 2L, NA, 4L, 3L, 1L, 1L, 3L, 3L, \",\"4L, NA, NA, 5L, 7L, 0L, 6L, 5L, 7L, NA, 1L, 6L, 6L, 5L, NA, NA, \",\"NA, 0L, 1L, 2L, 1L, 0L, 2L, 1L, 1L, 1L, NA, NA, NA, 0L, 0L, 1L, \",\"1L, 0L, 0L, 1L, 0L, 0L, 0L, 0L, 0L, NA, NA, NA, NA, NA, NA, NA, \",\"NA, NA, NA, NA, NA, NA, NA, NA, NA, 1L, NA, NA, NA, 1L, 0L, 2L, \",\"1L, 3L, 1L, 0L, NA, NA, 0L, 0L, 0L, 1L, 2L, NA, 2L, 0L, 0L, 0L, \",\"0L, 1L, 0L, NA, NA, 1L, 0L, NA, 0L, NA, 0L, 0L, 0L)\"]},{\"type\":\"double\",\"attributes\":{},\"value\":[0]},{\"type\":\"double\",\"attributes\":{},\"value\":[0]},{\"type\":\"integer\",\"attributes\":{},\"value\":[283]},{\"type\":\"list\",\"attributes\":{\"names\":{\"type\":\"character\",\"attributes\":{},\"value\":[\"phi\",\"theta\",\"Delta\",\"Z\",\"a\",\"P\",\"T\",\"V\",\"h\",\"Pn\"]}},\"value\":[{\"type\":\"double\",\"attributes\":{},\"value\":[]},{\"type\":\"double\",\"attributes\":{},\"value\":[]},{\"type\":\"double\",\"attributes\":{},\"value\":[1]},{\"type\":\"double\",\"attributes\":{},\"value\":[1,1]},{\"type\":\"double\",\"attributes\":{},\"value\":[0,0]},{\"type\":\"double\",\"attributes\":{\"dim\":{\"type\":\"integer\",\"attributes\":{},\"value\":[2,2]}},\"value\":[0,0,0,0]},{\"type\":\"double\",\"attributes\":{\"dim\":{\"type\":\"integer\",\"attributes\":{},\"value\":[2,2]}},\"value\":[0,1,0,1]},{\"type\":\"double\",\"attributes\":{\"dim\":{\"type\":\"integer\",\"attributes\":{},\"value\":[2,2]}},\"value\":[1,0,0,0]},{\"type\":\"double\",\"attributes\":{},\"value\":[0]},{\"type\":\"double\",\"attributes\":{\"dim\":{\"type\":\"integer\",\"attributes\":{},\"value\":[2,2]}},\"value\":[1,0,0,0]}]},{\"type\":\"double\",\"attributes\":{},\"value\":[1168.62202354]},{\"type\":\"double\",\"attributes\":{},\"value\":[1172.25323556]},{\"type\":\"integer\",\"attributes\":{\"tsp\":{\"type\":\"double\",\"attributes\":{},\"value\":[1,363,1]},\"class\":{\"type\":\"character\",\"attributes\":{},\"value\":[\"ts\"]}},\"value\":[0,0,0,0,0,1,0,1,0,1,2,2,1,0,0,0,0,1,0,0,0,1,2,3,0,\"NA\",0,1,0,6,8,4,9,\"NA\",6,8,3,3,1,2,\"NA\",4,7,6,1,2,4,2,1,1,2,\"NA\",2,2,2,1,\"NA\",\"NA\",5,1,2,2,4,3,\"NA\",\"NA\",2,3,2,\"NA\",1,3,\"NA\",4,2,\"NA\",\"NA\",2,2,10,\"NA\",\"NA\",3,4,5,8,\"NA\",\"NA\",4,5,5,5,4,4,\"NA\",3,5,2,5,5,4,4,8,5,7,4,6,2,1,2,3,1,2,2,0,\"NA\",2,\"NA\",\"NA\",0,0,2,\"NA\",1,2,\"NA\",\"NA\",0,\"NA\",2,1,1,1,0,1,1,0,2,1,1,0,3,\"NA\",1,\"NA\",0,1,1,1,\"NA\",3,1,2,4,4,2,\"NA\",4,7,9,2,3,5,5,4,8,7,5,1,1,6,4,6,2,5,5,5,5,3,2,2,3,3,1,1,1,1,1,0,0,0,\"NA\",0,\"NA\",2,\"NA\",1,\"NA\",0,0,0,0,0,\"NA\",0,0,0,0,0,\"NA\",\"NA\",0,0,0,1,\"NA\",1,0,0,0,0,1,1,0,1,1,1,0,\"NA\",0,\"NA\",0,\"NA\",1,\"NA\",0,1,1,0,2,1,0,1,0,1,1,1,\"NA\",1,1,1,1,0,1,1,4,2,2,4,\"NA\",\"NA\",2,2,\"NA\",4,3,1,1,3,3,4,\"NA\",\"NA\",5,7,0,6,5,7,\"NA\",1,6,6,5,\"NA\",\"NA\",\"NA\",0,1,2,1,0,2,1,1,1,\"NA\",\"NA\",\"NA\",0,0,1,1,0,0,1,0,0,0,0,0,\"NA\",\"NA\",\"NA\",\"NA\",\"NA\",\"NA\",\"NA\",\"NA\",\"NA\",\"NA\",\"NA\",\"NA\",\"NA\",\"NA\",\"NA\",\"NA\",1,\"NA\",\"NA\",\"NA\",1,0,2,1,3,1,0,\"NA\",\"NA\",0,0,0,1,2,\"NA\",2,0,0,0,0,1,0,\"NA\",\"NA\",1,0,\"NA\",0,\"NA\",0,0,0]},{\"type\":\"double\",\"attributes\":{\"tsp\":{\"type\":\"double\",\"attributes\":{},\"value\":[1,363,1]},\"class\":{\"type\":\"character\",\"attributes\":{},\"value\":[\"ts\"]}},\"value\":[0,0,0,0,0,0,1,0,1,0,1,2,2,1,0,0,0,0,1,0,0,0,1,2,3,\"NA\",0,0,1,0,6,8,4,\"NA\",8.12132034,6,8,3,3,1,\"NA\",2.58578644,4,7,6,1,2,4,2,1,1,\"NA\",2,2,2,2,\"NA\",\"NA\",2.69059892,5,1,2,2,4,\"NA\",\"NA\",2.57735027,2,3,\"NA\",1.70710678,1,\"NA\",3.29289322,4,\"NA\",\"NA\",2,2,2,\"NA\",\"NA\",7.04145188,3,4,5,\"NA\",\"NA\",6.30940108,4,5,5,5,4,\"NA\",3.70710678,3,5,2,5,5,4,4,8,5,7,4,6,2,1,2,3,1,2,2,\"NA\",0.58578644,\"NA\",\"NA\",1.15470054,1.11022302e-16,0,\"NA\",1.70710678,1,\"NA\",\"NA\",1.15470054,\"NA\",0.58578644,2,1,1,1,0,1,1,0,2,1,1,0,\"NA\",2.41421356,\"NA\",0.70710678,0,1,1,\"NA\",1.58578644,3,1,2,4,4,\"NA\",2.58578644,4,7,9,2,3,5,5,4,8,7,5,1,1,6,4,6,2,5,5,5,5,3,2,2,3,3,1,1,1,1,1,0,0,\"NA\",0,\"NA\",0.58578644,\"NA\",1.70710678,\"NA\",0.70710678,0,0,0,0,\"NA\",0,0,0,0,0,\"NA\",\"NA\",0,0,0,0,\"NA\",1,1,0,0,0,0,1,1,0,1,1,1,\"NA\",0,\"NA\",0,\"NA\",0.29289322,\"NA\",0.70710678,0,1,1,0,2,1,0,1,0,1,1,\"NA\",1,1,1,1,1,0,1,1,4,2,2,\"NA\",\"NA\",3.15470054,2,\"NA\",2.58578644,4,3,1,1,3,3,\"NA\",\"NA\",4.42264973,5,7,0,6,5,\"NA\",5.24264069,1,6,6,\"NA\",\"NA\",\"NA\",2.5,0,1,2,1,0,2,1,1,\"NA\",\"NA\",\"NA\",0.5,0,0,1,1,0,0,1,0,0,0,0,\"NA\",\"NA\",\"NA\",\"NA\",\"NA\",\"NA\",\"NA\",\"NA\",\"NA\",\"NA\",\"NA\",\"NA\",\"NA\",\"NA\",\"NA\",\"NA\",0.75746437,\"NA\",\"NA\",\"NA\",1,1,0,2,1,3,1,\"NA\",\"NA\",0,0,0,0,1,\"NA\",2,2,0,0,0,0,1,\"NA\",\"NA\",0.42264973,1,\"NA\",0,\"NA\",0,0,0]}]},{\"type\":\"double\",\"attributes\":{},\"value\":[95]},{\"type\":\"double\",\"attributes\":{\"tsp\":{\"type\":\"double\",\"attributes\":{},\"value\":[364,376,1]},\"class\":{\"type\":\"character\",\"attributes\":{},\"value\":[\"ts\"]}},\"value\":[0,0,0,0,0,0,0,0,0,0,0,0,0]},{\"type\":\"double\",\"attributes\":{\"dim\":{\"type\":\"integer\",\"attributes\":{},\"value\":[13,1]},\"dimnames\":{\"type\":\"list\",\"attributes\":{},\"value\":[{\"type\":\"NULL\"},{\"type\":\"character\",\"attributes\":{},\"value\":[\"95%\"]}]},\"tsp\":{\"type\":\"double\",\"attributes\":{},\"value\":[364,376,1]},\"class\":{\"type\":\"character\",\"attributes\":{},\"value\":[\"ts\"]}},\"value\":[-3.46511963,-4.90041918,-6.00176325,-6.93023926,-7.74824304,-8.48777499,-9.1678448,-9.80083835,-10.39535889,-10.95767039,-11.49250166,-12.0035265,-12.4936665]},{\"type\":\"double\",\"attributes\":{\"dim\":{\"type\":\"integer\",\"attributes\":{},\"value\":[13,1]},\"dimnames\":{\"type\":\"list\",\"attributes\":{},\"value\":[{\"type\":\"NULL\"},{\"type\":\"character\",\"attributes\":{},\"value\":[\"95%\"]}]},\"tsp\":{\"type\":\"double\",\"attributes\":{},\"value\":[364,376,1]},\"class\":{\"type\":\"character\",\"attributes\":{},\"value\":[\"ts\"]}},\"value\":[3.46511963,4.90041918,6.00176325,6.93023926,7.74824304,8.48777499,9.1678448,9.80083835,10.39535889,10.95767039,11.49250166,12.0035265,12.4936665]},{\"type\":\"integer\",\"attributes\":{\"tsp\":{\"type\":\"double\",\"attributes\":{},\"value\":[1,363,1]},\"class\":{\"type\":\"character\",\"attributes\":{},\"value\":[\"ts\"]}},\"value\":[0,0,0,0,0,1,0,1,0,1,2,2,1,0,0,0,0,1,0,0,0,1,2,3,0,\"NA\",0,1,0,6,8,4,9,\"NA\",6,8,3,3,1,2,\"NA\",4,7,6,1,2,4,2,1,1,2,\"NA\",2,2,2,1,\"NA\",\"NA\",5,1,2,2,4,3,\"NA\",\"NA\",2,3,2,\"NA\",1,3,\"NA\",4,2,\"NA\",\"NA\",2,2,10,\"NA\",\"NA\",3,4,5,8,\"NA\",\"NA\",4,5,5,5,4,4,\"NA\",3,5,2,5,5,4,4,8,5,7,4,6,2,1,2,3,1,2,2,0,\"NA\",2,\"NA\",\"NA\",0,0,2,\"NA\",1,2,\"NA\",\"NA\",0,\"NA\",2,1,1,1,0,1,1,0,2,1,1,0,3,\"NA\",1,\"NA\",0,1,1,1,\"NA\",3,1,2,4,4,2,\"NA\",4,7,9,2,3,5,5,4,8,7,5,1,1,6,4,6,2,5,5,5,5,3,2,2,3,3,1,1,1,1,1,0,0,0,\"NA\",0,\"NA\",2,\"NA\",1,\"NA\",0,0,0,0,0,\"NA\",0,0,0,0,0,\"NA\",\"NA\",0,0,0,1,\"NA\",1,0,0,0,0,1,1,0,1,1,1,0,\"NA\",0,\"NA\",0,\"NA\",1,\"NA\",0,1,1,0,2,1,0,1,0,1,1,1,\"NA\",1,1,1,1,0,1,1,4,2,2,4,\"NA\",\"NA\",2,2,\"NA\",4,3,1,1,3,3,4,\"NA\",\"NA\",5,7,0,6,5,7,\"NA\",1,6,6,5,\"NA\",\"NA\",\"NA\",0,1,2,1,0,2,1,1,1,\"NA\",\"NA\",\"NA\",0,0,1,1,0,0,1,0,0,0,0,0,\"NA\",\"NA\",\"NA\",\"NA\",\"NA\",\"NA\",\"NA\",\"NA\",\"NA\",\"NA\",\"NA\",\"NA\",\"NA\",\"NA\",\"NA\",\"NA\",1,\"NA\",\"NA\",\"NA\",1,0,2,1,3,1,0,\"NA\",\"NA\",0,0,0,1,2,\"NA\",2,0,0,0,0,1,0,\"NA\",\"NA\",1,0,\"NA\",0,\"NA\",0,0,0]},{\"type\":\"character\",\"attributes\":{},\"value\":[\"c(0L, 0L, 0L, 0L, 0L, 1L, 0L, 1L, 0L, 1L, 2L, 2L, 1L, 0L, 0L, \",\"0L, 0L, 1L, 0L, 0L, 0L, 1L, 2L, 3L, 0L, NA, 0L, 1L, 0L, 6L, 8L, \",\"4L, 9L, NA, 6L, 8L, 3L, 3L, 1L, 2L, NA, 4L, 7L, 6L, 1L, 2L, 4L, \",\"2L, 1L, 1L, 2L, NA, 2L, 2L, 2L, 1L, NA, NA, 5L, 1L, 2L, 2L, 4L, \",\"3L, NA, NA, 2L, 3L, 2L, NA, 1L, 3L, NA, 4L, 2L, NA, NA, 2L, 2L, \",\"10L, NA, NA, 3L, 4L, 5L, 8L, NA, NA, 4L, 5L, 5L, 5L, 4L, 4L, \",\"NA, 3L, 5L, 2L, 5L, 5L, 4L, 4L, 8L, 5L, 7L, 4L, 6L, 2L, 1L, 2L, \",\"3L, 1L, 2L, 2L, 0L, NA, 2L, NA, NA, 0L, 0L, 2L, NA, 1L, 2L, NA, \",\"NA, 0L, NA, 2L, 1L, 1L, 1L, 0L, 1L, 1L, 0L, 2L, 1L, 1L, 0L, 3L, \",\"NA, 1L, NA, 0L, 1L, 1L, 1L, NA, 3L, 1L, 2L, 4L, 4L, 2L, NA, 4L, \",\"7L, 9L, 2L, 3L, 5L, 5L, 4L, 8L, 7L, 5L, 1L, 1L, 6L, 4L, 6L, 2L, \",\"5L, 5L, 5L, 5L, 3L, 2L, 2L, 3L, 3L, 1L, 1L, 1L, 1L, 1L, 0L, 0L, \",\"0L, NA, 0L, NA, 2L, NA, 1L, NA, 0L, 0L, 0L, 0L, 0L, NA, 0L, 0L, \",\"0L, 0L, 0L, NA, NA, 0L, 0L, 0L, 1L, NA, 1L, 0L, 0L, 0L, 0L, 1L, \",\"1L, 0L, 1L, 1L, 1L, 0L, NA, 0L, NA, 0L, NA, 1L, NA, 0L, 1L, 1L, \",\"0L, 2L, 1L, 0L, 1L, 0L, 1L, 1L, 1L, NA, 1L, 1L, 1L, 1L, 0L, 1L, \",\"1L, 4L, 2L, 2L, 4L, NA, NA, 2L, 2L, NA, 4L, 3L, 1L, 1L, 3L, 3L, \",\"4L, NA, NA, 5L, 7L, 0L, 6L, 5L, 7L, NA, 1L, 6L, 6L, 5L, NA, NA, \",\"NA, 0L, 1L, 2L, 1L, 0L, 2L, 1L, 1L, 1L, NA, NA, NA, 0L, 0L, 1L, \",\"1L, 0L, 0L, 1L, 0L, 0L, 0L, 0L, 0L, NA, NA, NA, NA, NA, NA, NA, \",\"NA, NA, NA, NA, NA, NA, NA, NA, NA, 1L, NA, NA, NA, 1L, 0L, 2L, \",\"1L, 3L, 1L, 0L, NA, NA, 0L, 0L, 0L, 1L, 2L, NA, 2L, 0L, 0L, 0L, \",\"0L, 1L, 0L, NA, NA, 1L, 0L, NA, 0L, NA, 0L, 0L, 0L)\"]},{\"type\":\"double\",\"attributes\":{\"tsp\":{\"type\":\"double\",\"attributes\":{},\"value\":[1,363,1]},\"class\":{\"type\":\"character\",\"attributes\":{},\"value\":[\"ts\"]}},\"value\":[0,0,0,0,0,0,1,0,1,0,1,2,2,1,0,0,0,0,1,0,0,0,1,2,3,\"NA\",0,0,1,0,6,8,4,\"NA\",8.12132034,6,8,3,3,1,\"NA\",2.58578644,4,7,6,1,2,4,2,1,1,\"NA\",2,2,2,2,\"NA\",\"NA\",2.69059892,5,1,2,2,4,\"NA\",\"NA\",2.57735027,2,3,\"NA\",1.70710678,1,\"NA\",3.29289322,4,\"NA\",\"NA\",2,2,2,\"NA\",\"NA\",7.04145188,3,4,5,\"NA\",\"NA\",6.30940108,4,5,5,5,4,\"NA\",3.70710678,3,5,2,5,5,4,4,8,5,7,4,6,2,1,2,3,1,2,2,\"NA\",0.58578644,\"NA\",\"NA\",1.15470054,1.11022302e-16,0,\"NA\",1.70710678,1,\"NA\",\"NA\",1.15470054,\"NA\",0.58578644,2,1,1,1,0,1,1,0,2,1,1,0,\"NA\",2.41421356,\"NA\",0.70710678,0,1,1,\"NA\",1.58578644,3,1,2,4,4,\"NA\",2.58578644,4,7,9,2,3,5,5,4,8,7,5,1,1,6,4,6,2,5,5,5,5,3,2,2,3,3,1,1,1,1,1,0,0,\"NA\",0,\"NA\",0.58578644,\"NA\",1.70710678,\"NA\",0.70710678,0,0,0,0,\"NA\",0,0,0,0,0,\"NA\",\"NA\",0,0,0,0,\"NA\",1,1,0,0,0,0,1,1,0,1,1,1,\"NA\",0,\"NA\",0,\"NA\",0.29289322,\"NA\",0.70710678,0,1,1,0,2,1,0,1,0,1,1,\"NA\",1,1,1,1,1,0,1,1,4,2,2,\"NA\",\"NA\",3.15470054,2,\"NA\",2.58578644,4,3,1,1,3,3,\"NA\",\"NA\",4.42264973,5,7,0,6,5,\"NA\",5.24264069,1,6,6,\"NA\",\"NA\",\"NA\",2.5,0,1,2,1,0,2,1,1,\"NA\",\"NA\",\"NA\",0.5,0,0,1,1,0,0,1,0,0,0,0,\"NA\",\"NA\",\"NA\",\"NA\",\"NA\",\"NA\",\"NA\",\"NA\",\"NA\",\"NA\",\"NA\",\"NA\",\"NA\",\"NA\",\"NA\",\"NA\",0.75746437,\"NA\",\"NA\",\"NA\",1,1,0,2,1,3,1,\"NA\",\"NA\",0,0,0,0,1,\"NA\",2,2,0,0,0,0,1,\"NA\",\"NA\",0.42264973,1,\"NA\",0,\"NA\",0,0,0]},{\"type\":\"double\",\"attributes\":{\"tsp\":{\"type\":\"double\",\"attributes\":{},\"value\":[1,363,1]},\"class\":{\"type\":\"character\",\"attributes\":{},\"value\":[\"ts\"]}},\"value\":[0,0,0,0,0,1,-1,1,-1,1,1,0,-1,-1,0,0,0,1,-1,0,0,1,1,1,-3,\"NA\",0,1,-1,6,2,-4,5,\"NA\",-2.12132034,2,-5,0,-2,1,\"NA\",1.41421356,3,-1,-5,1,2,-2,-1,0,1,\"NA\",0,0,0,-1,\"NA\",\"NA\",2.30940108,-4,1,0,2,-1,\"NA\",\"NA\",-0.57735027,1,-1,\"NA\",-0.70710678,2,\"NA\",0.70710678,-2,\"NA\",\"NA\",0,0,8,\"NA\",\"NA\",-4.04145188,1,1,3,\"NA\",\"NA\",-2.30940108,1,0,0,-1,0,\"NA\",-0.70710678,2,-3,3,0,-1,0,4,-3,2,-3,2,-4,-1,1,1,-2,1,0,-2,\"NA\",1.41421356,\"NA\",\"NA\",-1.15470054,-1.11022302e-16,2,\"NA\",-0.70710678,1,\"NA\",\"NA\",-1.15470054,\"NA\",1.41421356,-1,-2.22044605e-16,0,-1,1,0,-1,2,-1,0,-1,3,\"NA\",-1.41421356,\"NA\",-0.70710678,1,0,0,\"NA\",1.41421356,-2,1,2,0,-2,\"NA\",1.41421356,3,2,-7,1,2,0,-1,4,-1,-2,-4,0,5,-2,2,-4,3,0,0,0,-2,-1,0,1,0,-2,0,0,0,0,-1,0,0,\"NA\",0,\"NA\",1.41421356,\"NA\",-0.70710678,\"NA\",-0.70710678,0,0,0,0,\"NA\",0,0,0,0,0,\"NA\",\"NA\",0,0,0,1,\"NA\",0,-1,0,0,0,1,0,-1,1,0,0,-1,\"NA\",0,\"NA\",0,\"NA\",0.70710678,\"NA\",-0.70710678,1,0,-1,2,-1,-1,1,-1,1,0,0,\"NA\",0,0,0,0,-1,1,0,3,-2,0,2,\"NA\",\"NA\",-1.15470054,-4.4408921e-16,\"NA\",1.41421356,-1,-2,0,2,0,1,\"NA\",\"NA\",0.57735027,2,-7,6,-1,2,\"NA\",-4.24264069,5,0,-1,\"NA\",\"NA\",\"NA\",-2.5,1,1,-1,-1,2,-1,0,0,\"NA\",\"NA\",\"NA\",-0.5,0,1,0,-1,0,1,-1,0,0,0,0,\"NA\",\"NA\",\"NA\",\"NA\",\"NA\",\"NA\",\"NA\",\"NA\",\"NA\",\"NA\",\"NA\",\"NA\",\"NA\",\"NA\",\"NA\",\"NA\",0.24253563,\"NA\",\"NA\",\"NA\",0,-1,2,-1,2,-2,-1,\"NA\",\"NA\",0,0,0,1,1,\"NA\",0,-2,0,0,0,1,-1,\"NA\",\"NA\",0.57735027,-1,\"NA\",0,\"NA\",0,0,0]}]}"]
