"currency","model","dataset","species","estimate","lower_pi","upper_pi","confidence_level","old_cast_id","forecast_id","origin","newmoonnumber","forecast_date","forecast_month","forecast_year","forecast_group","historic_start_newmoonnumber","historic_end_newmoonnumber","forecast_start_newmoonnumber","forecast_end_newmoonnumber","lead_time_newmoons","max_lag","lag_buffer"
"abundance","jags_RW","controls","RM",0.013,0,0.053,0.95,2054,"2054.15",,552,2022-01-13,2,2022,79,217,551,552,563,1,,
"abundance","jags_RW","controls","RM",0.026,0,0.088,0.95,2054,"2054.15",,553,2022-01-13,3,2022,79,217,551,552,563,2,,
"abundance","jags_RW","controls","RM",0.047,0,0.138,0.95,2054,"2054.15",,554,2022-01-13,4,2022,79,217,551,552,563,3,,
"abundance","jags_RW","controls","RM",0.074,0,0.188,0.95,2054,"2054.15",,555,2022-01-13,4,2022,79,217,551,552,563,4,,
"abundance","jags_RW","controls","RM",0.12,0,0.262,0.95,2054,"2054.15",,556,2022-01-13,5,2022,79,217,551,552,563,5,,
"abundance","jags_RW","controls","RM",0.191,0,0.34,0.95,2054,"2054.15",,557,2022-01-13,6,2022,79,217,551,552,563,6,,
"abundance","jags_RW","controls","RM",0.266,0,0.437,0.95,2054,"2054.15",,558,2022-01-13,7,2022,79,217,551,552,563,7,,
"abundance","jags_RW","controls","RM",0.353,0,0.529,0.95,2054,"2054.15",,559,2022-01-13,8,2022,79,217,551,552,563,8,,
"abundance","jags_RW","controls","RM",0.459,0,0.624,0.95,2054,"2054.15",,560,2022-01-13,9,2022,79,217,551,552,563,9,,
"abundance","jags_RW","controls","RM",0.551,0,0.72,0.95,2054,"2054.15",,561,2022-01-13,10,2022,79,217,551,552,563,10,,
"abundance","jags_RW","controls","RM",0.693,0,0.886,0.95,2054,"2054.15",,562,2022-01-13,11,2022,79,217,551,552,563,11,,
"abundance","jags_RW","controls","RM",0.856,0,1.021,0.95,2054,"2054.15",,563,2022-01-13,12,2022,79,217,551,552,563,12,,
