"currency","model","dataset","species","estimate","lower_pi","upper_pi","confidence_level","old_cast_id","forecast_id","origin","newmoonnumber","forecast_date","forecast_month","forecast_year","forecast_group","historic_start_newmoonnumber","historic_end_newmoonnumber","forecast_start_newmoonnumber","forecast_end_newmoonnumber","lead_time_newmoons","max_lag","lag_buffer"
"abundance","GPEDM","controls","RF",0,,,0.95,1055,"1055.16",,528,2020-07-30,2,2020,43,217,533,528,545,-5,,
"abundance","GPEDM","controls","RF",0,,,0.95,1055,"1055.16",,529,2020-07-30,3,2020,43,217,533,528,545,-4,,
"abundance","GPEDM","controls","RF",0,,,0.95,1055,"1055.16",,530,2020-07-30,4,2020,43,217,533,528,545,-3,,
"abundance","GPEDM","controls","RF",0,,,0.95,1055,"1055.16",,531,2020-07-30,5,2020,43,217,533,528,545,-2,,
"abundance","GPEDM","controls","RF",0,,,0.95,1055,"1055.16",,532,2020-07-30,6,2020,43,217,533,528,545,-1,,
"abundance","GPEDM","controls","RF",0,,,0.95,1055,"1055.16",,533,2020-07-30,7,2020,43,217,533,528,545,0,,
"abundance","GPEDM","controls","RF",0,,,0.95,1055,"1055.16",,534,2020-07-30,8,2020,43,217,533,528,545,1,,
"abundance","GPEDM","controls","RF",0,,,0.95,1055,"1055.16",,535,2020-07-30,9,2020,43,217,533,528,545,2,,
"abundance","GPEDM","controls","RF",0,,,0.95,1055,"1055.16",,536,2020-07-30,10,2020,43,217,533,528,545,3,,
"abundance","GPEDM","controls","RF",0,,,0.95,1055,"1055.16",,537,2020-07-30,11,2020,43,217,533,528,545,4,,
"abundance","GPEDM","controls","RF",0,,,0.95,1055,"1055.16",,538,2020-07-30,12,2020,43,217,533,528,545,5,,
"abundance","GPEDM","controls","RF",0,,,0.95,1055,"1055.16",,539,2020-07-30,1,2021,43,217,533,528,545,6,,
"abundance","GPEDM","controls","RF",0,,,0.95,1055,"1055.16",,540,2020-07-30,2,2021,43,217,533,528,545,7,,
"abundance","GPEDM","controls","RF",0,,,0.95,1055,"1055.16",,541,2020-07-30,3,2021,43,217,533,528,545,8,,
"abundance","GPEDM","controls","RF",0,,,0.95,1055,"1055.16",,542,2020-07-30,4,2021,43,217,533,528,545,9,,
"abundance","GPEDM","controls","RF",0,,,0.95,1055,"1055.16",,543,2020-07-30,5,2021,43,217,533,528,545,10,,
"abundance","GPEDM","controls","RF",0,,,0.95,1055,"1055.16",,544,2020-07-30,6,2021,43,217,533,528,545,11,,
"abundance","GPEDM","controls","RF",0,,,0.95,1055,"1055.16",,545,2020-07-30,7,2021,43,217,533,528,545,12,,
