"currency","model","dataset","species","estimate","lower_pi","upper_pi","confidence_level","old_cast_id","forecast_id","origin","newmoonnumber","forecast_date","forecast_month","forecast_year","forecast_group","historic_start_newmoonnumber","historic_end_newmoonnumber","forecast_start_newmoonnumber","forecast_end_newmoonnumber","lead_time_newmoons","max_lag","lag_buffer"
"abundance","GPEDM","controls","PH",0,,,0.95,470,"470.12",,527,2020-02-06,1,2020,21,217,527,527,539,0,,
"abundance","GPEDM","controls","PH",0,,,0.95,470,"470.12",,528,2020-02-06,2,2020,21,217,527,527,539,1,,
"abundance","GPEDM","controls","PH",0,,,0.95,470,"470.12",,529,2020-02-06,3,2020,21,217,527,527,539,2,,
"abundance","GPEDM","controls","PH",0,,,0.95,470,"470.12",,530,2020-02-06,4,2020,21,217,527,527,539,3,,
"abundance","GPEDM","controls","PH",0,,,0.95,470,"470.12",,531,2020-02-06,5,2020,21,217,527,527,539,4,,
"abundance","GPEDM","controls","PH",0,,,0.95,470,"470.12",,532,2020-02-06,6,2020,21,217,527,527,539,5,,
"abundance","GPEDM","controls","PH",0,,,0.95,470,"470.12",,533,2020-02-06,7,2020,21,217,527,527,539,6,,
"abundance","GPEDM","controls","PH",0,,,0.95,470,"470.12",,534,2020-02-06,8,2020,21,217,527,527,539,7,,
"abundance","GPEDM","controls","PH",0,,,0.95,470,"470.12",,535,2020-02-06,9,2020,21,217,527,527,539,8,,
"abundance","GPEDM","controls","PH",0,,,0.95,470,"470.12",,536,2020-02-06,10,2020,21,217,527,527,539,9,,
"abundance","GPEDM","controls","PH",0,,,0.95,470,"470.12",,537,2020-02-06,11,2020,21,217,527,527,539,10,,
"abundance","GPEDM","controls","PH",0,,,0.95,470,"470.12",,538,2020-02-06,12,2020,21,217,527,527,539,11,,
"abundance","GPEDM","controls","PH",0,,,0.95,470,"470.12",,539,2020-02-06,1,2021,21,217,527,527,539,12,,
