["{\"type\":\"list\",\"attributes\":{\"names\":{\"type\":\"character\",\"attributes\":{},\"value\":[\"Point.Forecast\",\"Lo.95\",\"Hi.95\",\"moon\",\"model\",\"dataset\",\"species\",\"forecast_id\"]}},\"value\":[{\"type\":\"double\",\"attributes\":{},\"value\":[0,0,0,0,0,0,0,0,0,0,0,0,0,0]},{\"type\":\"double\",\"attributes\":{},\"value\":[-2.04556981,-2.89287256,-3.54303084,-4.09113961,-4.57403314,-5.01060226,-5.412069,-5.78574513,-6.13670942,-6.4686597,-6.78438753,-7.08606167,-7.37540683,-7.65382138]},{\"type\":\"double\",\"attributes\":{},\"value\":[2.04556981,2.89287256,3.54303084,4.09113961,4.57403314,5.01060226,5.412069,5.78574513,6.13670942,6.4686597,6.78438753,7.08606167,7.37540683,7.65382138]},{\"type\":\"integer\",\"attributes\":{},\"value\":[524,525,526,527,528,529,530,531,532,533,534,535,536,537]},{\"type\":\"character\",\"attributes\":{},\"value\":[\"NaiveArima\"]},{\"type\":\"character\",\"attributes\":{},\"value\":[\"all\"]},{\"type\":\"character\",\"attributes\":{},\"value\":[\"PL\"]},{\"type\":\"character\",\"attributes\":{},\"value\":[\"142.13\"]}]}"]
