["{\"type\":\"list\",\"attributes\":{\"names\":{\"type\":\"character\",\"attributes\":{},\"value\":[\"Point.Forecast\",\"Lo.95\",\"Hi.95\",\"moon\",\"model\",\"dataset\",\"species\",\"forecast_id\"]}},\"value\":[{\"type\":\"double\",\"attributes\":{},\"value\":[0,0,0,0,0,0,0,0,0,0,0,0,0,0]},{\"type\":\"double\",\"attributes\":{},\"value\":[-4.04573293,-5.72153039,-7.007415,-8.09146587,-9.04653386,-9.90998132,-10.70400321,-11.44306077,-12.1371988,-12.79373088,-13.41817814,-14.01482999,-14.58709754,-15.13774652]},{\"type\":\"double\",\"attributes\":{},\"value\":[4.04573293,5.72153039,7.007415,8.09146587,9.04653386,9.90998132,10.70400321,11.44306077,12.1371988,12.79373088,13.41817814,14.01482999,14.58709754,15.13774652]},{\"type\":\"integer\",\"attributes\":{},\"value\":[524,525,526,527,528,529,530,531,532,533,534,535,536,537]},{\"type\":\"character\",\"attributes\":{},\"value\":[\"NaiveArima\"]},{\"type\":\"character\",\"attributes\":{},\"value\":[\"controls\"]},{\"type\":\"character\",\"attributes\":{},\"value\":[\"PB\"]},{\"type\":\"character\",\"attributes\":{},\"value\":[\"143.08\"]}]}"]
