["{\"type\":\"list\",\"attributes\":{\"names\":{\"type\":\"character\",\"attributes\":{},\"value\":[\"Point.Forecast\",\"Lo.95\",\"Hi.95\",\"moon\",\"model\",\"dataset\",\"species\",\"forecast_id\"]}},\"value\":[{\"type\":\"double\",\"attributes\":{},\"value\":[0,0,0,0,0,0,0,0,0,0,0,0,0,0]},{\"type\":\"double\",\"attributes\":{},\"value\":[-1.24286508,-1.75767665,-2.15270546,-2.48573015,-2.7791308,-3.04438526,-3.28831191,-3.5153533,-3.72859523,-3.93028447,-4.12211713,-4.30541092,-4.48121376,-4.6503753]},{\"type\":\"double\",\"attributes\":{},\"value\":[1.24286508,1.75767665,2.15270546,2.48573015,2.7791308,3.04438526,3.28831191,3.5153533,3.72859523,3.93028447,4.12211713,4.30541092,4.48121376,4.6503753]},{\"type\":\"integer\",\"attributes\":{},\"value\":[524,525,526,527,528,529,530,531,532,533,534,535,536,537]},{\"type\":\"character\",\"attributes\":{},\"value\":[\"NaiveArima\"]},{\"type\":\"character\",\"attributes\":{},\"value\":[\"exclosures\"]},{\"type\":\"character\",\"attributes\":{},\"value\":[\"OT\"]},{\"type\":\"character\",\"attributes\":{},\"value\":[\"189.06\"]}]}"]
