"currency","model","dataset","species","estimate","lower_pi","upper_pi","confidence_level","old_cast_id","forecast_id","origin","newmoonnumber","forecast_date","forecast_month","forecast_year","forecast_group","historic_start_newmoonnumber","historic_end_newmoonnumber","forecast_start_newmoonnumber","forecast_end_newmoonnumber","lead_time_newmoons","max_lag","lag_buffer"
"abundance","jags_RW","controls","SF",0.013,0,0.061,0.95,2224,"2224.17",,552,2022-03-10,1,2022,85,217,553,552,565,-1,,
"abundance","jags_RW","controls","SF",0.02,0,0.083,0.95,2224,"2224.17",,553,2022-03-10,3,2022,85,217,553,552,565,0,,
"abundance","jags_RW","controls","SF",0.032,0,0.108,0.95,2224,"2224.17",,554,2022-03-10,4,2022,85,217,553,552,565,1,,
"abundance","jags_RW","controls","SF",0.047,0,0.149,0.95,2224,"2224.17",,555,2022-03-10,4,2022,85,217,553,552,565,2,,
"abundance","jags_RW","controls","SF",0.069,0,0.185,0.95,2224,"2224.17",,556,2022-03-10,5,2022,85,217,553,552,565,3,,
"abundance","jags_RW","controls","SF",0.08,0,0.225,0.95,2224,"2224.17",,557,2022-03-10,6,2022,85,217,553,552,565,4,,
"abundance","jags_RW","controls","SF",0.095,0,0.269,0.95,2224,"2224.17",,558,2022-03-10,7,2022,85,217,553,552,565,5,,
"abundance","jags_RW","controls","SF",0.139,0,0.325,0.95,2224,"2224.17",,559,2022-03-10,8,2022,85,217,553,552,565,6,,
"abundance","jags_RW","controls","SF",0.185,0,0.367,0.95,2224,"2224.17",,560,2022-03-10,9,2022,85,217,553,552,565,7,,
"abundance","jags_RW","controls","SF",0.207,0,0.43,0.95,2224,"2224.17",,561,2022-03-10,10,2022,85,217,553,552,565,8,,
"abundance","jags_RW","controls","SF",0.245,0,0.476,0.95,2224,"2224.17",,562,2022-03-10,11,2022,85,217,553,552,565,9,,
"abundance","jags_RW","controls","SF",0.303,0,0.55,0.95,2224,"2224.17",,563,2022-03-10,12,2022,85,217,553,552,565,10,,
"abundance","jags_RW","controls","SF",0.359,0,0.628,0.95,2224,"2224.17",,564,2022-03-10,1,2023,85,217,553,552,565,11,,
"abundance","jags_RW","controls","SF",0.43,0,0.706,0.95,2224,"2224.17",,565,2022-03-10,2,2023,85,217,553,552,565,12,,
