["{\"type\":\"list\",\"attributes\":{\"names\":{\"type\":\"character\",\"attributes\":{},\"value\":[\"Point.Forecast\",\"Lo.95\",\"Hi.95\",\"moon\",\"model\",\"dataset\",\"species\",\"forecast_id\"]}},\"value\":[{\"type\":\"double\",\"attributes\":{},\"value\":[0.60754293,0.60754293,0.60754293,0.60754293,0.60754293,0.60754293,0.60754293,0.60754293,0.60754293,0.60754293,0.60754293,0.60754293,0.60754293]},{\"type\":\"double\",\"attributes\":{},\"value\":[-0.74697209,-0.97730862,-1.17817762,-1.35863137,-1.5238615,-1.67717331,-1.8208252,-1.95644132,-2.08523607,-2.20814565,-2.32590993,-2.4391256,-2.54828226]},{\"type\":\"double\",\"attributes\":{},\"value\":[1.96205795,2.19239447,2.39326347,2.57371722,2.73894735,2.89225916,3.03591105,3.17152718,3.30032192,3.4232315,3.54099578,3.65421145,3.76336811]},{\"type\":\"integer\",\"attributes\":{},\"value\":[524,525,526,527,528,529,530,531,532,533,534,535,536]},{\"type\":\"character\",\"attributes\":{},\"value\":[\"ESSS\"]},{\"type\":\"character\",\"attributes\":{},\"value\":[\"controls\"]},{\"type\":\"character\",\"attributes\":{},\"value\":[\"OL\"]},{\"type\":\"character\",\"attributes\":{},\"value\":[\"50.06\"]}]}"]
