["{\"type\":\"list\",\"attributes\":{\"names\":{\"type\":\"character\",\"attributes\":{},\"value\":[\"Point.Forecast\",\"Lo.95\",\"Hi.95\",\"moon\",\"model\",\"dataset\",\"species\",\"forecast_id\"]}},\"value\":[{\"type\":\"double\",\"attributes\":{},\"value\":[1,1,1,1,1,1,1,1,1,1,1,1,1]},{\"type\":\"double\",\"attributes\":{},\"value\":[-1.19043661,-2.09774517,-2.7939475,-3.38087323,-3.89796517,-4.36545202,-4.79535054,-5.19549033,-5.57130984,-5.92676877,-6.26485637,-6.58789501,-6.89773152]},{\"type\":\"double\",\"attributes\":{},\"value\":[3.19043661,4.09774517,4.7939475,5.38087323,5.89796517,6.36545202,6.79535054,7.19549033,7.57130984,7.92676877,8.26485637,8.58789501,8.89773152]},{\"type\":\"integer\",\"attributes\":{},\"value\":[524,525,526,527,528,529,530,531,532,533,534,535,536]},{\"type\":\"character\",\"attributes\":{},\"value\":[\"NaiveArima\"]},{\"type\":\"character\",\"attributes\":{},\"value\":[\"exclosures\"]},{\"type\":\"character\",\"attributes\":{},\"value\":[\"PF\"]},{\"type\":\"character\",\"attributes\":{},\"value\":[\"54.09\"]}]}"]
