["{\"type\":\"list\",\"attributes\":{\"names\":{\"type\":\"character\",\"attributes\":{},\"value\":[\"Point.Forecast\",\"Lo.95\",\"Hi.95\",\"moon\",\"model\",\"dataset\",\"species\",\"forecast_id\"]}},\"value\":[{\"type\":\"double\",\"attributes\":{},\"value\":[1,1,1,1,1,1,1,1,1,1,1,1,1]},{\"type\":\"double\",\"attributes\":{},\"value\":[-0.4012928,-0.98172728,-1.42711033,-1.8025856,-2.13338596,-2.43245234,-2.70747227,-2.96345457,-3.2038784,-3.43127692,-3.64756244,-3.85422066,-4.05243305]},{\"type\":\"double\",\"attributes\":{},\"value\":[2.4012928,2.98172728,3.42711033,3.8025856,4.13338596,4.43245234,4.70747227,4.96345457,5.2038784,5.43127692,5.64756244,5.85422066,6.05243305]},{\"type\":\"integer\",\"attributes\":{},\"value\":[524,525,526,527,528,529,530,531,532,533,534,535,536]},{\"type\":\"character\",\"attributes\":{},\"value\":[\"AutoArima\"]},{\"type\":\"character\",\"attributes\":{},\"value\":[\"controls\"]},{\"type\":\"character\",\"attributes\":{},\"value\":[\"OL\"]},{\"type\":\"character\",\"attributes\":{},\"value\":[\"47.06\"]}]}"]
