["{\"type\":\"list\",\"attributes\":{\"names\":{\"type\":\"character\",\"attributes\":{},\"value\":[\"Point.Forecast\",\"Lo.95\",\"Hi.95\",\"moon\",\"model\",\"dataset\",\"species\",\"forecast_id\"]}},\"value\":[{\"type\":\"double\",\"attributes\":{},\"value\":[12,12,12,12,12,12,12,12,12,12,12,12,12,12,12]},{\"type\":\"double\",\"attributes\":{},\"value\":[-0.66350943,-5.90801118,-9.93237921,-13.32511898,-16.31420217,-19.01655103,-21.50162431,-23.8146789,-25.98715069,-28.04192816,-29.99629036,-31.86366147,-33.65471707,-35.37811293,-37.04098263]},{\"type\":\"double\",\"attributes\":{},\"value\":[24.66350943,29.90801118,33.93237921,37.32511898,40.31420217,43.01655103,45.50162431,47.8146789,49.98715069,52.04192816,53.99629036,55.86366147,57.65471707,59.37811293,61.04098263]},{\"type\":\"integer\",\"attributes\":{},\"value\":[524,525,526,527,528,529,530,531,532,533,534,535,536,537,538]},{\"type\":\"character\",\"attributes\":{},\"value\":[\"ESSS\"]},{\"type\":\"character\",\"attributes\":{},\"value\":[\"exclosures\"]},{\"type\":\"character\",\"attributes\":{},\"value\":[\"RF\"]},{\"type\":\"character\",\"attributes\":{},\"value\":[\"207.15\"]}]}"]
