"currency","model","confidence_level","dataset","species","estimate","lower_pi","upper_pi","old_cast_id","forecast_id","origin","newmoonnumber","forecast_date","forecast_month","forecast_year","forecast_group","historic_start_newmoonnumber","historic_end_newmoonnumber","forecast_start_newmoonnumber","forecast_end_newmoonnumber","lead_time_newmoons","max_lag","lag_buffer"
"abundance","nbGARCH",0.95,"controls","BA",0.148621699735995,0,1,2549,"2549.01",,555,2022-06-02,4,2022,97,217,556,555,568,-1,,
"abundance","nbGARCH",0.95,"controls","BA",0.170352594711789,0,1,2549,"2549.01",,556,2022-06-02,5,2022,97,217,556,555,568,0,,
"abundance","nbGARCH",0.95,"controls","BA",0.173526298718357,0,1,2549,"2549.01",,557,2022-06-02,6,2022,97,217,556,555,568,1,,
"abundance","nbGARCH",0.95,"controls","BA",0.173989729566836,0,2,2549,"2549.01",,558,2022-06-02,7,2022,97,217,556,555,568,2,,
"abundance","nbGARCH",0.95,"controls","BA",0.17405739911367,0,2,2549,"2549.01",,559,2022-06-02,8,2022,97,217,556,555,568,3,,
"abundance","nbGARCH",0.95,"controls","BA",0.174067280095717,0,1,2549,"2549.01",,560,2022-06-02,9,2022,97,217,556,555,568,4,,
"abundance","nbGARCH",0.95,"controls","BA",0.174068722897713,0,1,2549,"2549.01",,561,2022-06-02,10,2022,97,217,556,555,568,5,,
"abundance","nbGARCH",0.95,"controls","BA",0.174068933572871,0,1,2549,"2549.01",,562,2022-06-02,11,2022,97,217,556,555,568,6,,
"abundance","nbGARCH",0.95,"controls","BA",0.174068964335244,0,2,2549,"2549.01",,563,2022-06-02,12,2022,97,217,556,555,568,7,,
"abundance","nbGARCH",0.95,"controls","BA",0.174068968827112,0,2,2549,"2549.01",,564,2022-06-02,1,2023,97,217,556,555,568,8,,
"abundance","nbGARCH",0.95,"controls","BA",0.174068969483,0,1,2549,"2549.01",,565,2022-06-02,2,2023,97,217,556,555,568,9,,
"abundance","nbGARCH",0.95,"controls","BA",0.174068969578771,0,2,2549,"2549.01",,566,2022-06-02,3,2023,97,217,556,555,568,10,,
"abundance","nbGARCH",0.95,"controls","BA",0.174068969592756,0,2,2549,"2549.01",,567,2022-06-02,4,2023,97,217,556,555,568,11,,
"abundance","nbGARCH",0.95,"controls","BA",0.174368629393847,0,2,2549,"2549.01",,568,2022-06-02,5,2023,97,217,556,555,568,12,,
