["{\"type\":\"list\",\"attributes\":{\"names\":{\"type\":\"character\",\"attributes\":{},\"value\":[\"method\",\"model\",\"level\",\"mean\",\"lower\",\"upper\",\"x\",\"series\",\"fitted\",\"residuals\"]},\"class\":{\"type\":\"character\",\"attributes\":{},\"value\":[\"forecast\"]}},\"value\":[{\"type\":\"character\",\"attributes\":{},\"value\":[\"ARIMA(0,1,0)\"]},{\"type\":\"list\",\"attributes\":{\"names\":{\"type\":\"character\",\"attributes\":{},\"value\":[\"coef\",\"sigma2\",\"var.coef\",\"mask\",\"loglik\",\"aic\",\"arma\",\"residuals\",\"call\",\"series\",\"code\",\"n.cond\",\"nobs\",\"model\",\"aicc\",\"bic\",\"x\",\"fitted\"]},\"class\":{\"type\":\"character\",\"attributes\":{},\"value\":[\"forecast_ARIMA\",\"ARIMA\",\"Arima\"]}},\"value\":[{\"type\":\"double\",\"attributes\":{},\"value\":[]},{\"type\":\"double\",\"attributes\":{},\"value\":[32.40209838]},{\"type\":\"double\",\"attributes\":{},\"value\":[]},{\"type\":\"logical\",\"attributes\":{},\"value\":[]},{\"type\":\"double\",\"attributes\":{},\"value\":[-920.52921557]},{\"type\":\"double\",\"attributes\":{},\"value\":[1843.05843114]},{\"type\":\"integer\",\"attributes\":{},\"value\":[0,0,0,0,1,1,0]},{\"type\":\"double\",\"attributes\":{\"tsp\":{\"type\":\"double\",\"attributes\":{},\"value\":[1,365,1]},\"class\":{\"type\":\"character\",\"attributes\":{},\"value\":[\"ts\"]}},\"value\":[0,0,0,0,1,-1,1,0,5,1,2,-4,3,-7,3,1,-2,0,2,0,-1,22,-4,-4,-6,\"NA\",4.94974747,1,-4,13,4,-6,-11,\"NA\",10.60660172,-10,6,-8,2,-5,\"NA\",-4.24264069,4,-2,-2,0,0,14,-5,-4,6,\"NA\",-5.65685425,-2,1,-5,\"NA\",\"NA\",-3.46410162,5,7,-7,1,2,\"NA\",\"NA\",1.15470054,-3,3,\"NA\",4.94974747,7,\"NA\",-1.41421356,5,\"NA\",\"NA\",-11.54700538,-2,0,\"NA\",\"NA\",9.81495458,-1,16,-10,\"NA\",\"NA\",-10.39230485,0,2,-6,0,5,\"NA\",-3.53553391,1,14,-3,-9,6,-1,4,18,-7,-1,-3,1,3,-5,-1,-10,2,-6,2,\"NA\",-1.41421356,\"NA\",\"NA\",0.57735027,-6,11,\"NA\",-0.70710678,-5,\"NA\",\"NA\",0.57735027,\"NA\",-2.12132034,4,-3,6,5,11,-13,0,-4,-7,2,-4,-1,\"NA\",-0.70710678,\"NA\",-0.70710678,2,2,-2,\"NA\",0,8,-5,8,2,10,\"NA\",16.26345597,3,11,-32,-13,-6,3,-5,4,0,-2,-6,3,2,1,-5,-2,1,-3,0,4,-5,-1,1,3,0,-1,-1,1,2,-2,-2,-1,-1,\"NA\",1.41421356,\"NA\",-1.41421356,\"NA\",0.70710678,\"NA\",2.12132034,-1,-1,1,1,\"NA\",-2.12132034,-1,0,3,2,\"NA\",\"NA\",-2.30940108,-2.22044605e-16,1,0,\"NA\",2.82842712,-2,4,1,3,-2,-7,2,-3,1,1,-2,\"NA\",-1.41421356,\"NA\",1.41421356,\"NA\",0,\"NA\",2.12132034,-4,1,-2,4,-4,2,3,1,4,4,1,\"NA\",-2.12132034,4,-3,-2,7,-7,-1,9,0,8,5,\"NA\",\"NA\",-17.89785834,2,\"NA\",1.41421356,-3,0,2,0,3,3,\"NA\",\"NA\",-0.57735027,-3,5,-3,3,-3,\"NA\",4.94974747,0,11,10,\"NA\",\"NA\",\"NA\",-11,-3,0,-3,-1,0,2,0,-8,\"NA\",\"NA\",\"NA\",0.5,1,-1,-1,4,-1,0,6,-4,3,-4,3,\"NA\",\"NA\",\"NA\",\"NA\",\"NA\",\"NA\",\"NA\",\"NA\",\"NA\",\"NA\",\"NA\",\"NA\",\"NA\",\"NA\",\"NA\",\"NA\",-1.940285,\"NA\",\"NA\",\"NA\",0.5,-1,2,0,0,-2,1,\"NA\",\"NA\",-0.57735027,1,1,8,15,\"NA\",-9.89949494,3,5,-7,14,5,3,\"NA\",\"NA\",5.77350269,4,\"NA\",-17.67766953,\"NA\",-11.3137085,-3,-1,-1,2]},{\"type\":\"language\",\"attributes\":{},\"value\":[\"Arima(y = c(0L, 0L, 0L, 0L, 1L, 0L, 1L, 1L, 6L, 7L, 9L, 5L, 8L, \",\"1L, 4L, 5L, 3L, 3L, 5L, 5L, 4L, 26L, 22L, 18L, 12L, NA, 19L, \",\"20L, 16L, 29L, 33L, 27L, 16L, NA, 31L, 21L, 27L, 19L, 21L, 16L, \",\"NA, 10L, 14L, 12L, 10L, 10L, 10L, 24L, 19L, 15L, 21L, NA, 13L, \",\"11L, 12L, 7L, NA, NA, 1L, 6L, 13L, 6L, 7L, 9L, NA, NA, 11L, 8L, \",\"11L, NA, 18L, 25L, NA, 23L, 28L, NA, NA, 8L, 6L, 6L, NA, NA, \",\"23L, 22L, 38L, 28L, NA, NA, 10L, 10L, 12L, 6L, 6L, 11L, NA, 6L, \",\"7L, 21L, 18L, 9L, 15L, 14L, 18L, 36L, 29L, 28L, 25L, 26L, 29L, \",\"24L, 23L, 13L, 15L, 9L, 11L, NA, 9L, NA, NA, 10L, 4L, 15L, NA, \",\"14L, 9L, NA, NA, 10L, NA, 7L, 11L, 8L, 14L, 19L, 30L, 17L, 17L, \",\"13L, 6L, 8L, 4L, 3L, NA, 2L, NA, 1L, 3L, 5L, 3L, NA, 3L, 11L, \",\"6L, 14L, 16L, 26L, NA, 49L, 52L, 63L, 31L, 18L, 12L, 15L, 10L, \",\"14L, 14L, 12L, 6L, 9L, 11L, 12L, 7L, 5L, 6L, 3L, 3L, 7L, 2L, \",\"1L, 2L, 5L, 5L, 4L, 3L, 4L, 6L, 4L, 2L, 1L, 0L, NA, 2L, NA, 0L, \",\"NA, 1L, NA, 4L, 3L, 2L, 3L, 4L, NA, 1L, 0L, 0L, 3L, 5L, NA, NA, \",\"1L, 1L, 2L, 2L, NA, 6L, 4L, 8L, 9L, 12L, 10L, 3L, 5L, 2L, 3L, \",\"4L, 2L, NA, 0L, NA, 2L, NA, 2L, NA, 5L, 1L, 2L, 0L, 4L, 0L, 2L, \",\"5L, 6L, 10L, 14L, 15L, NA, 12L, 16L, 13L, 11L, 18L, 11L, 10L, \",\"19L, 19L, 27L, 32L, NA, NA, 1L, 3L, NA, 5L, 2L, 2L, 4L, 4L, 7L, \",\"10L, NA, NA, 9L, 6L, 11L, 8L, 11L, 8L, NA, 15L, 15L, 26L, 36L, \",\"NA, NA, NA, 14L, 11L, 11L, 8L, 7L, 7L, 9L, 9L, 1L, NA, NA, NA, \",\"2L, 3L, 2L, 1L, 5L, 4L, 4L, 10L, 6L, 9L, 5L, 8L, NA, NA, NA, \",\"NA, NA, NA, NA, NA, NA, NA, NA, NA, NA, NA, NA, NA, 0L, NA, NA, \",\"NA, 1L, 0L, 2L, 2L, 2L, 0L, 1L, NA, NA, 0L, 1L, 2L, 10L, 25L, \",\"NA, 11L, 14L, 19L, 12L, 26L, 31L, 34L, NA, NA, 44L, 48L, NA, \",\"23L, NA, 7L, 4L, 3L, 2L, 4L), order = c(0, 1, 0))\"]},{\"type\":\"character\",\"attributes\":{},\"value\":[\"c(0L, 0L, 0L, 0L, 1L, 0L, 1L, 1L, 6L, 7L, 9L, 5L, 8L, 1L, 4L, \",\"5L, 3L, 3L, 5L, 5L, 4L, 26L, 22L, 18L, 12L, NA, 19L, 20L, 16L, \",\"29L, 33L, 27L, 16L, NA, 31L, 21L, 27L, 19L, 21L, 16L, NA, 10L, \",\"14L, 12L, 10L, 10L, 10L, 24L, 19L, 15L, 21L, NA, 13L, 11L, 12L, \",\"7L, NA, NA, 1L, 6L, 13L, 6L, 7L, 9L, NA, NA, 11L, 8L, 11L, NA, \",\"18L, 25L, NA, 23L, 28L, NA, NA, 8L, 6L, 6L, NA, NA, 23L, 22L, \",\"38L, 28L, NA, NA, 10L, 10L, 12L, 6L, 6L, 11L, NA, 6L, 7L, 21L, \",\"18L, 9L, 15L, 14L, 18L, 36L, 29L, 28L, 25L, 26L, 29L, 24L, 23L, \",\"13L, 15L, 9L, 11L, NA, 9L, NA, NA, 10L, 4L, 15L, NA, 14L, 9L, \",\"NA, NA, 10L, NA, 7L, 11L, 8L, 14L, 19L, 30L, 17L, 17L, 13L, 6L, \",\"8L, 4L, 3L, NA, 2L, NA, 1L, 3L, 5L, 3L, NA, 3L, 11L, 6L, 14L, \",\"16L, 26L, NA, 49L, 52L, 63L, 31L, 18L, 12L, 15L, 10L, 14L, 14L, \",\"12L, 6L, 9L, 11L, 12L, 7L, 5L, 6L, 3L, 3L, 7L, 2L, 1L, 2L, 5L, \",\"5L, 4L, 3L, 4L, 6L, 4L, 2L, 1L, 0L, NA, 2L, NA, 0L, NA, 1L, NA, \",\"4L, 3L, 2L, 3L, 4L, NA, 1L, 0L, 0L, 3L, 5L, NA, NA, 1L, 1L, 2L, \",\"2L, NA, 6L, 4L, 8L, 9L, 12L, 10L, 3L, 5L, 2L, 3L, 4L, 2L, NA, \",\"0L, NA, 2L, NA, 2L, NA, 5L, 1L, 2L, 0L, 4L, 0L, 2L, 5L, 6L, 10L, \",\"14L, 15L, NA, 12L, 16L, 13L, 11L, 18L, 11L, 10L, 19L, 19L, 27L, \",\"32L, NA, NA, 1L, 3L, NA, 5L, 2L, 2L, 4L, 4L, 7L, 10L, NA, NA, \",\"9L, 6L, 11L, 8L, 11L, 8L, NA, 15L, 15L, 26L, 36L, NA, NA, NA, \",\"14L, 11L, 11L, 8L, 7L, 7L, 9L, 9L, 1L, NA, NA, NA, 2L, 3L, 2L, \",\"1L, 5L, 4L, 4L, 10L, 6L, 9L, 5L, 8L, NA, NA, NA, NA, NA, NA, \",\"NA, NA, NA, NA, NA, NA, NA, NA, NA, NA, 0L, NA, NA, NA, 1L, 0L, \",\"2L, 2L, 2L, 0L, 1L, NA, NA, 0L, 1L, 2L, 10L, 25L, NA, 11L, 14L, \",\"19L, 12L, 26L, 31L, 34L, NA, NA, 44L, 48L, NA, 23L, NA, 7L, 4L, \",\"3L, 2L, 4L)\"]},{\"type\":\"double\",\"attributes\":{},\"value\":[0]},{\"type\":\"double\",\"attributes\":{},\"value\":[0]},{\"type\":\"integer\",\"attributes\":{},\"value\":[285]},{\"type\":\"list\",\"attributes\":{\"names\":{\"type\":\"character\",\"attributes\":{},\"value\":[\"phi\",\"theta\",\"Delta\",\"Z\",\"a\",\"P\",\"T\",\"V\",\"h\",\"Pn\"]}},\"value\":[{\"type\":\"double\",\"attributes\":{},\"value\":[]},{\"type\":\"double\",\"attributes\":{},\"value\":[]},{\"type\":\"double\",\"attributes\":{},\"value\":[1]},{\"type\":\"double\",\"attributes\":{},\"value\":[1,1]},{\"type\":\"double\",\"attributes\":{},\"value\":[2,2]},{\"type\":\"double\",\"attributes\":{\"dim\":{\"type\":\"integer\",\"attributes\":{},\"value\":[2,2]}},\"value\":[0,0,0,0]},{\"type\":\"double\",\"attributes\":{\"dim\":{\"type\":\"integer\",\"attributes\":{},\"value\":[2,2]}},\"value\":[0,1,0,1]},{\"type\":\"double\",\"attributes\":{\"dim\":{\"type\":\"integer\",\"attributes\":{},\"value\":[2,2]}},\"value\":[1,0,0,0]},{\"type\":\"double\",\"attributes\":{},\"value\":[0]},{\"type\":\"double\",\"attributes\":{\"dim\":{\"type\":\"integer\",\"attributes\":{},\"value\":[2,2]}},\"value\":[1,0,0,0]}]},{\"type\":\"double\",\"attributes\":{},\"value\":[1843.07256541]},{\"type\":\"double\",\"attributes\":{},\"value\":[1846.71092032]},{\"type\":\"integer\",\"attributes\":{\"tsp\":{\"type\":\"double\",\"attributes\":{},\"value\":[1,365,1]},\"class\":{\"type\":\"character\",\"attributes\":{},\"value\":[\"ts\"]}},\"value\":[0,0,0,0,1,0,1,1,6,7,9,5,8,1,4,5,3,3,5,5,4,26,22,18,12,\"NA\",19,20,16,29,33,27,16,\"NA\",31,21,27,19,21,16,\"NA\",10,14,12,10,10,10,24,19,15,21,\"NA\",13,11,12,7,\"NA\",\"NA\",1,6,13,6,7,9,\"NA\",\"NA\",11,8,11,\"NA\",18,25,\"NA\",23,28,\"NA\",\"NA\",8,6,6,\"NA\",\"NA\",23,22,38,28,\"NA\",\"NA\",10,10,12,6,6,11,\"NA\",6,7,21,18,9,15,14,18,36,29,28,25,26,29,24,23,13,15,9,11,\"NA\",9,\"NA\",\"NA\",10,4,15,\"NA\",14,9,\"NA\",\"NA\",10,\"NA\",7,11,8,14,19,30,17,17,13,6,8,4,3,\"NA\",2,\"NA\",1,3,5,3,\"NA\",3,11,6,14,16,26,\"NA\",49,52,63,31,18,12,15,10,14,14,12,6,9,11,12,7,5,6,3,3,7,2,1,2,5,5,4,3,4,6,4,2,1,0,\"NA\",2,\"NA\",0,\"NA\",1,\"NA\",4,3,2,3,4,\"NA\",1,0,0,3,5,\"NA\",\"NA\",1,1,2,2,\"NA\",6,4,8,9,12,10,3,5,2,3,4,2,\"NA\",0,\"NA\",2,\"NA\",2,\"NA\",5,1,2,0,4,0,2,5,6,10,14,15,\"NA\",12,16,13,11,18,11,10,19,19,27,32,\"NA\",\"NA\",1,3,\"NA\",5,2,2,4,4,7,10,\"NA\",\"NA\",9,6,11,8,11,8,\"NA\",15,15,26,36,\"NA\",\"NA\",\"NA\",14,11,11,8,7,7,9,9,1,\"NA\",\"NA\",\"NA\",2,3,2,1,5,4,4,10,6,9,5,8,\"NA\",\"NA\",\"NA\",\"NA\",\"NA\",\"NA\",\"NA\",\"NA\",\"NA\",\"NA\",\"NA\",\"NA\",\"NA\",\"NA\",\"NA\",\"NA\",0,\"NA\",\"NA\",\"NA\",1,0,2,2,2,0,1,\"NA\",\"NA\",0,1,2,10,25,\"NA\",11,14,19,12,26,31,34,\"NA\",\"NA\",44,48,\"NA\",23,\"NA\",7,4,3,2,4]},{\"type\":\"double\",\"attributes\":{\"tsp\":{\"type\":\"double\",\"attributes\":{},\"value\":[1,365,1]},\"class\":{\"type\":\"character\",\"attributes\":{},\"value\":[\"ts\"]}},\"value\":[0,0,0,0,0,1,0,1,1,6,7,9,5,8,1,4,5,3,3,5,5,4,26,22,18,\"NA\",14.05025253,19,20,16,29,33,27,\"NA\",20.39339828,31,21,27,19,21,\"NA\",14.24264069,10,14,12,10,10,10,24,19,15,\"NA\",18.65685425,13,11,12,\"NA\",\"NA\",4.46410162,1,6,13,6,7,\"NA\",\"NA\",9.84529946,11,8,\"NA\",13.05025253,18,\"NA\",24.41421356,23,\"NA\",\"NA\",19.54700538,8,6,\"NA\",\"NA\",13.18504542,23,22,38,\"NA\",\"NA\",20.39230485,10,10,12,6,6,\"NA\",9.53553391,6,7,21,18,9,15,14,18,36,29,28,25,26,29,24,23,13,15,9,\"NA\",10.41421356,\"NA\",\"NA\",9.42264973,10,4,\"NA\",14.70710678,14,\"NA\",\"NA\",9.42264973,\"NA\",9.12132034,7,11,8,14,19,30,17,17,13,6,8,4,\"NA\",2.70710678,\"NA\",1.70710678,1,3,5,\"NA\",3,3,11,6,14,16,\"NA\",32.73654403,49,52,63,31,18,12,15,10,14,14,12,6,9,11,12,7,5,6,3,3,7,2,1,2,5,5,4,3,4,6,4,2,1,\"NA\",0.58578644,\"NA\",1.41421356,\"NA\",0.29289322,\"NA\",1.87867966,4,3,2,3,\"NA\",3.12132034,1,0,0,3,\"NA\",\"NA\",3.30940108,1,1,2,\"NA\",3.17157288,6,4,8,9,12,10,3,5,2,3,4,\"NA\",1.41421356,\"NA\",0.58578644,\"NA\",2,\"NA\",2.87867966,5,1,2,0,4,0,2,5,6,10,14,\"NA\",14.12132034,12,16,13,11,18,11,10,19,19,27,\"NA\",\"NA\",18.89785834,1,\"NA\",3.58578644,5,2,2,4,4,7,\"NA\",\"NA\",9.57735027,9,6,11,8,11,\"NA\",10.05025253,15,15,26,\"NA\",\"NA\",\"NA\",25,14,11,11,8,7,7,9,9,\"NA\",\"NA\",\"NA\",1.5,2,3,2,1,5,4,4,10,6,9,5,\"NA\",\"NA\",\"NA\",\"NA\",\"NA\",\"NA\",\"NA\",\"NA\",\"NA\",\"NA\",\"NA\",\"NA\",\"NA\",\"NA\",\"NA\",\"NA\",1.940285,\"NA\",\"NA\",\"NA\",0.5,1,0,2,2,2,0,\"NA\",\"NA\",0.57735027,0,1,2,10,\"NA\",20.89949494,11,14,19,12,26,31,\"NA\",\"NA\",38.22649731,44,\"NA\",40.67766953,\"NA\",18.3137085,7,4,3,2]}]},{\"type\":\"double\",\"attributes\":{},\"value\":[95]},{\"type\":\"double\",\"attributes\":{\"tsp\":{\"type\":\"double\",\"attributes\":{},\"value\":[366,378,1]},\"class\":{\"type\":\"character\",\"attributes\":{},\"value\":[\"ts\"]}},\"value\":[4,4,4,4,4,4,4,4,4,4,4,4,4]},{\"type\":\"double\",\"attributes\":{\"dim\":{\"type\":\"integer\",\"attributes\":{},\"value\":[13,1]},\"dimnames\":{\"type\":\"list\",\"attributes\":{},\"value\":[{\"type\":\"NULL\"},{\"type\":\"character\",\"attributes\":{},\"value\":[\"95%\"]}]},\"tsp\":{\"type\":\"double\",\"attributes\":{},\"value\":[366,378,1]},\"class\":{\"type\":\"character\",\"attributes\":{},\"value\":[\"ts\"]}},\"value\":[-7.15667184,-11.77791663,-15.32392248,-18.31334369,-20.94707665,-23.32815325,-25.51777916,-27.55583327,-29.47001553,-31.28049414,-33.00249442,-34.64784496,-36.2259524]},{\"type\":\"double\",\"attributes\":{\"dim\":{\"type\":\"integer\",\"attributes\":{},\"value\":[13,1]},\"dimnames\":{\"type\":\"list\",\"attributes\":{},\"value\":[{\"type\":\"NULL\"},{\"type\":\"character\",\"attributes\":{},\"value\":[\"95%\"]}]},\"tsp\":{\"type\":\"double\",\"attributes\":{},\"value\":[366,378,1]},\"class\":{\"type\":\"character\",\"attributes\":{},\"value\":[\"ts\"]}},\"value\":[15.15667184,19.77791663,23.32392248,26.31334369,28.94707665,31.32815325,33.51777916,35.55583327,37.47001553,39.28049414,41.00249442,42.64784496,44.2259524]},{\"type\":\"integer\",\"attributes\":{\"tsp\":{\"type\":\"double\",\"attributes\":{},\"value\":[1,365,1]},\"class\":{\"type\":\"character\",\"attributes\":{},\"value\":[\"ts\"]}},\"value\":[0,0,0,0,1,0,1,1,6,7,9,5,8,1,4,5,3,3,5,5,4,26,22,18,12,\"NA\",19,20,16,29,33,27,16,\"NA\",31,21,27,19,21,16,\"NA\",10,14,12,10,10,10,24,19,15,21,\"NA\",13,11,12,7,\"NA\",\"NA\",1,6,13,6,7,9,\"NA\",\"NA\",11,8,11,\"NA\",18,25,\"NA\",23,28,\"NA\",\"NA\",8,6,6,\"NA\",\"NA\",23,22,38,28,\"NA\",\"NA\",10,10,12,6,6,11,\"NA\",6,7,21,18,9,15,14,18,36,29,28,25,26,29,24,23,13,15,9,11,\"NA\",9,\"NA\",\"NA\",10,4,15,\"NA\",14,9,\"NA\",\"NA\",10,\"NA\",7,11,8,14,19,30,17,17,13,6,8,4,3,\"NA\",2,\"NA\",1,3,5,3,\"NA\",3,11,6,14,16,26,\"NA\",49,52,63,31,18,12,15,10,14,14,12,6,9,11,12,7,5,6,3,3,7,2,1,2,5,5,4,3,4,6,4,2,1,0,\"NA\",2,\"NA\",0,\"NA\",1,\"NA\",4,3,2,3,4,\"NA\",1,0,0,3,5,\"NA\",\"NA\",1,1,2,2,\"NA\",6,4,8,9,12,10,3,5,2,3,4,2,\"NA\",0,\"NA\",2,\"NA\",2,\"NA\",5,1,2,0,4,0,2,5,6,10,14,15,\"NA\",12,16,13,11,18,11,10,19,19,27,32,\"NA\",\"NA\",1,3,\"NA\",5,2,2,4,4,7,10,\"NA\",\"NA\",9,6,11,8,11,8,\"NA\",15,15,26,36,\"NA\",\"NA\",\"NA\",14,11,11,8,7,7,9,9,1,\"NA\",\"NA\",\"NA\",2,3,2,1,5,4,4,10,6,9,5,8,\"NA\",\"NA\",\"NA\",\"NA\",\"NA\",\"NA\",\"NA\",\"NA\",\"NA\",\"NA\",\"NA\",\"NA\",\"NA\",\"NA\",\"NA\",\"NA\",0,\"NA\",\"NA\",\"NA\",1,0,2,2,2,0,1,\"NA\",\"NA\",0,1,2,10,25,\"NA\",11,14,19,12,26,31,34,\"NA\",\"NA\",44,48,\"NA\",23,\"NA\",7,4,3,2,4]},{\"type\":\"character\",\"attributes\":{},\"value\":[\"c(0L, 0L, 0L, 0L, 1L, 0L, 1L, 1L, 6L, 7L, 9L, 5L, 8L, 1L, 4L, \",\"5L, 3L, 3L, 5L, 5L, 4L, 26L, 22L, 18L, 12L, NA, 19L, 20L, 16L, \",\"29L, 33L, 27L, 16L, NA, 31L, 21L, 27L, 19L, 21L, 16L, NA, 10L, \",\"14L, 12L, 10L, 10L, 10L, 24L, 19L, 15L, 21L, NA, 13L, 11L, 12L, \",\"7L, NA, NA, 1L, 6L, 13L, 6L, 7L, 9L, NA, NA, 11L, 8L, 11L, NA, \",\"18L, 25L, NA, 23L, 28L, NA, NA, 8L, 6L, 6L, NA, NA, 23L, 22L, \",\"38L, 28L, NA, NA, 10L, 10L, 12L, 6L, 6L, 11L, NA, 6L, 7L, 21L, \",\"18L, 9L, 15L, 14L, 18L, 36L, 29L, 28L, 25L, 26L, 29L, 24L, 23L, \",\"13L, 15L, 9L, 11L, NA, 9L, NA, NA, 10L, 4L, 15L, NA, 14L, 9L, \",\"NA, NA, 10L, NA, 7L, 11L, 8L, 14L, 19L, 30L, 17L, 17L, 13L, 6L, \",\"8L, 4L, 3L, NA, 2L, NA, 1L, 3L, 5L, 3L, NA, 3L, 11L, 6L, 14L, \",\"16L, 26L, NA, 49L, 52L, 63L, 31L, 18L, 12L, 15L, 10L, 14L, 14L, \",\"12L, 6L, 9L, 11L, 12L, 7L, 5L, 6L, 3L, 3L, 7L, 2L, 1L, 2L, 5L, \",\"5L, 4L, 3L, 4L, 6L, 4L, 2L, 1L, 0L, NA, 2L, NA, 0L, NA, 1L, NA, \",\"4L, 3L, 2L, 3L, 4L, NA, 1L, 0L, 0L, 3L, 5L, NA, NA, 1L, 1L, 2L, \",\"2L, NA, 6L, 4L, 8L, 9L, 12L, 10L, 3L, 5L, 2L, 3L, 4L, 2L, NA, \",\"0L, NA, 2L, NA, 2L, NA, 5L, 1L, 2L, 0L, 4L, 0L, 2L, 5L, 6L, 10L, \",\"14L, 15L, NA, 12L, 16L, 13L, 11L, 18L, 11L, 10L, 19L, 19L, 27L, \",\"32L, NA, NA, 1L, 3L, NA, 5L, 2L, 2L, 4L, 4L, 7L, 10L, NA, NA, \",\"9L, 6L, 11L, 8L, 11L, 8L, NA, 15L, 15L, 26L, 36L, NA, NA, NA, \",\"14L, 11L, 11L, 8L, 7L, 7L, 9L, 9L, 1L, NA, NA, NA, 2L, 3L, 2L, \",\"1L, 5L, 4L, 4L, 10L, 6L, 9L, 5L, 8L, NA, NA, NA, NA, NA, NA, \",\"NA, NA, NA, NA, NA, NA, NA, NA, NA, NA, 0L, NA, NA, NA, 1L, 0L, \",\"2L, 2L, 2L, 0L, 1L, NA, NA, 0L, 1L, 2L, 10L, 25L, NA, 11L, 14L, \",\"19L, 12L, 26L, 31L, 34L, NA, NA, 44L, 48L, NA, 23L, NA, 7L, 4L, \",\"3L, 2L, 4L)\"]},{\"type\":\"double\",\"attributes\":{\"tsp\":{\"type\":\"double\",\"attributes\":{},\"value\":[1,365,1]},\"class\":{\"type\":\"character\",\"attributes\":{},\"value\":[\"ts\"]}},\"value\":[0,0,0,0,0,1,0,1,1,6,7,9,5,8,1,4,5,3,3,5,5,4,26,22,18,\"NA\",14.05025253,19,20,16,29,33,27,\"NA\",20.39339828,31,21,27,19,21,\"NA\",14.24264069,10,14,12,10,10,10,24,19,15,\"NA\",18.65685425,13,11,12,\"NA\",\"NA\",4.46410162,1,6,13,6,7,\"NA\",\"NA\",9.84529946,11,8,\"NA\",13.05025253,18,\"NA\",24.41421356,23,\"NA\",\"NA\",19.54700538,8,6,\"NA\",\"NA\",13.18504542,23,22,38,\"NA\",\"NA\",20.39230485,10,10,12,6,6,\"NA\",9.53553391,6,7,21,18,9,15,14,18,36,29,28,25,26,29,24,23,13,15,9,\"NA\",10.41421356,\"NA\",\"NA\",9.42264973,10,4,\"NA\",14.70710678,14,\"NA\",\"NA\",9.42264973,\"NA\",9.12132034,7,11,8,14,19,30,17,17,13,6,8,4,\"NA\",2.70710678,\"NA\",1.70710678,1,3,5,\"NA\",3,3,11,6,14,16,\"NA\",32.73654403,49,52,63,31,18,12,15,10,14,14,12,6,9,11,12,7,5,6,3,3,7,2,1,2,5,5,4,3,4,6,4,2,1,\"NA\",0.58578644,\"NA\",1.41421356,\"NA\",0.29289322,\"NA\",1.87867966,4,3,2,3,\"NA\",3.12132034,1,0,0,3,\"NA\",\"NA\",3.30940108,1,1,2,\"NA\",3.17157288,6,4,8,9,12,10,3,5,2,3,4,\"NA\",1.41421356,\"NA\",0.58578644,\"NA\",2,\"NA\",2.87867966,5,1,2,0,4,0,2,5,6,10,14,\"NA\",14.12132034,12,16,13,11,18,11,10,19,19,27,\"NA\",\"NA\",18.89785834,1,\"NA\",3.58578644,5,2,2,4,4,7,\"NA\",\"NA\",9.57735027,9,6,11,8,11,\"NA\",10.05025253,15,15,26,\"NA\",\"NA\",\"NA\",25,14,11,11,8,7,7,9,9,\"NA\",\"NA\",\"NA\",1.5,2,3,2,1,5,4,4,10,6,9,5,\"NA\",\"NA\",\"NA\",\"NA\",\"NA\",\"NA\",\"NA\",\"NA\",\"NA\",\"NA\",\"NA\",\"NA\",\"NA\",\"NA\",\"NA\",\"NA\",1.940285,\"NA\",\"NA\",\"NA\",0.5,1,0,2,2,2,0,\"NA\",\"NA\",0.57735027,0,1,2,10,\"NA\",20.89949494,11,14,19,12,26,31,\"NA\",\"NA\",38.22649731,44,\"NA\",40.67766953,\"NA\",18.3137085,7,4,3,2]},{\"type\":\"double\",\"attributes\":{\"tsp\":{\"type\":\"double\",\"attributes\":{},\"value\":[1,365,1]},\"class\":{\"type\":\"character\",\"attributes\":{},\"value\":[\"ts\"]}},\"value\":[0,0,0,0,1,-1,1,0,5,1,2,-4,3,-7,3,1,-2,0,2,0,-1,22,-4,-4,-6,\"NA\",4.94974747,1,-4,13,4,-6,-11,\"NA\",10.60660172,-10,6,-8,2,-5,\"NA\",-4.24264069,4,-2,-2,0,0,14,-5,-4,6,\"NA\",-5.65685425,-2,1,-5,\"NA\",\"NA\",-3.46410162,5,7,-7,1,2,\"NA\",\"NA\",1.15470054,-3,3,\"NA\",4.94974747,7,\"NA\",-1.41421356,5,\"NA\",\"NA\",-11.54700538,-2,0,\"NA\",\"NA\",9.81495458,-1,16,-10,\"NA\",\"NA\",-10.39230485,0,2,-6,0,5,\"NA\",-3.53553391,1,14,-3,-9,6,-1,4,18,-7,-1,-3,1,3,-5,-1,-10,2,-6,2,\"NA\",-1.41421356,\"NA\",\"NA\",0.57735027,-6,11,\"NA\",-0.70710678,-5,\"NA\",\"NA\",0.57735027,\"NA\",-2.12132034,4,-3,6,5,11,-13,0,-4,-7,2,-4,-1,\"NA\",-0.70710678,\"NA\",-0.70710678,2,2,-2,\"NA\",0,8,-5,8,2,10,\"NA\",16.26345597,3,11,-32,-13,-6,3,-5,4,0,-2,-6,3,2,1,-5,-2,1,-3,0,4,-5,-1,1,3,0,-1,-1,1,2,-2,-2,-1,-1,\"NA\",1.41421356,\"NA\",-1.41421356,\"NA\",0.70710678,\"NA\",2.12132034,-1,-1,1,1,\"NA\",-2.12132034,-1,0,3,2,\"NA\",\"NA\",-2.30940108,-2.22044605e-16,1,0,\"NA\",2.82842712,-2,4,1,3,-2,-7,2,-3,1,1,-2,\"NA\",-1.41421356,\"NA\",1.41421356,\"NA\",0,\"NA\",2.12132034,-4,1,-2,4,-4,2,3,1,4,4,1,\"NA\",-2.12132034,4,-3,-2,7,-7,-1,9,0,8,5,\"NA\",\"NA\",-17.89785834,2,\"NA\",1.41421356,-3,0,2,0,3,3,\"NA\",\"NA\",-0.57735027,-3,5,-3,3,-3,\"NA\",4.94974747,0,11,10,\"NA\",\"NA\",\"NA\",-11,-3,0,-3,-1,0,2,0,-8,\"NA\",\"NA\",\"NA\",0.5,1,-1,-1,4,-1,0,6,-4,3,-4,3,\"NA\",\"NA\",\"NA\",\"NA\",\"NA\",\"NA\",\"NA\",\"NA\",\"NA\",\"NA\",\"NA\",\"NA\",\"NA\",\"NA\",\"NA\",\"NA\",-1.940285,\"NA\",\"NA\",\"NA\",0.5,-1,2,0,0,-2,1,\"NA\",\"NA\",-0.57735027,1,1,8,15,\"NA\",-9.89949494,3,5,-7,14,5,3,\"NA\",\"NA\",5.77350269,4,\"NA\",-17.67766953,\"NA\",-11.3137085,-3,-1,-1,2]}]}"]
