"currency","model","confidence_level","dataset","species","estimate","lower_pi","upper_pi","old_cast_id","forecast_id","origin","newmoonnumber","forecast_date","forecast_month","forecast_year","forecast_group","historic_start_newmoonnumber","historic_end_newmoonnumber","forecast_start_newmoonnumber","forecast_end_newmoonnumber","lead_time_newmoons","max_lag","lag_buffer"
"abundance","nbGARCH",0.95,"exclosures","PE",0.408332012921714,0,2,2704,"2704.08",,555,2022-07-21,4,2022,104,217,557,555,569,-2,,
"abundance","nbGARCH",0.95,"exclosures","PE",0.572992179080136,0,3,2704,"2704.08",,556,2022-07-21,5,2022,104,217,557,555,569,-1,,
"abundance","nbGARCH",0.95,"exclosures","PE",0.639216530819247,0,3,2704,"2704.08",,557,2022-07-21,6,2022,104,217,557,555,569,0,,
"abundance","nbGARCH",0.95,"exclosures","PE",0.66583818826174,0,3,2704,"2704.08",,558,2022-07-21,7,2022,104,217,557,555,569,1,,
"abundance","nbGARCH",0.95,"exclosures","PE",0.680895196339786,0,3,2704,"2704.08",,559,2022-07-21,8,2022,104,217,557,555,569,2,,
"abundance","nbGARCH",0.95,"exclosures","PE",0.689570241019152,0,3,2704,"2704.08",,560,2022-07-21,9,2022,104,217,557,555,569,3,,
"abundance","nbGARCH",0.95,"exclosures","PE",0.693091654305739,0,3,2704,"2704.08",,561,2022-07-21,10,2022,104,217,557,555,569,4,,
"abundance","nbGARCH",0.95,"exclosures","PE",0.687487152141422,0,4,2704,"2704.08",,562,2022-07-21,11,2022,104,217,557,555,569,5,,
"abundance","nbGARCH",0.95,"exclosures","PE",0.689649991129496,0,3,2704,"2704.08",,563,2022-07-21,12,2022,104,217,557,555,569,6,,
"abundance","nbGARCH",0.95,"exclosures","PE",0.690525189419045,0,3,2704,"2704.08",,564,2022-07-21,1,2023,104,217,557,555,569,7,,
"abundance","nbGARCH",0.95,"exclosures","PE",0.690837546688888,0,3,2704,"2704.08",,565,2022-07-21,2,2023,104,217,557,555,569,8,,
"abundance","nbGARCH",0.95,"exclosures","PE",0.690963844709282,0,3,2704,"2704.08",,566,2022-07-21,3,2023,104,217,557,555,569,9,,
"abundance","nbGARCH",0.95,"exclosures","PE",0.6865915875014,0,3,2704,"2704.08",,567,2022-07-21,4,2023,104,217,557,555,569,10,,
"abundance","nbGARCH",0.95,"exclosures","PE",0.687010947380534,0,3,2704,"2704.08",,568,2022-07-21,5,2023,104,217,557,555,569,11,,
"abundance","nbGARCH",0.95,"exclosures","PE",0.687884064720375,0,3,2704,"2704.08",,569,2022-07-21,6,2023,104,217,557,555,569,12,,
