["{\"type\":\"list\",\"attributes\":{\"names\":{\"type\":\"character\",\"attributes\":{},\"value\":[\"Point.Forecast\",\"Lo.95\",\"Hi.95\",\"moon\",\"model\",\"dataset\",\"species\",\"forecast_id\"]}},\"value\":[{\"type\":\"double\",\"attributes\":{},\"value\":[0.31658936,0.23699206,0.23776288,0.23853371,0.23930454,0.24007537,0.24084619,0.24161702,0.24238785,0.24315868,0.2439295,0.24470033,0.24547116,0.24624199]},{\"type\":\"double\",\"attributes\":{},\"value\":[-1.16795064,-1.28124989,-1.29108755,-1.3008521,-1.31054504,-1.3201678,-1.32972179,-1.33920834,-1.34862876,-1.35798431,-1.36727623,-1.37650568,-1.38567383,-1.39478178]},{\"type\":\"double\",\"attributes\":{},\"value\":[1.80112936,1.75523401,1.76661332,1.77791952,1.78915412,1.80031854,1.81141417,1.82244238,1.83340446,1.84430167,1.85513524,1.86590635,1.87661615,1.88726575]},{\"type\":\"integer\",\"attributes\":{},\"value\":[524,525,526,527,528,529,530,531,532,533,534,535,536,537]},{\"type\":\"character\",\"attributes\":{},\"value\":[\"AutoArima\"]},{\"type\":\"character\",\"attributes\":{},\"value\":[\"controls\"]},{\"type\":\"character\",\"attributes\":{},\"value\":[\"PE\"]},{\"type\":\"character\",\"attributes\":{},\"value\":[\"182.09\"]}]}"]
