["{\"type\":\"list\",\"attributes\":{\"names\":{\"type\":\"character\",\"attributes\":{},\"value\":[\"Point.Forecast\",\"Lo.95\",\"Hi.95\",\"moon\",\"model\",\"dataset\",\"species\",\"forecast_id\"]}},\"value\":[{\"type\":\"double\",\"attributes\":{},\"value\":[0,0,0,0,0,0,0,0,0,0,0,0,0,0]},{\"type\":\"double\",\"attributes\":{},\"value\":[-5.72992783,-8.10334165,-9.92452613,-11.45985566,-12.81250814,-14.03539945,-15.15996407,-16.2066833,-17.18978349,-18.11962278,-19.00402069,-19.84905225,-20.6595486,-21.4394268]},{\"type\":\"double\",\"attributes\":{},\"value\":[5.72992783,8.10334165,9.92452613,11.45985566,12.81250814,14.03539945,15.15996407,16.2066833,17.18978349,18.11962278,19.00402069,19.84905225,20.6595486,21.4394268]},{\"type\":\"integer\",\"attributes\":{},\"value\":[524,525,526,527,528,529,530,531,532,533,534,535,536,537]},{\"type\":\"character\",\"attributes\":{},\"value\":[\"NaiveArima\"]},{\"type\":\"character\",\"attributes\":{},\"value\":[\"all\"]},{\"type\":\"character\",\"attributes\":{},\"value\":[\"BA\"]},{\"type\":\"character\",\"attributes\":{},\"value\":[\"187.01\"]}]}"]
