["{\"type\":\"list\",\"attributes\":{\"names\":{\"type\":\"character\",\"attributes\":{},\"value\":[\"Point.Forecast\",\"Lo.95\",\"Hi.95\",\"moon\",\"model\",\"dataset\",\"species\",\"forecast_id\"]}},\"value\":[{\"type\":\"double\",\"attributes\":{},\"value\":[0,0,0,0,0,0,0,0,0,0,0,0,0,0]},{\"type\":\"double\",\"attributes\":{},\"value\":[-12.1313594,-17.156333,-21.01213085,-24.2627188,-27.12654428,-29.71564042,-32.09656004,-34.31266599,-36.39407821,-38.36272682,-40.23516733,-42.0242617,-43.74023837,-45.39139052]},{\"type\":\"double\",\"attributes\":{},\"value\":[12.1313594,17.156333,21.01213085,24.2627188,27.12654428,29.71564042,32.09656004,34.31266599,36.39407821,38.36272682,40.23516733,42.0242617,43.74023837,45.39139052]},{\"type\":\"integer\",\"attributes\":{},\"value\":[524,525,526,527,528,529,530,531,532,533,534,535,536,537]},{\"type\":\"character\",\"attributes\":{},\"value\":[\"NaiveArima\"]},{\"type\":\"character\",\"attributes\":{},\"value\":[\"all\"]},{\"type\":\"character\",\"attributes\":{},\"value\":[\"RM\"]},{\"type\":\"character\",\"attributes\":{},\"value\":[\"97.17\"]}]}"]
