["{\"type\":\"list\",\"attributes\":{\"names\":{\"type\":\"character\",\"attributes\":{},\"value\":[\"pred\",\"interval\",\"level\",\"global\",\"type\",\"method\",\"B\",\"estim\",\"B_estim\",\"warning_messages\",\"median\",\"moon\",\"model\",\"dataset\",\"species\",\"forecast_id\"]}},\"value\":[{\"type\":\"double\",\"attributes\":{},\"value\":[14.27963164,10.86663672,8.80767864,7.5109326,6.67376986,6.18291502,6.98700075,7.82490619,8.83653335,10.42848763,11.96873685,13.44361573,14.34278678,14.32806235]},{\"type\":\"double\",\"attributes\":{\"dim\":{\"type\":\"integer\",\"attributes\":{},\"value\":[14,2]},\"dimnames\":{\"type\":\"list\",\"attributes\":{},\"value\":[{\"type\":\"NULL\"},{\"type\":\"character\",\"attributes\":{},\"value\":[\"lower\",\"upper\"]}]}},\"value\":[1,0,0,0,0,0,0,0,0,0,0,0,0,0,41,42,37,29,23,22,28,27,29,35,45,50,53,51]},{\"type\":\"double\",\"attributes\":{},\"value\":[0.95]},{\"type\":\"logical\",\"attributes\":{},\"value\":[false]},{\"type\":\"character\",\"attributes\":{},\"value\":[\"quantiles\"]},{\"type\":\"character\",\"attributes\":{},\"value\":[\"bootstrap\"]},{\"type\":\"double\",\"attributes\":{},\"value\":[1000]},{\"type\":\"character\",\"attributes\":{},\"value\":[\"ignore\"]},{\"type\":\"double\",\"attributes\":{},\"value\":[0]},{\"type\":\"character\",\"attributes\":{},\"value\":[]},{\"type\":\"double\",\"attributes\":{},\"value\":[12,8,6,4,3,3,4,4,4,5,5,6,7,6]},{\"type\":\"integer\",\"attributes\":{},\"value\":[524,525,526,527,528,529,530,531,532,533,534,535,536,537]},{\"type\":\"character\",\"attributes\":{},\"value\":[\"nbGARCH\"]},{\"type\":\"character\",\"attributes\":{},\"value\":[\"controls\"]},{\"type\":\"character\",\"attributes\":{},\"value\":[\"RM\"]},{\"type\":\"character\",\"attributes\":{},\"value\":[\"101.15\"]}]}"]
