["{\"type\":\"list\",\"attributes\":{\"names\":{\"type\":\"character\",\"attributes\":{},\"value\":[\"Point.Forecast\",\"Lo.95\",\"Hi.95\",\"moon\",\"model\",\"dataset\",\"species\",\"forecast_id\"]}},\"value\":[{\"type\":\"double\",\"attributes\":{},\"value\":[0.21288127,0.31451301,0.38971346,0.38971346,0.38971346,0.38971346,0.38971346,0.38971346,0.38971346,0.38971346,0.38971346,0.38971346,0.38971346]},{\"type\":\"double\",\"attributes\":{},\"value\":[-1.59319534,-1.6811845,-1.70357604,-1.70357604,-1.70357604,-1.70357604,-1.70357604,-1.70357604,-1.70357604,-1.70357604,-1.70357604,-1.70357604,-1.70357604]},{\"type\":\"double\",\"attributes\":{},\"value\":[2.01895788,2.31021052,2.48300296,2.48300296,2.48300296,2.48300296,2.48300296,2.48300296,2.48300296,2.48300296,2.48300296,2.48300296,2.48300296]},{\"type\":\"integer\",\"attributes\":{},\"value\":[524,525,526,527,528,529,530,531,532,533,534,535,536]},{\"type\":\"character\",\"attributes\":{},\"value\":[\"AutoArima\"]},{\"type\":\"character\",\"attributes\":{},\"value\":[\"controls\"]},{\"type\":\"character\",\"attributes\":{},\"value\":[\"SF\"]},{\"type\":\"character\",\"attributes\":{},\"value\":[\"47.17\"]}]}"]
