["{\"type\":\"list\",\"attributes\":{\"names\":{\"type\":\"character\",\"attributes\":{},\"value\":[\"Point.Forecast\",\"Lo.95\",\"Hi.95\",\"moon\",\"model\",\"dataset\",\"species\",\"forecast_id\"]}},\"value\":[{\"type\":\"double\",\"attributes\":{},\"value\":[3.88205958,3.89470841,3.90735723,3.92000605,3.93265488,3.9453037,3.95795253,3.97060135,3.98325018,3.995899,4.00854783,4.02119665,4.03384547]},{\"type\":\"double\",\"attributes\":{},\"value\":[-5.30364922,-8.66240276,-11.29082803,-13.52386478,-15.49908268,-17.28901331,-18.93746215,-20.47328966,-21.91670354,-23.28250632,-24.58192597,-25.82371893,-27.01487077]},{\"type\":\"double\",\"attributes\":{},\"value\":[13.06776839,16.45181957,19.1055425,21.36387689,23.36439243,25.17962071,26.85336721,28.41449237,29.88320389,31.27430433,32.59902162,33.86611223,35.08256172]},{\"type\":\"integer\",\"attributes\":{},\"value\":[524,525,526,527,528,529,530,531,532,533,534,535,536]},{\"type\":\"character\",\"attributes\":{},\"value\":[\"AutoArima\"]},{\"type\":\"character\",\"attributes\":{},\"value\":[\"exclosures\"]},{\"type\":\"character\",\"attributes\":{},\"value\":[\"PE\"]},{\"type\":\"character\",\"attributes\":{},\"value\":[\"48.08\"]}]}"]
