["{\"type\":\"list\",\"attributes\":{\"names\":{\"type\":\"character\",\"attributes\":{},\"value\":[\"Point.Forecast\",\"Lo.95\",\"Hi.95\",\"moon\",\"model\",\"dataset\",\"species\",\"forecast_id\"]}},\"value\":[{\"type\":\"double\",\"attributes\":{},\"value\":[0.08829023,0.08829023,0.08829023,0.08829023,0.08829023,0.08829023,0.08829023,0.08829023,0.08829023,0.08829023,0.08829023,0.08829023,0.08829023]},{\"type\":\"double\",\"attributes\":{},\"value\":[-2.79507019,-3.31005409,-3.75667024,-4.15655345,-4.52188056,-4.86031074,-5.17703297,-5.47575553,-5.75923763,-6.0295982,-6.28850644,-6.53730503,-6.77709318]},{\"type\":\"double\",\"attributes\":{},\"value\":[2.97165064,3.48663455,3.93325069,4.3331339,4.69846101,5.03689119,5.35361342,5.65233598,5.93581808,6.20617866,6.46508689,6.71388549,6.95367364]},{\"type\":\"integer\",\"attributes\":{},\"value\":[524,525,526,527,528,529,530,531,532,533,534,535,536]},{\"type\":\"character\",\"attributes\":{},\"value\":[\"ESSS\"]},{\"type\":\"character\",\"attributes\":{},\"value\":[\"exclosures\"]},{\"type\":\"character\",\"attributes\":{},\"value\":[\"PB\"]},{\"type\":\"character\",\"attributes\":{},\"value\":[\"51.07\"]}]}"]
