["{\"type\":\"list\",\"attributes\":{\"names\":{\"type\":\"character\",\"attributes\":{},\"value\":[\"Point.Forecast\",\"Lo.95\",\"Hi.95\",\"moon\",\"model\",\"dataset\",\"species\",\"forecast_id\"]}},\"value\":[{\"type\":\"double\",\"attributes\":{},\"value\":[7,7,7,7,7,7,7,7,7,7,7,7,7]},{\"type\":\"double\",\"attributes\":{},\"value\":[-3.97741444,-8.52440838,-12.01343954,-14.95482887,-17.5462449,-19.88906406,-22.04350864,-24.04881675,-25.93224331,-27.71363244,-29.40796485,-31.02687908,-32.57963062]},{\"type\":\"double\",\"attributes\":{},\"value\":[17.97741444,22.52440838,26.01343954,28.95482887,31.5462449,33.88906406,36.04350864,38.04881675,39.93224331,41.71363244,43.40796485,45.02687908,46.57963062]},{\"type\":\"integer\",\"attributes\":{},\"value\":[524,525,526,527,528,529,530,531,532,533,534,535,536]},{\"type\":\"character\",\"attributes\":{},\"value\":[\"NaiveArima\"]},{\"type\":\"character\",\"attributes\":{},\"value\":[\"all\"]},{\"type\":\"character\",\"attributes\":{},\"value\":[\"OT\"]},{\"type\":\"character\",\"attributes\":{},\"value\":[\"52.07\"]}]}"]
