["{\"type\":\"list\",\"attributes\":{\"names\":{\"type\":\"character\",\"attributes\":{},\"value\":[\"Point.Forecast\",\"Lo.95\",\"Hi.95\",\"moon\",\"model\",\"dataset\",\"species\",\"forecast_id\"]}},\"value\":[{\"type\":\"double\",\"attributes\":{},\"value\":[0.09370563,0.12306636,0.15646835,0.19471472,0.19471472,0.19471472,0.19471472,0.19471472,0.19471472,0.19471472,0.19471472,0.19471472,0.19471472]},{\"type\":\"double\",\"attributes\":{},\"value\":[-0.8640896,-0.86851753,-0.87907667,-0.91364413,-0.91364413,-0.91364413,-0.91364413,-0.91364413,-0.91364413,-0.91364413,-0.91364413,-0.91364413,-0.91364413]},{\"type\":\"double\",\"attributes\":{},\"value\":[1.05150085,1.11465025,1.19201338,1.30307357,1.30307357,1.30307357,1.30307357,1.30307357,1.30307357,1.30307357,1.30307357,1.30307357,1.30307357]},{\"type\":\"integer\",\"attributes\":{},\"value\":[524,525,526,527,528,529,530,531,532,533,534,535,536]},{\"type\":\"character\",\"attributes\":{},\"value\":[\"AutoArima\"]},{\"type\":\"character\",\"attributes\":{},\"value\":[\"exclosures\"]},{\"type\":\"character\",\"attributes\":{},\"value\":[\"OT\"]},{\"type\":\"character\",\"attributes\":{},\"value\":[\"48.06\"]}]}"]
