["{\"type\":\"list\",\"attributes\":{\"names\":{\"type\":\"character\",\"attributes\":{},\"value\":[\"Point.Forecast\",\"Lo.95\",\"Hi.95\",\"moon\",\"model\",\"dataset\",\"species\",\"forecast_id\"]}},\"value\":[{\"type\":\"double\",\"attributes\":{},\"value\":[0.19612939,0.31356748,0.31356748,0.31356748,0.31356748,0.31356748,0.31356748,0.31356748,0.31356748,0.31356748,0.31356748,0.31356748,0.31356748]},{\"type\":\"double\",\"attributes\":{},\"value\":[-1.63328998,-1.82526122,-1.82526122,-1.82526122,-1.82526122,-1.82526122,-1.82526122,-1.82526122,-1.82526122,-1.82526122,-1.82526122,-1.82526122,-1.82526122]},{\"type\":\"double\",\"attributes\":{},\"value\":[2.02554875,2.45239617,2.45239617,2.45239617,2.45239617,2.45239617,2.45239617,2.45239617,2.45239617,2.45239617,2.45239617,2.45239617,2.45239617]},{\"type\":\"integer\",\"attributes\":{},\"value\":[524,525,526,527,528,529,530,531,532,533,534,535,536]},{\"type\":\"character\",\"attributes\":{},\"value\":[\"AutoArima\"]},{\"type\":\"character\",\"attributes\":{},\"value\":[\"all\"]},{\"type\":\"character\",\"attributes\":{},\"value\":[\"RO\"]},{\"type\":\"character\",\"attributes\":{},\"value\":[\"46.18\"]}]}"]
