["{\"type\":\"list\",\"attributes\":{\"names\":{\"type\":\"character\",\"attributes\":{},\"value\":[\"moon\",\"estimate\",\"lower_pi\",\"upper_pi\",\"species\",\"model\",\"dataset\",\"forecast_id\"]}},\"value\":[{\"type\":\"integer\",\"attributes\":{},\"value\":[\"NA\"]},{\"type\":\"double\",\"attributes\":{},\"value\":[\"NA\"]},{\"type\":\"double\",\"attributes\":{},\"value\":[\"NA\"]},{\"type\":\"double\",\"attributes\":{},\"value\":[\"NA\"]},{\"type\":\"character\",\"attributes\":{},\"value\":[\"PL\"]},{\"type\":\"character\",\"attributes\":{},\"value\":[\"ESSS\"]},{\"type\":\"character\",\"attributes\":{},\"value\":[\"all\"]},{\"type\":\"character\",\"attributes\":{},\"value\":[\"364.13\"]}]}"]
