"currency","model","dataset","species","estimate","lower_pi","upper_pi","confidence_level","old_cast_id","forecast_id","origin","newmoonnumber","forecast_date","forecast_month","forecast_year","forecast_group","historic_start_newmoonnumber","historic_end_newmoonnumber","forecast_start_newmoonnumber","forecast_end_newmoonnumber","lead_time_newmoons","max_lag","lag_buffer"
"abundance","jags_RW","controls","PB",0.273,0.209,0.335,0.95,2082,"2082.08",,552,2022-02-03,1,2022,80,217,552,552,564,0,,
"abundance","jags_RW","controls","PB",0.273,0.21,0.336,0.95,2082,"2082.08",,553,2022-02-03,3,2022,80,217,552,552,564,1,,
"abundance","jags_RW","controls","PB",0.273,0.211,0.338,0.95,2082,"2082.08",,554,2022-02-03,4,2022,80,217,552,552,564,2,,
"abundance","jags_RW","controls","PB",0.273,0.211,0.339,0.95,2082,"2082.08",,555,2022-02-03,4,2022,80,217,552,552,564,3,,
"abundance","jags_RW","controls","PB",0.273,0.21,0.339,0.95,2082,"2082.08",,556,2022-02-03,5,2022,80,217,552,552,564,4,,
"abundance","jags_RW","controls","PB",0.273,0.213,0.343,0.95,2082,"2082.08",,557,2022-02-03,6,2022,80,217,552,552,564,5,,
"abundance","jags_RW","controls","PB",0.273,0.21,0.342,0.95,2082,"2082.08",,558,2022-02-03,7,2022,80,217,552,552,564,6,,
"abundance","jags_RW","controls","PB",0.273,0.21,0.343,0.95,2082,"2082.08",,559,2022-02-03,8,2022,80,217,552,552,564,7,,
"abundance","jags_RW","controls","PB",0.274,0.208,0.343,0.95,2082,"2082.08",,560,2022-02-03,9,2022,80,217,552,552,564,8,,
"abundance","jags_RW","controls","PB",0.274,0.21,0.345,0.95,2082,"2082.08",,561,2022-02-03,10,2022,80,217,552,552,564,9,,
"abundance","jags_RW","controls","PB",0.274,0.208,0.345,0.95,2082,"2082.08",,562,2022-02-03,11,2022,80,217,552,552,564,10,,
"abundance","jags_RW","controls","PB",0.274,0.207,0.345,0.95,2082,"2082.08",,563,2022-02-03,12,2022,80,217,552,552,564,11,,
"abundance","jags_RW","controls","PB",0.274,0.207,0.346,0.95,2082,"2082.08",,564,2022-02-03,1,2023,80,217,552,552,564,12,,
