"currency","model","confidence_level","dataset","species","estimate","lower_pi","upper_pi","old_cast_id","forecast_id","origin","newmoonnumber","forecast_date","forecast_month","forecast_year","forecast_group","historic_start_newmoonnumber","historic_end_newmoonnumber","forecast_start_newmoonnumber","forecast_end_newmoonnumber","lead_time_newmoons","max_lag","lag_buffer"
"abundance","nbGARCH",0.95,"controls","RM",0.259565795195317,0,2,2835,"2835.15",,559,2022-09-01,8,2022,110,217,559,559,571,0,,
"abundance","nbGARCH",0.95,"controls","RM",0.32680615236941,0,2,2835,"2835.15",,560,2022-09-01,9,2022,110,217,559,559,571,1,,
"abundance","nbGARCH",0.95,"controls","RM",0.344220479147889,0,2,2835,"2835.15",,561,2022-09-01,10,2022,110,217,559,559,571,2,,
"abundance","nbGARCH",0.95,"controls","RM",0.348730291068168,0,2,2835,"2835.15",,562,2022-09-01,11,2022,110,217,559,559,571,3,,
"abundance","nbGARCH",0.95,"controls","RM",0.349898186223057,0,2,2835,"2835.15",,563,2022-09-01,12,2022,110,217,559,559,571,4,,
"abundance","nbGARCH",0.95,"controls","RM",0.350200632092402,0,2,2835,"2835.15",,564,2022-09-01,1,2023,110,217,559,559,571,5,,
"abundance","nbGARCH",0.95,"controls","RM",0.350278955403321,0,2,2835,"2835.15",,565,2022-09-01,2,2023,110,217,559,559,571,6,,
"abundance","nbGARCH",0.95,"controls","RM",0.350299238502274,0,2,2835,"2835.15",,566,2022-09-01,3,2023,110,217,559,559,571,7,,
"abundance","nbGARCH",0.95,"controls","RM",0.350304491141261,0,2,2835,"2835.15",,567,2022-09-01,4,2023,110,217,559,559,571,8,,
"abundance","nbGARCH",0.95,"controls","RM",0.350305851397695,0,2,2835,"2835.15",,568,2022-09-01,5,2023,110,217,559,559,571,9,,
"abundance","nbGARCH",0.95,"controls","RM",0.350306203658256,0,2,2835,"2835.15",,569,2022-09-01,6,2023,110,217,559,559,571,10,,
"abundance","nbGARCH",0.95,"controls","RM",0.350306294881867,0,2,2835,"2835.15",,570,2022-09-01,7,2023,110,217,559,559,571,11,,
"abundance","nbGARCH",0.95,"controls","RM",0.350306318505707,0,2,2835,"2835.15",,571,2022-09-01,8,2023,110,217,559,559,571,12,,
