"currency","model","confidence_level","dataset","species","estimate","lower_pi","upper_pi","old_cast_id","forecast_id","origin","newmoonnumber","forecast_date","forecast_month","forecast_year","forecast_group","historic_start_newmoonnumber","historic_end_newmoonnumber","forecast_start_newmoonnumber","forecast_end_newmoonnumber","lead_time_newmoons","max_lag","lag_buffer"
"abundance","nbGARCH",0.95,"exclosures","NA",0.0675407988553631,0,1,2836,"2836.04",,559,2022-09-01,8,2022,110,217,559,559,571,0,,
"abundance","nbGARCH",0.95,"exclosures","NA",0.0719201722343727,0,1,2836,"2836.04",,560,2022-09-01,9,2022,110,217,559,559,571,1,,
"abundance","nbGARCH",0.95,"exclosures","NA",0.0722037545723218,0,1,2836,"2836.04",,561,2022-09-01,10,2022,110,217,559,559,571,2,,
"abundance","nbGARCH",0.95,"exclosures","NA",0.0722221161388467,0,1,2836,"2836.04",,562,2022-09-01,11,2022,110,217,559,559,571,3,,
"abundance","nbGARCH",0.95,"exclosures","NA",0.0722233050185488,0,1,2836,"2836.04",,563,2022-09-01,12,2022,110,217,559,559,571,4,,
"abundance","nbGARCH",0.95,"exclosures","NA",0.0722233819964278,0,1,2836,"2836.04",,564,2022-09-01,1,2023,110,217,559,559,571,5,,
"abundance","nbGARCH",0.95,"exclosures","NA",0.0722233869806106,0,1,2836,"2836.04",,565,2022-09-01,2,2023,110,217,559,559,571,6,,
"abundance","nbGARCH",0.95,"exclosures","NA",0.0722233873033277,0,1,2836,"2836.04",,566,2022-09-01,3,2023,110,217,559,559,571,7,,
"abundance","nbGARCH",0.95,"exclosures","NA",0.072223387324223,0,1,2836,"2836.04",,567,2022-09-01,4,2023,110,217,559,559,571,8,,
"abundance","nbGARCH",0.95,"exclosures","NA",0.072223387325576,0,1,2836,"2836.04",,568,2022-09-01,5,2023,110,217,559,559,571,9,,
"abundance","nbGARCH",0.95,"exclosures","NA",0.0722233873256636,0,1,2836,"2836.04",,569,2022-09-01,6,2023,110,217,559,559,571,10,,
"abundance","nbGARCH",0.95,"exclosures","NA",0.0722233873256692,0,1,2836,"2836.04",,570,2022-09-01,7,2023,110,217,559,559,571,11,,
"abundance","nbGARCH",0.95,"exclosures","NA",0.0722233873256696,0,1,2836,"2836.04",,571,2022-09-01,8,2023,110,217,559,559,571,12,,
