["{\"type\":\"list\",\"attributes\":{\"names\":{\"type\":\"character\",\"attributes\":{},\"value\":[\"Point.Forecast\",\"Lo.95\",\"Hi.95\",\"moon\",\"model\",\"dataset\",\"species\",\"forecast_id\"]}},\"value\":[{\"type\":\"double\",\"attributes\":{},\"value\":[0.51378347,0.75032351,0.75032351,0.75032351,0.75032351,0.75032351,0.75032351,0.75032351,0.75032351,0.75032351,0.75032351,0.75032351,0.75032351]},{\"type\":\"double\",\"attributes\":{},\"value\":[-1.25300402,-1.19208616,-1.19208616,-1.19208616,-1.19208616,-1.19208616,-1.19208616,-1.19208616,-1.19208616,-1.19208616,-1.19208616,-1.19208616,-1.19208616]},{\"type\":\"double\",\"attributes\":{},\"value\":[2.28057096,2.69273318,2.69273318,2.69273318,2.69273318,2.69273318,2.69273318,2.69273318,2.69273318,2.69273318,2.69273318,2.69273318,2.69273318]},{\"type\":\"integer\",\"attributes\":{},\"value\":[524,525,526,527,528,529,530,531,532,533,534,535,536]},{\"type\":\"character\",\"attributes\":{},\"value\":[\"AutoArima\"]},{\"type\":\"character\",\"attributes\":{},\"value\":[\"exclosures\"]},{\"type\":\"character\",\"attributes\":{},\"value\":[\"DM\"]},{\"type\":\"character\",\"attributes\":{},\"value\":[\"24.02\"]}]}"]
