["{\"type\":\"list\",\"attributes\":{\"names\":{\"type\":\"character\",\"attributes\":{},\"value\":[\"Point.Forecast\",\"Lo.95\",\"Hi.95\",\"moon\",\"model\",\"dataset\",\"species\",\"forecast_id\"]}},\"value\":[{\"type\":\"double\",\"attributes\":{},\"value\":[0.21468133,0.33653241,0.43834344,0.5032643,0.5032643,0.5032643,0.5032643,0.5032643,0.5032643,0.5032643,0.5032643,0.5032643,0.5032643]},{\"type\":\"double\",\"attributes\":{},\"value\":[-1.75648802,-1.95775976,-2.05862807,-2.06786474,-2.06786474,-2.06786474,-2.06786474,-2.06786474,-2.06786474,-2.06786474,-2.06786474,-2.06786474,-2.06786474]},{\"type\":\"double\",\"attributes\":{},\"value\":[2.18585069,2.63082458,2.93531495,3.07439335,3.07439335,3.07439335,3.07439335,3.07439335,3.07439335,3.07439335,3.07439335,3.07439335,3.07439335]},{\"type\":\"integer\",\"attributes\":{},\"value\":[524,525,526,527,528,529,530,531,532,533,534,535,536]},{\"type\":\"character\",\"attributes\":{},\"value\":[\"AutoArima\"]},{\"type\":\"character\",\"attributes\":{},\"value\":[\"all\"]},{\"type\":\"character\",\"attributes\":{},\"value\":[\"PL\"]},{\"type\":\"character\",\"attributes\":{},\"value\":[\"22.13\"]}]}"]
