"currency","model","dataset","species","estimate","lower_pi","upper_pi","confidence_level","old_cast_id","forecast_id","origin","newmoonnumber","forecast_date","forecast_month","forecast_year","forecast_group","historic_start_newmoonnumber","historic_end_newmoonnumber","forecast_start_newmoonnumber","forecast_end_newmoonnumber","lead_time_newmoons","max_lag","lag_buffer"
"abundance","jags_RW","controls","PP",16.057,8.881,23.893,0.95,29,"29.14",,524,2019-11-21,10,2019,2,217,524,524,536,0,,
"abundance","jags_RW","controls","PP",32.487,0.072,134.759,0.95,29,"29.14",,525,2019-11-21,11,2019,2,217,524,524,536,1,,
"abundance","jags_RW","controls","PP",43.673,0.706,196.9,0.95,29,"29.14",,526,2019-11-21,12,2019,2,217,524,524,536,2,,
"abundance","jags_RW","controls","PP",48.977,0.298,196.9,0.95,29,"29.14",,527,2019-11-21,1,2020,2,217,524,524,536,3,,
"abundance","jags_RW","controls","PP",51.581,0.131,196.9,0.95,29,"29.14",,528,2019-11-21,2,2020,2,217,524,524,536,4,,
"abundance","jags_RW","controls","PP",52.257,0.046,196.9,0.95,29,"29.14",,529,2019-11-21,3,2020,2,217,524,524,536,5,,
"abundance","jags_RW","controls","PP",51.98,0,196.9,0.95,29,"29.14",,530,2019-11-21,4,2020,2,217,524,524,536,6,,
"abundance","jags_RW","controls","PP",52.318,0,196.9,0.95,29,"29.14",,531,2019-11-21,5,2020,2,217,524,524,536,7,,
"abundance","jags_RW","controls","PP",51.582,0,196.9,0.95,29,"29.14",,532,2019-11-21,6,2020,2,217,524,524,536,8,,
"abundance","jags_RW","controls","PP",50.328,0,196.9,0.95,29,"29.14",,533,2019-11-21,7,2020,2,217,524,524,536,9,,
"abundance","jags_RW","controls","PP",49.058,0,196.9,0.95,29,"29.14",,534,2019-11-21,8,2020,2,217,524,524,536,10,,
"abundance","jags_RW","controls","PP",47.853,0,196.9,0.95,29,"29.14",,535,2019-11-21,9,2020,2,217,524,524,536,11,,
"abundance","jags_RW","controls","PP",46.593,0,196.9,0.95,29,"29.14",,536,2019-11-21,10,2020,2,217,524,524,536,12,,
