["{\"type\":\"list\",\"attributes\":{\"names\":{\"type\":\"character\",\"attributes\":{},\"value\":[\"Point.Forecast\",\"Lo.95\",\"Hi.95\",\"moon\",\"model\",\"dataset\",\"species\",\"forecast_id\"]}},\"value\":[{\"type\":\"double\",\"attributes\":{},\"value\":[3.99979974,3.99979974,3.99979974,3.99979974,3.99979974,3.99979974,3.99979974,3.99979974,3.99979974,3.99979974,3.99979974,3.99979974,3.99979974]},{\"type\":\"double\",\"attributes\":{},\"value\":[-5.14243925,-8.92863131,-11.83396561,-14.28330506,-16.44123049,-18.39215222,-20.18621498,-21.85609135,-23.424476,-24.90789293,-26.31881651,-27.66693812,-28.95996486]},{\"type\":\"double\",\"attributes\":{},\"value\":[13.14203873,16.92823079,19.83356509,22.28290453,24.44082996,26.39175169,28.18581446,29.85569082,31.42407547,32.9074924,34.31841598,35.6665376,36.95956434]},{\"type\":\"integer\",\"attributes\":{},\"value\":[524,525,526,527,528,529,530,531,532,533,534,535,536]},{\"type\":\"character\",\"attributes\":{},\"value\":[\"ESSS\"]},{\"type\":\"character\",\"attributes\":{},\"value\":[\"exclosures\"]},{\"type\":\"character\",\"attributes\":{},\"value\":[\"PE\"]},{\"type\":\"character\",\"attributes\":{},\"value\":[\"27.08\"]}]}"]
