["{\"type\":\"list\",\"attributes\":{\"names\":{\"type\":\"character\",\"attributes\":{},\"value\":[\"Point.Forecast\",\"Lo.95\",\"Hi.95\",\"moon\",\"model\",\"dataset\",\"species\",\"forecast_id\"]}},\"value\":[{\"type\":\"double\",\"attributes\":{},\"value\":[0.00651653,0.00651653,0.00651653,0.00651653,0.00651653,0.00651653,0.00651653,0.00651653,0.00651653,0.00651653,0.00651653,0.00651653,0.00651653]},{\"type\":\"double\",\"attributes\":{},\"value\":[-0.15168678,-0.15168678,-0.15168678,-0.15168678,-0.15168678,-0.15168678,-0.15168678,-0.15168678,-0.15168678,-0.15168679,-0.15168679,-0.15168679,-0.15168679]},{\"type\":\"double\",\"attributes\":{},\"value\":[0.16471983,0.16471984,0.16471984,0.16471984,0.16471984,0.16471984,0.16471984,0.16471984,0.16471984,0.16471984,0.16471984,0.16471984,0.16471984]},{\"type\":\"integer\",\"attributes\":{},\"value\":[524,525,526,527,528,529,530,531,532,533,534,535,536]},{\"type\":\"character\",\"attributes\":{},\"value\":[\"ESSS\"]},{\"type\":\"character\",\"attributes\":{},\"value\":[\"exclosures\"]},{\"type\":\"character\",\"attributes\":{},\"value\":[\"PL\"]},{\"type\":\"character\",\"attributes\":{},\"value\":[\"27.12\"]}]}"]
