"currency","model","dataset","species","estimate","lower_pi","upper_pi","confidence_level","old_cast_id","forecast_id","origin","newmoonnumber","forecast_date","forecast_month","forecast_year","forecast_group","historic_start_newmoonnumber","historic_end_newmoonnumber","forecast_start_newmoonnumber","forecast_end_newmoonnumber","lead_time_newmoons","max_lag","lag_buffer"
"abundance","jags_RW","all","RF",0.027,0,0.159,0.95,28,"28.16",,524,2019-11-21,10,2019,2,217,524,524,536,0,,
"abundance","jags_RW","all","RF",0.032,0,0.184,0.95,28,"28.16",,525,2019-11-21,11,2019,2,217,524,524,536,1,,
"abundance","jags_RW","all","RF",0.037,0,0.208,0.95,28,"28.16",,526,2019-11-21,12,2019,2,217,524,524,536,2,,
"abundance","jags_RW","all","RF",0.043,0,0.229,0.95,28,"28.16",,527,2019-11-21,1,2020,2,217,524,524,536,3,,
"abundance","jags_RW","all","RF",0.047,0,0.254,0.95,28,"28.16",,528,2019-11-21,2,2020,2,217,524,524,536,4,,
"abundance","jags_RW","all","RF",0.055,0,0.283,0.95,28,"28.16",,529,2019-11-21,3,2020,2,217,524,524,536,5,,
"abundance","jags_RW","all","RF",0.062,0,0.311,0.95,28,"28.16",,530,2019-11-21,4,2020,2,217,524,524,536,6,,
"abundance","jags_RW","all","RF",0.069,0,0.345,0.95,28,"28.16",,531,2019-11-21,5,2020,2,217,524,524,536,7,,
"abundance","jags_RW","all","RF",0.078,0,0.369,0.95,28,"28.16",,532,2019-11-21,6,2020,2,217,524,524,536,8,,
"abundance","jags_RW","all","RF",0.086,0,0.396,0.95,28,"28.16",,533,2019-11-21,7,2020,2,217,524,524,536,9,,
"abundance","jags_RW","all","RF",0.095,0,0.422,0.95,28,"28.16",,534,2019-11-21,8,2020,2,217,524,524,536,10,,
"abundance","jags_RW","all","RF",0.106,0,0.452,0.95,28,"28.16",,535,2019-11-21,9,2020,2,217,524,524,536,11,,
"abundance","jags_RW","all","RF",0.12,0,0.492,0.95,28,"28.16",,536,2019-11-21,10,2020,2,217,524,524,536,12,,
