["{\"type\":\"list\",\"attributes\":{\"names\":{\"type\":\"character\",\"attributes\":{},\"value\":[\"Point.Forecast\",\"Lo.95\",\"Hi.95\",\"moon\",\"model\",\"dataset\",\"species\",\"forecast_id\"]}},\"value\":[{\"type\":\"double\",\"attributes\":{},\"value\":[1.89569981,1.89569981,1.89569981,1.89569981,1.89569981,1.89569981,1.89569981,1.89569981,1.89569981,1.89569981,1.89569981,1.89569981,1.89569981]},{\"type\":\"double\",\"attributes\":{},\"value\":[-2.11184914,-2.77656439,-3.35783775,-3.88091347,-4.36040642,-4.80567835,-5.22315356,-5.61746713,-5.99209339,-6.34971623,-6.69246005,-7.0220406,-7.33986721]},{\"type\":\"double\",\"attributes\":{},\"value\":[5.90324875,6.567964,7.14923736,7.67231308,8.15180603,8.59707796,9.01455318,9.40886674,9.78349301,10.14111585,10.48385967,10.81344021,11.13126682]},{\"type\":\"integer\",\"attributes\":{},\"value\":[524,525,526,527,528,529,530,531,532,533,534,535,536]},{\"type\":\"character\",\"attributes\":{},\"value\":[\"ESSS\"]},{\"type\":\"character\",\"attributes\":{},\"value\":[\"all\"]},{\"type\":\"character\",\"attributes\":{},\"value\":[\"OL\"]},{\"type\":\"character\",\"attributes\":{},\"value\":[\"25.06\"]}]}"]
