["{\"type\":\"list\",\"attributes\":{\"names\":{\"type\":\"character\",\"attributes\":{},\"value\":[\"Point.Forecast\",\"Lo.95\",\"Hi.95\",\"moon\",\"model\",\"dataset\",\"species\",\"forecast_id\"]}},\"value\":[{\"type\":\"double\",\"attributes\":{},\"value\":[0,0,0,0,0,0,0,0,0,0,0,0,0]},{\"type\":\"double\",\"attributes\":{},\"value\":[-0.68186397,-0.96430127,-1.18102303,-1.36372793,-1.52469418,-1.67021879,-1.80404248,-1.92860254,-2.0455919,-2.15624319,-2.26148693,-2.36204607,-2.45849549]},{\"type\":\"double\",\"attributes\":{},\"value\":[0.68186397,0.96430127,1.18102303,1.36372793,1.52469418,1.67021879,1.80404248,1.92860254,2.0455919,2.15624319,2.26148693,2.36204607,2.45849549]},{\"type\":\"integer\",\"attributes\":{},\"value\":[524,525,526,527,528,529,530,531,532,533,534,535,536]},{\"type\":\"character\",\"attributes\":{},\"value\":[\"NaiveArima\"]},{\"type\":\"character\",\"attributes\":{},\"value\":[\"exclosures\"]},{\"type\":\"character\",\"attributes\":{},\"value\":[\"OL\"]},{\"type\":\"character\",\"attributes\":{},\"value\":[\"33.05\"]}]}"]
