["{\"type\":\"list\",\"attributes\":{\"names\":{\"type\":\"character\",\"attributes\":{},\"value\":[\"Point.Forecast\",\"Lo.95\",\"Hi.95\",\"moon\",\"model\",\"dataset\",\"species\",\"forecast_id\"]}},\"value\":[{\"type\":\"double\",\"attributes\":{},\"value\":[1,1,1,1,1,1,1,1,1,1,1,1,1]},{\"type\":\"double\",\"attributes\":{},\"value\":[-0.74443482,-1.46700339,-2.02144974,-2.48886965,-2.90067485,-3.27297521,-3.61534072,-3.93400677,-4.23330447,-4.51638727,-4.78563578,-5.04289949,-5.2896492]},{\"type\":\"double\",\"attributes\":{},\"value\":[2.74443482,3.46700339,4.02144974,4.48886965,4.90067485,5.27297521,5.61534072,5.93400677,6.23330447,6.51638727,6.78563578,7.04289949,7.2896492]},{\"type\":\"integer\",\"attributes\":{},\"value\":[524,525,526,527,528,529,530,531,532,533,534,535,536]},{\"type\":\"character\",\"attributes\":{},\"value\":[\"NaiveArima\"]},{\"type\":\"character\",\"attributes\":{},\"value\":[\"controls\"]},{\"type\":\"character\",\"attributes\":{},\"value\":[\"PE\"]},{\"type\":\"character\",\"attributes\":{},\"value\":[\"32.09\"]}]}"]
