["{\"type\":\"list\",\"attributes\":{\"names\":{\"type\":\"character\",\"attributes\":{},\"value\":[\"Point.Forecast\",\"Lo.95\",\"Hi.95\",\"moon\",\"model\",\"dataset\",\"species\",\"forecast_id\"]}},\"value\":[{\"type\":\"double\",\"attributes\":{},\"value\":[0.0000209,0.0000209,0.0000209,0.0000209,0.0000209,0.0000209,0.0000209,0.0000209,0.0000209,0.0000209,0.0000209,0.0000209,0.0000209]},{\"type\":\"double\",\"attributes\":{},\"value\":[-0.86316029,-1.02980403,-1.17300809,-1.30053846,-1.41663441,-1.52391148,-1.62411811,-1.71849158,-1.80794557,-1.89317756,-1.97473428,-2.05305378,-2.12849344]},{\"type\":\"double\",\"attributes\":{},\"value\":[0.86320209,1.02984583,1.17304989,1.30058026,1.41667621,1.52395328,1.62415991,1.71853338,1.80798738,1.89321936,1.97477608,2.05309559,2.12853524]},{\"type\":\"integer\",\"attributes\":{},\"value\":[524,525,526,527,528,529,530,531,532,533,534,535,536]},{\"type\":\"character\",\"attributes\":{},\"value\":[\"ESSS\"]},{\"type\":\"character\",\"attributes\":{},\"value\":[\"all\"]},{\"type\":\"character\",\"attributes\":{},\"value\":[\"DS\"]},{\"type\":\"character\",\"attributes\":{},\"value\":[\"25.04\"]}]}"]
