"currency","model","dataset","species","estimate","lower_pi","upper_pi","confidence_level","old_cast_id","forecast_id","origin","newmoonnumber","forecast_date","forecast_month","forecast_year","forecast_group","historic_start_newmoonnumber","historic_end_newmoonnumber","forecast_start_newmoonnumber","forecast_end_newmoonnumber","lead_time_newmoons","max_lag","lag_buffer"
"abundance","jags_RW","all","SO",0.003,0,0,0.95,28,"28.22",,524,2019-11-21,10,2019,2,217,524,524,536,0,,
"abundance","jags_RW","all","SO",0.01,0,0,0.95,28,"28.22",,525,2019-11-21,11,2019,2,217,524,524,536,1,,
"abundance","jags_RW","all","SO",0.027,0,0,0.95,28,"28.22",,526,2019-11-21,12,2019,2,217,524,524,536,2,,
"abundance","jags_RW","all","SO",0.04,0,0,0.95,28,"28.22",,527,2019-11-21,1,2020,2,217,524,524,536,3,,
"abundance","jags_RW","all","SO",0.057,0,0,0.95,28,"28.22",,528,2019-11-21,2,2020,2,217,524,524,536,4,,
"abundance","jags_RW","all","SO",0.148,0,0,0.95,28,"28.22",,529,2019-11-21,3,2020,2,217,524,524,536,5,,
"abundance","jags_RW","all","SO",0.277,0,0,0.95,28,"28.22",,530,2019-11-21,4,2020,2,217,524,524,536,6,,
"abundance","jags_RW","all","SO",0.369,0,0,0.95,28,"28.22",,531,2019-11-21,5,2020,2,217,524,524,536,7,,
"abundance","jags_RW","all","SO",0.315,0,0,0.95,28,"28.22",,532,2019-11-21,6,2020,2,217,524,524,536,8,,
"abundance","jags_RW","all","SO",0.631,0,0,0.95,28,"28.22",,533,2019-11-21,7,2020,2,217,524,524,536,9,,
"abundance","jags_RW","all","SO",0.605,0,0,0.95,28,"28.22",,534,2019-11-21,8,2020,2,217,524,524,536,10,,
"abundance","jags_RW","all","SO",0.767,0,0.005,0.95,28,"28.22",,535,2019-11-21,9,2020,2,217,524,524,536,11,,
"abundance","jags_RW","all","SO",0.952,0,0.015,0.95,28,"28.22",,536,2019-11-21,10,2020,2,217,524,524,536,12,,
