["{\"type\":\"list\",\"attributes\":{\"names\":{\"type\":\"character\",\"attributes\":{},\"value\":[\"Point.Forecast\",\"Lo.95\",\"Hi.95\",\"moon\",\"model\",\"dataset\",\"species\",\"forecast_id\"]}},\"value\":[{\"type\":\"double\",\"attributes\":{},\"value\":[0,0,0,0,0,0,0,0,0,0,0,0,0]},{\"type\":\"double\",\"attributes\":{},\"value\":[-0.52278616,-0.73933128,-0.90549219,-1.04557232,-1.16898539,-1.28055934,-1.38316217,-1.47866256,-1.56835848,-1.653195,-1.73388554,-1.81098439,-1.88493231]},{\"type\":\"double\",\"attributes\":{},\"value\":[0.52278616,0.73933128,0.90549219,1.04557232,1.16898539,1.28055934,1.38316217,1.47866256,1.56835848,1.653195,1.73388554,1.81098439,1.88493231]},{\"type\":\"integer\",\"attributes\":{},\"value\":[524,525,526,527,528,529,530,531,532,533,534,535,536]},{\"type\":\"character\",\"attributes\":{},\"value\":[\"NaiveArima\"]},{\"type\":\"character\",\"attributes\":{},\"value\":[\"all\"]},{\"type\":\"character\",\"attributes\":{},\"value\":[\"SO\"]},{\"type\":\"character\",\"attributes\":{},\"value\":[\"31.22\"]}]}"]
