["{\"type\":\"list\",\"attributes\":{\"names\":{\"type\":\"character\",\"attributes\":{},\"value\":[\"Point.Forecast\",\"Lo.95\",\"Hi.95\",\"moon\",\"model\",\"dataset\",\"species\",\"forecast_id\"]}},\"value\":[{\"type\":\"double\",\"attributes\":{},\"value\":[0.02393823,0.02354985,0.02354985,0.02354985,0.02354985,0.02354985,0.02354985,0.02354985,0.02354985,0.02354985,0.02354985,0.02354985,0.02354985]},{\"type\":\"double\",\"attributes\":{},\"value\":[-0.24765425,-0.24807837,-0.24807837,-0.24807837,-0.24807837,-0.24807837,-0.24807837,-0.24807837,-0.24807837,-0.24807837,-0.24807837,-0.24807837,-0.24807837]},{\"type\":\"double\",\"attributes\":{},\"value\":[0.29553071,0.29517808,0.29517808,0.29517808,0.29517808,0.29517808,0.29517808,0.29517808,0.29517808,0.29517808,0.29517808,0.29517808,0.29517808]},{\"type\":\"integer\",\"attributes\":{},\"value\":[524,525,526,527,528,529,530,531,532,533,534,535,536]},{\"type\":\"character\",\"attributes\":{},\"value\":[\"AutoArima\"]},{\"type\":\"character\",\"attributes\":{},\"value\":[\"all\"]},{\"type\":\"character\",\"attributes\":{},\"value\":[\"RF\"]},{\"type\":\"character\",\"attributes\":{},\"value\":[\"22.16\"]}]}"]
