["{\"type\":\"list\",\"attributes\":{\"names\":{\"type\":\"character\",\"attributes\":{},\"value\":[\"pred\",\"interval\",\"level\",\"global\",\"type\",\"method\",\"B\",\"estim\",\"B_estim\",\"warning_messages\",\"median\",\"mean\",\"lower\",\"upper\"]},\"class\":{\"type\":\"character\",\"attributes\":{},\"value\":[\"forecast\"]}},\"value\":[{\"type\":\"double\",\"attributes\":{},\"value\":[0.70546733,1.19937431,1.55018372,1.78917842,1.96314601,2.08484891,2.17808961,2.24005197,2.27847875,2.2967406,2.30945839,2.31831497,2.32448253]},{\"type\":\"double\",\"attributes\":{\"dim\":{\"type\":\"integer\",\"attributes\":{},\"value\":[13,2]},\"dimnames\":{\"type\":\"list\",\"attributes\":{},\"value\":[{\"type\":\"NULL\"},{\"type\":\"character\",\"attributes\":{},\"value\":[\"lower\",\"upper\"]}]}},\"value\":[0,0,0,0,0,0,0,0,0,0,0,0,0,3,4,6,6,7,7,7,8,8,8,9,9,9]},{\"type\":\"double\",\"attributes\":{},\"value\":[0.95]},{\"type\":\"logical\",\"attributes\":{},\"value\":[false]},{\"type\":\"character\",\"attributes\":{},\"value\":[\"quantiles\"]},{\"type\":\"character\",\"attributes\":{},\"value\":[\"bootstrap\"]},{\"type\":\"double\",\"attributes\":{},\"value\":[1000]},{\"type\":\"character\",\"attributes\":{},\"value\":[\"ignore\"]},{\"type\":\"double\",\"attributes\":{},\"value\":[0]},{\"type\":\"character\",\"attributes\":{},\"value\":[]},{\"type\":\"double\",\"attributes\":{},\"value\":[0,1,1,1,1,1,2,2,2,2,1,2,2]},{\"type\":\"double\",\"attributes\":{\"tsp\":{\"type\":\"double\",\"attributes\":{},\"value\":[1,13,1]},\"class\":{\"type\":\"character\",\"attributes\":{},\"value\":[\"ts\"]}},\"value\":[0.70546733,1.19937431,1.55018372,1.78917842,1.96314601,2.08484891,2.17808961,2.24005197,2.27847875,2.2967406,2.30945839,2.31831497,2.32448253]},{\"type\":\"double\",\"attributes\":{\"dim\":{\"type\":\"integer\",\"attributes\":{},\"value\":[13,1]},\"dimnames\":{\"type\":\"list\",\"attributes\":{},\"value\":[{\"type\":\"NULL\"},{\"type\":\"character\",\"attributes\":{},\"value\":[\"lower\"]}]},\"tsp\":{\"type\":\"double\",\"attributes\":{},\"value\":[1,13,1]},\"class\":{\"type\":\"character\",\"attributes\":{},\"value\":[\"ts\"]}},\"value\":[0,0,0,0,0,0,0,0,0,0,0,0,0]},{\"type\":\"double\",\"attributes\":{\"dim\":{\"type\":\"integer\",\"attributes\":{},\"value\":[13,1]},\"dimnames\":{\"type\":\"list\",\"attributes\":{},\"value\":[{\"type\":\"NULL\"},{\"type\":\"character\",\"attributes\":{},\"value\":[\"upper\"]}]},\"tsp\":{\"type\":\"double\",\"attributes\":{},\"value\":[1,13,1]},\"class\":{\"type\":\"character\",\"attributes\":{},\"value\":[\"ts\"]}},\"value\":[3,4,6,6,7,7,7,8,8,8,9,9,9]}]}"]
