"currency","model","confidence_level","dataset","species","estimate","lower_pi","upper_pi","old_cast_id","forecast_id","origin","newmoonnumber","forecast_date","forecast_month","forecast_year","forecast_group","historic_start_newmoonnumber","historic_end_newmoonnumber","forecast_start_newmoonnumber","forecast_end_newmoonnumber","lead_time_newmoons","max_lag","lag_buffer"
"abundance","nbGARCH",0.95,"exclosures","DO",0.350832330765667,0,2,2814,"2814.03",,559,2022-08-25,8,2022,109,217,558,559,570,1,,
"abundance","nbGARCH",0.95,"exclosures","DO",0.47362508580552,0,2,2814,"2814.03",,560,2022-08-25,9,2022,109,217,558,559,570,2,,
"abundance","nbGARCH",0.95,"exclosures","DO",0.516586668069667,0,2,2814,"2814.03",,561,2022-08-25,10,2022,109,217,558,559,570,3,,
"abundance","nbGARCH",0.95,"exclosures","DO",0.531615908484456,0,2,2814,"2814.03",,562,2022-08-25,11,2022,109,217,558,559,570,4,,
"abundance","nbGARCH",0.95,"exclosures","DO",0.536873377906163,0,3,2814,"2814.03",,563,2022-08-25,12,2022,109,217,558,559,570,5,,
"abundance","nbGARCH",0.95,"exclosures","DO",0.5388802037943,0,3,2814,"2814.03",,564,2022-08-25,1,2023,109,217,558,559,570,6,,
"abundance","nbGARCH",0.95,"exclosures","DO",0.539520448175589,0,2,2814,"2814.03",,565,2022-08-25,2,2023,109,217,558,559,570,7,,
"abundance","nbGARCH",0.95,"exclosures","DO",0.539744455413683,0,2,2814,"2814.03",,566,2022-08-25,3,2023,109,217,558,559,570,8,,
"abundance","nbGARCH",0.95,"exclosures","DO",0.539884846407591,0,3,2814,"2814.03",,567,2022-08-25,4,2023,109,217,558,559,570,9,,
"abundance","nbGARCH",0.95,"exclosures","DO",0.53987195014785,0,3,2814,"2814.03",,568,2022-08-25,5,2023,109,217,558,559,570,10,,
"abundance","nbGARCH",0.95,"exclosures","DO",0.539867438038075,0,2,2814,"2814.03",,569,2022-08-25,6,2023,109,217,558,559,570,11,,
"abundance","nbGARCH",0.95,"exclosures","DO",0.53975985052143,0,2,2814,"2814.03",,570,2022-08-25,7,2023,109,217,558,559,570,12,,
