["{\"type\":\"list\",\"attributes\":{\"names\":{\"type\":\"character\",\"attributes\":{},\"value\":[\"method\",\"model\",\"level\",\"mean\",\"lower\",\"upper\",\"x\",\"series\",\"fitted\",\"residuals\"]},\"class\":{\"type\":\"character\",\"attributes\":{},\"value\":[\"forecast\"]}},\"value\":[{\"type\":\"character\",\"attributes\":{},\"value\":[\"ARIMA(0,1,0)\"]},{\"type\":\"list\",\"attributes\":{\"names\":{\"type\":\"character\",\"attributes\":{},\"value\":[\"coef\",\"sigma2\",\"var.coef\",\"mask\",\"loglik\",\"aic\",\"arma\",\"residuals\",\"call\",\"series\",\"code\",\"n.cond\",\"nobs\",\"model\",\"bic\",\"aicc\",\"x\",\"fitted\"]},\"class\":{\"type\":\"character\",\"attributes\":{},\"value\":[\"forecast_ARIMA\",\"ARIMA\",\"Arima\"]}},\"value\":[{\"type\":\"double\",\"attributes\":{},\"value\":[]},{\"type\":\"double\",\"attributes\":{},\"value\":[19.39388705]},{\"type\":\"double\",\"attributes\":{},\"value\":[]},{\"type\":\"logical\",\"attributes\":{},\"value\":[]},{\"type\":\"double\",\"attributes\":{},\"value\":[-859.68773116]},{\"type\":\"double\",\"attributes\":{},\"value\":[1721.37546231]},{\"type\":\"integer\",\"attributes\":{},\"value\":[0,0,0,0,1,1,0]},{\"type\":\"double\",\"attributes\":{\"tsp\":{\"type\":\"double\",\"attributes\":{},\"value\":[1,373,1]},\"class\":{\"type\":\"character\",\"attributes\":{},\"value\":[\"ts\"]}},\"value\":[0.005,-1,2,2,-4,0,0,5,0,19,9,-10,-14,11,10,-9,33,-23,1,-15,-8,12,2,-8,-6,\"NA\",5.65685425,13,-4,-9,-5,9,-2,\"NA\",-9.19238816,-5,-5,0,0,0,\"NA\",0.70710678,5,1,-1,-3,-2,-1,0,0,0,\"NA\",0,0,0,0,\"NA\",\"NA\",0,0,0,0,0,0,\"NA\",\"NA\",0,0,0,\"NA\",0,0,\"NA\",0,0,\"NA\",\"NA\",0.57735027,2,-1,\"NA\",\"NA\",1.73205081,-3,6,-7,\"NA\",\"NA\",0.57735027,2,-2,0,-1,0,\"NA\",-0.70710678,1,1,0,-1,5,6,-3,-2,2,-3,-2,-2,0,-2,0,0,0,0,0,\"NA\",1.41421356,\"NA\",\"NA\",0,-2,0,\"NA\",2.82842712,-2,\"NA\",\"NA\",-1.15470054,\"NA\",-7.85046229e-17,1.23259516e-32,0,0,1,4,-5,0,0,1,2,-1,-1,\"NA\",0,\"NA\",-0.70710678,0,1,-1,\"NA\",1.41421356,4,-6,4,6,6,\"NA\",2.12132034,-7,1,-12,0,-1,1,7,2,9,1,-16,-2,0,0,0,0,-2,2,2,0,4,-3,-2,-3,0,0,0,0,0,0,0,0,1,\"NA\",0,\"NA\",0.70710678,\"NA\",0,\"NA\",-1.41421356,0,0,1,0,\"NA\",-0.70710678,0,0,0,2,\"NA\",\"NA\",2.30940108,5,-2,-5,\"NA\",0.70710678,-4,2,-2,1,-1,-1,1,0,8,-6,1,\"NA\",1.41421356,\"NA\",-4.24264069,\"NA\",0,\"NA\",0,1,0,2,-3,1,-1,0,0,1,0,-1,\"NA\",2.12132034,3,-2,3,-3,7,-2,-1,-7,8,-3,\"NA\",\"NA\",-3.46410162,1,\"NA\",-0.70710678,5,0,-3,-1,-1,0,\"NA\",\"NA\",0,0,0,1,0,0,\"NA\",-0.70710678,0,0,0,\"NA\",\"NA\",\"NA\",0,0,0,0,0,0,0,0,0,\"NA\",\"NA\",\"NA\",0,0,0,0,0,0,1,-1,1,-1,0,0,\"NA\",\"NA\",\"NA\",\"NA\",\"NA\",\"NA\",\"NA\",\"NA\",\"NA\",\"NA\",\"NA\",\"NA\",\"NA\",\"NA\",\"NA\",\"NA\",0,\"NA\",\"NA\",\"NA\",0,0,0,0,0,0,0,\"NA\",\"NA\",0,2,-2,0,1,\"NA\",-0.70710678,4,5,5,-5,-5,1,\"NA\",\"NA\",3.46410162,-7,\"NA\",-2.12132034,\"NA\",-0.70710678,0,2,-1,-1,\"NA\",0.70710678,-1,0,\"NA\",0,\"NA\",\"NA\"]},{\"type\":\"language\",\"attributes\":{},\"value\":[\"auto.arima(y = c(5L, 4L, 6L, 8L, 4L, 4L, 4L, 9L, 9L, 28L, 37L, \",\"27L, 13L, 24L, 34L, 25L, 58L, 35L, 36L, 21L, 13L, 25L, 27L, 19L, \",\"13L, NA, 21L, 34L, 30L, 21L, 16L, 25L, 23L, NA, 10L, 5L, 0L, \",\"0L, 0L, 0L, NA, 1L, 6L, 7L, 6L, 3L, 1L, 0L, 0L, 0L, 0L, NA, 0L, \",\"0L, 0L, 0L, NA, NA, 0L, 0L, 0L, 0L, 0L, 0L, NA, NA, 0L, 0L, 0L, \",\"NA, 0L, 0L, NA, 0L, 0L, NA, NA, 1L, 3L, 2L, NA, NA, 5L, 2L, 8L, \",\"1L, NA, NA, 2L, 4L, 2L, 2L, 1L, 1L, NA, 0L, 1L, 2L, 2L, 1L, 6L, \",\"12L, 9L, 7L, 9L, 6L, 4L, 2L, 2L, 0L, 0L, 0L, 0L, 0L, 0L, NA, \",\"2L, NA, NA, 2L, 0L, 0L, NA, 4L, 2L, NA, NA, 0L, NA, 0L, 0L, 0L, \",\"0L, 1L, 5L, 0L, 0L, 0L, 1L, 3L, 2L, 1L, NA, 1L, NA, 0L, 0L, 1L, \",\"0L, NA, 2L, 6L, 0L, 4L, 10L, 16L, NA, 19L, 12L, 13L, 1L, 1L, \",\"0L, 1L, 8L, 10L, 19L, 20L, 4L, 2L, 2L, 2L, 2L, 2L, 0L, 2L, 4L, \",\"4L, 8L, 5L, 3L, 0L, 0L, 0L, 0L, 0L, 0L, 0L, 0L, 0L, 1L, NA, 1L, \",\"NA, 2L, NA, 2L, NA, 0L, 0L, 0L, 1L, 1L, NA, 0L, 0L, 0L, 0L, 2L, \",\"NA, NA, 6L, 11L, 9L, 4L, NA, 5L, 1L, 3L, 1L, 2L, 1L, 0L, 1L, \",\"1L, 9L, 3L, 4L, NA, 6L, NA, 0L, NA, 0L, NA, 0L, 1L, 1L, 3L, 0L, \",\"1L, 0L, 0L, 0L, 1L, 1L, 0L, NA, 3L, 6L, 4L, 7L, 4L, 11L, 9L, \",\"8L, 1L, 9L, 6L, NA, NA, 0L, 1L, NA, 0L, 5L, 5L, 2L, 1L, 0L, 0L, \",\"NA, NA, 0L, 0L, 0L, 1L, 1L, 1L, NA, 0L, 0L, 0L, 0L, NA, NA, NA, \",\"0L, 0L, 0L, 0L, 0L, 0L, 0L, 0L, 0L, NA, NA, NA, 0L, 0L, 0L, 0L, \",\"0L, 0L, 1L, 0L, 1L, 0L, 0L, 0L, NA, NA, NA, NA, NA, NA, NA, NA, \",\"NA, NA, NA, NA, NA, NA, NA, NA, 0L, NA, NA, NA, 0L, 0L, 0L, 0L, \",\"0L, 0L, 0L, NA, NA, 0L, 2L, 0L, 0L, 1L, NA, 0L, 4L, 9L, 14L, \",\"9L, 4L, 5L, NA, NA, 11L, 4L, NA, 1L, NA, 0L, 0L, 2L, 1L, 0L, \",\"NA, 1L, 0L, 0L, NA, 0L, NA, NA), x = structure(list(x = structure(c(5L, \",\"4L, 6L, 8L, 4L, 4L, 4L, 9L, 9L, 28L, 37L, 27L, 13L, 24L, 34L, \",\"25L, 58L, 35L, 36L, 21L, 13L, 25L, 27L, 19L, 13L, NA, 21L, 34L, \",\"30L, 21L, 16L, 25L, 23L, NA, 10L, 5L, 0L, 0L, 0L, 0L, NA, 1L, \",\"6L, 7L, 6L, 3L, 1L, 0L, 0L, 0L, 0L, NA, 0L, 0L, 0L, 0L, NA, NA, \",\"0L, 0L, 0L, 0L, 0L, 0L, NA, NA, 0L, 0L, 0L, NA, 0L, 0L, NA, 0L, \",\"0L, NA, NA, 1L, 3L, 2L, NA, NA, 5L, 2L, 8L, 1L, NA, NA, 2L, 4L, \",\"2L, 2L, 1L, 1L, NA, 0L, 1L, 2L, 2L, 1L, 6L, 12L, 9L, 7L, 9L, \",\"6L, 4L, 2L, 2L, 0L, 0L, 0L, 0L, 0L, 0L, NA, 2L, NA, NA, 2L, 0L, \",\"0L, NA, 4L, 2L, NA, NA, 0L, NA, 0L, 0L, 0L, 0L, 1L, 5L, 0L, 0L, \",\"0L, 1L, 3L, 2L, 1L, NA, 1L, NA, 0L, 0L, 1L, 0L, NA, 2L, 6L, 0L, \",\"4L, 10L, 16L, NA, 19L, 12L, 13L, 1L, 1L, 0L, 1L, 8L, 10L, 19L, \",\"20L, 4L, 2L, 2L, 2L, 2L, 2L, 0L, 2L, 4L, 4L, 8L, 5L, 3L, 0L, \",\"0L, 0L, 0L, 0L, 0L, 0L, 0L, 0L, 1L, NA, 1L, NA, 2L, NA, 2L, NA, \",\"0L, 0L, 0L, 1L, 1L, NA, 0L, 0L, 0L, 0L, 2L, NA, NA, 6L, 11L, \",\"9L, 4L, NA, 5L, 1L, 3L, 1L, 2L, 1L, 0L, 1L, 1L, 9L, 3L, 4L, NA, \",\"6L, NA, 0L, NA, 0L, NA, 0L, 1L, 1L, 3L, 0L, 1L, 0L, 0L, 0L, 1L, \",\"1L, 0L, NA, 3L, 6L, 4L, 7L, 4L, 11L, 9L, 8L, 1L, 9L, 6L, NA, \",\"NA, 0L, 1L, NA, 0L, 5L, 5L, 2L, 1L, 0L, 0L, NA, NA, 0L, 0L, 0L, \",\"1L, 1L, 1L, NA, 0L, 0L, 0L, 0L, NA, NA, NA, 0L, 0L, 0L, 0L, 0L, \",\"0L, 0L, 0L, 0L, NA, NA, NA, 0L, 0L, 0L, 0L, 0L, 0L, 1L, 0L, 1L, \",\"0L, 0L, 0L, NA, NA, NA, NA, NA, NA, NA, NA, NA, NA, NA, NA, NA, \",\"NA, NA, NA, 0L, NA, NA, NA, 0L, 0L, 0L, 0L, 0L, 0L, 0L, NA, NA, \",\"0L, 2L, 0L, 0L, 1L, NA, 0L, 4L, 9L, 14L, 9L, 4L, 5L, NA, NA, \",\"11L, 4L, NA, 1L, NA, 0L, 0L, 2L, 1L, 0L, NA, 1L, 0L, 0L, NA, \",\"0L, NA, NA), tsp = c(1, 373, 1), class = \\\"ts\\\")), class = \\\"data.frame\\\", row.names = c(NA, \",\"-373L)))\"]},{\"type\":\"character\",\"attributes\":{},\"value\":[\"c(5L, 4L, 6L, 8L, 4L, 4L, 4L, 9L, 9L, 28L, 37L, 27L, 13L, 24L, \",\"34L, 25L, 58L, 35L, 36L, 21L, 13L, 25L, 27L, 19L, 13L, NA, 21L, \",\"34L, 30L, 21L, 16L, 25L, 23L, NA, 10L, 5L, 0L, 0L, 0L, 0L, NA, \",\"1L, 6L, 7L, 6L, 3L, 1L, 0L, 0L, 0L, 0L, NA, 0L, 0L, 0L, 0L, NA, \",\"NA, 0L, 0L, 0L, 0L, 0L, 0L, NA, NA, 0L, 0L, 0L, NA, 0L, 0L, NA, \",\"0L, 0L, NA, NA, 1L, 3L, 2L, NA, NA, 5L, 2L, 8L, 1L, NA, NA, 2L, \",\"4L, 2L, 2L, 1L, 1L, NA, 0L, 1L, 2L, 2L, 1L, 6L, 12L, 9L, 7L, \",\"9L, 6L, 4L, 2L, 2L, 0L, 0L, 0L, 0L, 0L, 0L, NA, 2L, NA, NA, 2L, \",\"0L, 0L, NA, 4L, 2L, NA, NA, 0L, NA, 0L, 0L, 0L, 0L, 1L, 5L, 0L, \",\"0L, 0L, 1L, 3L, 2L, 1L, NA, 1L, NA, 0L, 0L, 1L, 0L, NA, 2L, 6L, \",\"0L, 4L, 10L, 16L, NA, 19L, 12L, 13L, 1L, 1L, 0L, 1L, 8L, 10L, \",\"19L, 20L, 4L, 2L, 2L, 2L, 2L, 2L, 0L, 2L, 4L, 4L, 8L, 5L, 3L, \",\"0L, 0L, 0L, 0L, 0L, 0L, 0L, 0L, 0L, 1L, NA, 1L, NA, 2L, NA, 2L, \",\"NA, 0L, 0L, 0L, 1L, 1L, NA, 0L, 0L, 0L, 0L, 2L, NA, NA, 6L, 11L, \",\"9L, 4L, NA, 5L, 1L, 3L, 1L, 2L, 1L, 0L, 1L, 1L, 9L, 3L, 4L, NA, \",\"6L, NA, 0L, NA, 0L, NA, 0L, 1L, 1L, 3L, 0L, 1L, 0L, 0L, 0L, 1L, \",\"1L, 0L, NA, 3L, 6L, 4L, 7L, 4L, 11L, 9L, 8L, 1L, 9L, 6L, NA, \",\"NA, 0L, 1L, NA, 0L, 5L, 5L, 2L, 1L, 0L, 0L, NA, NA, 0L, 0L, 0L, \",\"1L, 1L, 1L, NA, 0L, 0L, 0L, 0L, NA, NA, NA, 0L, 0L, 0L, 0L, 0L, \",\"0L, 0L, 0L, 0L, NA, NA, NA, 0L, 0L, 0L, 0L, 0L, 0L, 1L, 0L, 1L, \",\"0L, 0L, 0L, NA, NA, NA, NA, NA, NA, NA, NA, NA, NA, NA, NA, NA, \",\"NA, NA, NA, 0L, NA, NA, NA, 0L, 0L, 0L, 0L, 0L, 0L, 0L, NA, NA, \",\"0L, 2L, 0L, 0L, 1L, NA, 0L, 4L, 9L, 14L, 9L, 4L, 5L, NA, NA, \",\"11L, 4L, NA, 1L, NA, 0L, 0L, 2L, 1L, 0L, NA, 1L, 0L, 0L, NA, \",\"0L, NA, NA)\"]},{\"type\":\"double\",\"attributes\":{},\"value\":[0]},{\"type\":\"double\",\"attributes\":{},\"value\":[0]},{\"type\":\"integer\",\"attributes\":{},\"value\":[289]},{\"type\":\"list\",\"attributes\":{\"names\":{\"type\":\"character\",\"attributes\":{},\"value\":[\"phi\",\"theta\",\"Delta\",\"Z\",\"a\",\"P\",\"T\",\"V\",\"h\",\"Pn\"]}},\"value\":[{\"type\":\"double\",\"attributes\":{},\"value\":[]},{\"type\":\"double\",\"attributes\":{},\"value\":[]},{\"type\":\"double\",\"attributes\":{},\"value\":[1]},{\"type\":\"double\",\"attributes\":{},\"value\":[1,1]},{\"type\":\"double\",\"attributes\":{},\"value\":[0,0]},{\"type\":\"double\",\"attributes\":{\"dim\":{\"type\":\"integer\",\"attributes\":{},\"value\":[2,2]}},\"value\":[1,0,0,1]},{\"type\":\"double\",\"attributes\":{\"dim\":{\"type\":\"integer\",\"attributes\":{},\"value\":[2,2]}},\"value\":[0,1,0,1]},{\"type\":\"double\",\"attributes\":{\"dim\":{\"type\":\"integer\",\"attributes\":{},\"value\":[2,2]}},\"value\":[1,0,0,0]},{\"type\":\"double\",\"attributes\":{},\"value\":[0]},{\"type\":\"double\",\"attributes\":{\"dim\":{\"type\":\"integer\",\"attributes\":{},\"value\":[2,2]}},\"value\":[1,0,0,1]}]},{\"type\":\"double\",\"attributes\":{},\"value\":[1725.041889]},{\"type\":\"double\",\"attributes\":{},\"value\":[1721.3893996]},{\"type\":\"integer\",\"attributes\":{\"tsp\":{\"type\":\"double\",\"attributes\":{},\"value\":[1,373,1]},\"class\":{\"type\":\"character\",\"attributes\":{},\"value\":[\"ts\"]}},\"value\":[5,4,6,8,4,4,4,9,9,28,37,27,13,24,34,25,58,35,36,21,13,25,27,19,13,\"NA\",21,34,30,21,16,25,23,\"NA\",10,5,0,0,0,0,\"NA\",1,6,7,6,3,1,0,0,0,0,\"NA\",0,0,0,0,\"NA\",\"NA\",0,0,0,0,0,0,\"NA\",\"NA\",0,0,0,\"NA\",0,0,\"NA\",0,0,\"NA\",\"NA\",1,3,2,\"NA\",\"NA\",5,2,8,1,\"NA\",\"NA\",2,4,2,2,1,1,\"NA\",0,1,2,2,1,6,12,9,7,9,6,4,2,2,0,0,0,0,0,0,\"NA\",2,\"NA\",\"NA\",2,0,0,\"NA\",4,2,\"NA\",\"NA\",0,\"NA\",0,0,0,0,1,5,0,0,0,1,3,2,1,\"NA\",1,\"NA\",0,0,1,0,\"NA\",2,6,0,4,10,16,\"NA\",19,12,13,1,1,0,1,8,10,19,20,4,2,2,2,2,2,0,2,4,4,8,5,3,0,0,0,0,0,0,0,0,0,1,\"NA\",1,\"NA\",2,\"NA\",2,\"NA\",0,0,0,1,1,\"NA\",0,0,0,0,2,\"NA\",\"NA\",6,11,9,4,\"NA\",5,1,3,1,2,1,0,1,1,9,3,4,\"NA\",6,\"NA\",0,\"NA\",0,\"NA\",0,1,1,3,0,1,0,0,0,1,1,0,\"NA\",3,6,4,7,4,11,9,8,1,9,6,\"NA\",\"NA\",0,1,\"NA\",0,5,5,2,1,0,0,\"NA\",\"NA\",0,0,0,1,1,1,\"NA\",0,0,0,0,\"NA\",\"NA\",\"NA\",0,0,0,0,0,0,0,0,0,\"NA\",\"NA\",\"NA\",0,0,0,0,0,0,1,0,1,0,0,0,\"NA\",\"NA\",\"NA\",\"NA\",\"NA\",\"NA\",\"NA\",\"NA\",\"NA\",\"NA\",\"NA\",\"NA\",\"NA\",\"NA\",\"NA\",\"NA\",0,\"NA\",\"NA\",\"NA\",0,0,0,0,0,0,0,\"NA\",\"NA\",0,2,0,0,1,\"NA\",0,4,9,14,9,4,5,\"NA\",\"NA\",11,4,\"NA\",1,\"NA\",0,0,2,1,0,\"NA\",1,0,0,\"NA\",0,\"NA\",\"NA\"]},{\"type\":\"double\",\"attributes\":{\"tsp\":{\"type\":\"double\",\"attributes\":{},\"value\":[1,373,1]},\"class\":{\"type\":\"character\",\"attributes\":{},\"value\":[\"ts\"]}},\"value\":[4.995,5,4,6,8,4,4,4,9,9,28,37,27,13,24,34,25,58,35,36,21,13,25,27,19,\"NA\",15.34314575,21,34,30,21,16,25,\"NA\",19.19238816,10,5,0,0,0,\"NA\",0.29289322,1,6,7,6,3,1,0,0,0,\"NA\",0,0,0,0,\"NA\",\"NA\",0,0,0,0,0,0,\"NA\",\"NA\",0,0,0,\"NA\",0,0,\"NA\",0,0,\"NA\",\"NA\",0.42264973,1,3,\"NA\",\"NA\",3.26794919,5,2,8,\"NA\",\"NA\",1.42264973,2,4,2,2,1,\"NA\",0.70710678,0,1,2,2,1,6,12,9,7,9,6,4,2,2,0,0,0,0,0,\"NA\",0.58578644,\"NA\",\"NA\",2,2,0,\"NA\",1.17157288,4,\"NA\",\"NA\",1.15470054,\"NA\",7.85046229e-17,-1.23259516e-32,0,0,0,1,5,0,0,0,1,3,2,\"NA\",1,\"NA\",0.70710678,0,0,1,\"NA\",0.58578644,2,6,0,4,10,\"NA\",16.87867966,19,12,13,1,1,0,1,8,10,19,20,4,2,2,2,2,2,0,2,4,4,8,5,3,0,0,0,0,0,0,0,0,0,\"NA\",1,\"NA\",1.29289322,\"NA\",2,\"NA\",1.41421356,0,0,0,1,\"NA\",0.70710678,0,0,0,0,\"NA\",\"NA\",3.69059892,6,11,9,\"NA\",4.29289322,5,1,3,1,2,1,0,1,1,9,3,\"NA\",4.58578644,\"NA\",4.24264069,\"NA\",0,\"NA\",0,0,1,1,3,0,1,0,0,0,1,1,\"NA\",0.87867966,3,6,4,7,4,11,9,8,1,9,\"NA\",\"NA\",3.46410162,0,\"NA\",0.70710678,0,5,5,2,1,0,\"NA\",\"NA\",0,0,0,0,1,1,\"NA\",0.70710678,0,0,0,\"NA\",\"NA\",\"NA\",0,0,0,0,0,0,0,0,0,\"NA\",\"NA\",\"NA\",0,0,0,0,0,0,0,1,0,1,0,0,\"NA\",\"NA\",\"NA\",\"NA\",\"NA\",\"NA\",\"NA\",\"NA\",\"NA\",\"NA\",\"NA\",\"NA\",\"NA\",\"NA\",\"NA\",\"NA\",0,\"NA\",\"NA\",\"NA\",0,0,0,0,0,0,0,\"NA\",\"NA\",0,0,2,0,0,\"NA\",0.70710678,0,4,9,14,9,4,\"NA\",\"NA\",7.53589838,11,\"NA\",3.12132034,\"NA\",0.70710678,0,0,2,1,\"NA\",0.29289322,1,0,\"NA\",0,\"NA\",\"NA\"]}]},{\"type\":\"double\",\"attributes\":{},\"value\":[95]},{\"type\":\"double\",\"attributes\":{\"tsp\":{\"type\":\"double\",\"attributes\":{},\"value\":[374,386,1]},\"class\":{\"type\":\"character\",\"attributes\":{},\"value\":[\"ts\"]}},\"value\":[0,0,0,0,0,0,0,0,0,0,0,0,0]},{\"type\":\"double\",\"attributes\":{\"dim\":{\"type\":\"integer\",\"attributes\":{},\"value\":[13,1]},\"dimnames\":{\"type\":\"list\",\"attributes\":{},\"value\":[{\"type\":\"NULL\"},{\"type\":\"character\",\"attributes\":{},\"value\":[\"95%\"]}]},\"tsp\":{\"type\":\"double\",\"attributes\":{},\"value\":[374,386,1]},\"class\":{\"type\":\"character\",\"attributes\":{},\"value\":[\"ts\"]}},\"value\":[-14.94999851,-17.26277133,-19.30036509,-21.14249065,-22.83649994,-24.41324534,-25.89415699,-27.29483806,-28.62706767,-29.89999702,-31.12090359,-32.29568793,-33.42921293]},{\"type\":\"double\",\"attributes\":{\"dim\":{\"type\":\"integer\",\"attributes\":{},\"value\":[13,1]},\"dimnames\":{\"type\":\"list\",\"attributes\":{},\"value\":[{\"type\":\"NULL\"},{\"type\":\"character\",\"attributes\":{},\"value\":[\"95%\"]}]},\"tsp\":{\"type\":\"double\",\"attributes\":{},\"value\":[374,386,1]},\"class\":{\"type\":\"character\",\"attributes\":{},\"value\":[\"ts\"]}},\"value\":[14.94999851,17.26277133,19.30036509,21.14249065,22.83649994,24.41324534,25.89415699,27.29483806,28.62706767,29.89999702,31.12090359,32.29568793,33.42921293]},{\"type\":\"integer\",\"attributes\":{\"tsp\":{\"type\":\"double\",\"attributes\":{},\"value\":[1,373,1]},\"class\":{\"type\":\"character\",\"attributes\":{},\"value\":[\"ts\"]}},\"value\":[5,4,6,8,4,4,4,9,9,28,37,27,13,24,34,25,58,35,36,21,13,25,27,19,13,\"NA\",21,34,30,21,16,25,23,\"NA\",10,5,0,0,0,0,\"NA\",1,6,7,6,3,1,0,0,0,0,\"NA\",0,0,0,0,\"NA\",\"NA\",0,0,0,0,0,0,\"NA\",\"NA\",0,0,0,\"NA\",0,0,\"NA\",0,0,\"NA\",\"NA\",1,3,2,\"NA\",\"NA\",5,2,8,1,\"NA\",\"NA\",2,4,2,2,1,1,\"NA\",0,1,2,2,1,6,12,9,7,9,6,4,2,2,0,0,0,0,0,0,\"NA\",2,\"NA\",\"NA\",2,0,0,\"NA\",4,2,\"NA\",\"NA\",0,\"NA\",0,0,0,0,1,5,0,0,0,1,3,2,1,\"NA\",1,\"NA\",0,0,1,0,\"NA\",2,6,0,4,10,16,\"NA\",19,12,13,1,1,0,1,8,10,19,20,4,2,2,2,2,2,0,2,4,4,8,5,3,0,0,0,0,0,0,0,0,0,1,\"NA\",1,\"NA\",2,\"NA\",2,\"NA\",0,0,0,1,1,\"NA\",0,0,0,0,2,\"NA\",\"NA\",6,11,9,4,\"NA\",5,1,3,1,2,1,0,1,1,9,3,4,\"NA\",6,\"NA\",0,\"NA\",0,\"NA\",0,1,1,3,0,1,0,0,0,1,1,0,\"NA\",3,6,4,7,4,11,9,8,1,9,6,\"NA\",\"NA\",0,1,\"NA\",0,5,5,2,1,0,0,\"NA\",\"NA\",0,0,0,1,1,1,\"NA\",0,0,0,0,\"NA\",\"NA\",\"NA\",0,0,0,0,0,0,0,0,0,\"NA\",\"NA\",\"NA\",0,0,0,0,0,0,1,0,1,0,0,0,\"NA\",\"NA\",\"NA\",\"NA\",\"NA\",\"NA\",\"NA\",\"NA\",\"NA\",\"NA\",\"NA\",\"NA\",\"NA\",\"NA\",\"NA\",\"NA\",0,\"NA\",\"NA\",\"NA\",0,0,0,0,0,0,0,\"NA\",\"NA\",0,2,0,0,1,\"NA\",0,4,9,14,9,4,5,\"NA\",\"NA\",11,4,\"NA\",1,\"NA\",0,0,2,1,0,\"NA\",1,0,0,\"NA\",0,\"NA\",\"NA\"]},{\"type\":\"character\",\"attributes\":{},\"value\":[\"c(5L, 4L, 6L, 8L, 4L, 4L, 4L, 9L, 9L, 28L, 37L, 27L, 13L, 24L, \",\"34L, 25L, 58L, 35L, 36L, 21L, 13L, 25L, 27L, 19L, 13L, NA, 21L, \",\"34L, 30L, 21L, 16L, 25L, 23L, NA, 10L, 5L, 0L, 0L, 0L, 0L, NA, \",\"1L, 6L, 7L, 6L, 3L, 1L, 0L, 0L, 0L, 0L, NA, 0L, 0L, 0L, 0L, NA, \",\"NA, 0L, 0L, 0L, 0L, 0L, 0L, NA, NA, 0L, 0L, 0L, NA, 0L, 0L, NA, \",\"0L, 0L, NA, NA, 1L, 3L, 2L, NA, NA, 5L, 2L, 8L, 1L, NA, NA, 2L, \",\"4L, 2L, 2L, 1L, 1L, NA, 0L, 1L, 2L, 2L, 1L, 6L, 12L, 9L, 7L, \",\"9L, 6L, 4L, 2L, 2L, 0L, 0L, 0L, 0L, 0L, 0L, NA, 2L, NA, NA, 2L, \",\"0L, 0L, NA, 4L, 2L, NA, NA, 0L, NA, 0L, 0L, 0L, 0L, 1L, 5L, 0L, \",\"0L, 0L, 1L, 3L, 2L, 1L, NA, 1L, NA, 0L, 0L, 1L, 0L, NA, 2L, 6L, \",\"0L, 4L, 10L, 16L, NA, 19L, 12L, 13L, 1L, 1L, 0L, 1L, 8L, 10L, \",\"19L, 20L, 4L, 2L, 2L, 2L, 2L, 2L, 0L, 2L, 4L, 4L, 8L, 5L, 3L, \",\"0L, 0L, 0L, 0L, 0L, 0L, 0L, 0L, 0L, 1L, NA, 1L, NA, 2L, NA, 2L, \",\"NA, 0L, 0L, 0L, 1L, 1L, NA, 0L, 0L, 0L, 0L, 2L, NA, NA, 6L, 11L, \",\"9L, 4L, NA, 5L, 1L, 3L, 1L, 2L, 1L, 0L, 1L, 1L, 9L, 3L, 4L, NA, \",\"6L, NA, 0L, NA, 0L, NA, 0L, 1L, 1L, 3L, 0L, 1L, 0L, 0L, 0L, 1L, \",\"1L, 0L, NA, 3L, 6L, 4L, 7L, 4L, 11L, 9L, 8L, 1L, 9L, 6L, NA, \",\"NA, 0L, 1L, NA, 0L, 5L, 5L, 2L, 1L, 0L, 0L, NA, NA, 0L, 0L, 0L, \",\"1L, 1L, 1L, NA, 0L, 0L, 0L, 0L, NA, NA, NA, 0L, 0L, 0L, 0L, 0L, \",\"0L, 0L, 0L, 0L, NA, NA, NA, 0L, 0L, 0L, 0L, 0L, 0L, 1L, 0L, 1L, \",\"0L, 0L, 0L, NA, NA, NA, NA, NA, NA, NA, NA, NA, NA, NA, NA, NA, \",\"NA, NA, NA, 0L, NA, NA, NA, 0L, 0L, 0L, 0L, 0L, 0L, 0L, NA, NA, \",\"0L, 2L, 0L, 0L, 1L, NA, 0L, 4L, 9L, 14L, 9L, 4L, 5L, NA, NA, \",\"11L, 4L, NA, 1L, NA, 0L, 0L, 2L, 1L, 0L, NA, 1L, 0L, 0L, NA, \",\"0L, NA, NA)\"]},{\"type\":\"double\",\"attributes\":{\"tsp\":{\"type\":\"double\",\"attributes\":{},\"value\":[1,373,1]},\"class\":{\"type\":\"character\",\"attributes\":{},\"value\":[\"ts\"]}},\"value\":[4.995,5,4,6,8,4,4,4,9,9,28,37,27,13,24,34,25,58,35,36,21,13,25,27,19,\"NA\",15.34314575,21,34,30,21,16,25,\"NA\",19.19238816,10,5,0,0,0,\"NA\",0.29289322,1,6,7,6,3,1,0,0,0,\"NA\",0,0,0,0,\"NA\",\"NA\",0,0,0,0,0,0,\"NA\",\"NA\",0,0,0,\"NA\",0,0,\"NA\",0,0,\"NA\",\"NA\",0.42264973,1,3,\"NA\",\"NA\",3.26794919,5,2,8,\"NA\",\"NA\",1.42264973,2,4,2,2,1,\"NA\",0.70710678,0,1,2,2,1,6,12,9,7,9,6,4,2,2,0,0,0,0,0,\"NA\",0.58578644,\"NA\",\"NA\",2,2,0,\"NA\",1.17157288,4,\"NA\",\"NA\",1.15470054,\"NA\",7.85046229e-17,-1.23259516e-32,0,0,0,1,5,0,0,0,1,3,2,\"NA\",1,\"NA\",0.70710678,0,0,1,\"NA\",0.58578644,2,6,0,4,10,\"NA\",16.87867966,19,12,13,1,1,0,1,8,10,19,20,4,2,2,2,2,2,0,2,4,4,8,5,3,0,0,0,0,0,0,0,0,0,\"NA\",1,\"NA\",1.29289322,\"NA\",2,\"NA\",1.41421356,0,0,0,1,\"NA\",0.70710678,0,0,0,0,\"NA\",\"NA\",3.69059892,6,11,9,\"NA\",4.29289322,5,1,3,1,2,1,0,1,1,9,3,\"NA\",4.58578644,\"NA\",4.24264069,\"NA\",0,\"NA\",0,0,1,1,3,0,1,0,0,0,1,1,\"NA\",0.87867966,3,6,4,7,4,11,9,8,1,9,\"NA\",\"NA\",3.46410162,0,\"NA\",0.70710678,0,5,5,2,1,0,\"NA\",\"NA\",0,0,0,0,1,1,\"NA\",0.70710678,0,0,0,\"NA\",\"NA\",\"NA\",0,0,0,0,0,0,0,0,0,\"NA\",\"NA\",\"NA\",0,0,0,0,0,0,0,1,0,1,0,0,\"NA\",\"NA\",\"NA\",\"NA\",\"NA\",\"NA\",\"NA\",\"NA\",\"NA\",\"NA\",\"NA\",\"NA\",\"NA\",\"NA\",\"NA\",\"NA\",0,\"NA\",\"NA\",\"NA\",0,0,0,0,0,0,0,\"NA\",\"NA\",0,0,2,0,0,\"NA\",0.70710678,0,4,9,14,9,4,\"NA\",\"NA\",7.53589838,11,\"NA\",3.12132034,\"NA\",0.70710678,0,0,2,1,\"NA\",0.29289322,1,0,\"NA\",0,\"NA\",\"NA\"]},{\"type\":\"double\",\"attributes\":{\"tsp\":{\"type\":\"double\",\"attributes\":{},\"value\":[1,373,1]},\"class\":{\"type\":\"character\",\"attributes\":{},\"value\":[\"ts\"]}},\"value\":[0.005,-1,2,2,-4,0,0,5,0,19,9,-10,-14,11,10,-9,33,-23,1,-15,-8,12,2,-8,-6,\"NA\",5.65685425,13,-4,-9,-5,9,-2,\"NA\",-9.19238816,-5,-5,0,0,0,\"NA\",0.70710678,5,1,-1,-3,-2,-1,0,0,0,\"NA\",0,0,0,0,\"NA\",\"NA\",0,0,0,0,0,0,\"NA\",\"NA\",0,0,0,\"NA\",0,0,\"NA\",0,0,\"NA\",\"NA\",0.57735027,2,-1,\"NA\",\"NA\",1.73205081,-3,6,-7,\"NA\",\"NA\",0.57735027,2,-2,0,-1,0,\"NA\",-0.70710678,1,1,0,-1,5,6,-3,-2,2,-3,-2,-2,0,-2,0,0,0,0,0,\"NA\",1.41421356,\"NA\",\"NA\",0,-2,0,\"NA\",2.82842712,-2,\"NA\",\"NA\",-1.15470054,\"NA\",-7.85046229e-17,1.23259516e-32,0,0,1,4,-5,0,0,1,2,-1,-1,\"NA\",0,\"NA\",-0.70710678,0,1,-1,\"NA\",1.41421356,4,-6,4,6,6,\"NA\",2.12132034,-7,1,-12,0,-1,1,7,2,9,1,-16,-2,0,0,0,0,-2,2,2,0,4,-3,-2,-3,0,0,0,0,0,0,0,0,1,\"NA\",0,\"NA\",0.70710678,\"NA\",0,\"NA\",-1.41421356,0,0,1,0,\"NA\",-0.70710678,0,0,0,2,\"NA\",\"NA\",2.30940108,5,-2,-5,\"NA\",0.70710678,-4,2,-2,1,-1,-1,1,0,8,-6,1,\"NA\",1.41421356,\"NA\",-4.24264069,\"NA\",0,\"NA\",0,1,0,2,-3,1,-1,0,0,1,0,-1,\"NA\",2.12132034,3,-2,3,-3,7,-2,-1,-7,8,-3,\"NA\",\"NA\",-3.46410162,1,\"NA\",-0.70710678,5,0,-3,-1,-1,0,\"NA\",\"NA\",0,0,0,1,0,0,\"NA\",-0.70710678,0,0,0,\"NA\",\"NA\",\"NA\",0,0,0,0,0,0,0,0,0,\"NA\",\"NA\",\"NA\",0,0,0,0,0,0,1,-1,1,-1,0,0,\"NA\",\"NA\",\"NA\",\"NA\",\"NA\",\"NA\",\"NA\",\"NA\",\"NA\",\"NA\",\"NA\",\"NA\",\"NA\",\"NA\",\"NA\",\"NA\",0,\"NA\",\"NA\",\"NA\",0,0,0,0,0,0,0,\"NA\",\"NA\",0,2,-2,0,1,\"NA\",-0.70710678,4,5,5,-5,-5,1,\"NA\",\"NA\",3.46410162,-7,\"NA\",-2.12132034,\"NA\",-0.70710678,0,2,-1,-1,\"NA\",0.70710678,-1,0,\"NA\",0,\"NA\",\"NA\"]}]}"]
