["{\"type\":\"list\",\"attributes\":{\"names\":{\"type\":\"character\",\"attributes\":{},\"value\":[\"method\",\"model\",\"level\",\"mean\",\"lower\",\"upper\",\"x\",\"series\",\"fitted\",\"residuals\"]},\"class\":{\"type\":\"character\",\"attributes\":{},\"value\":[\"forecast\"]}},\"value\":[{\"type\":\"character\",\"attributes\":{},\"value\":[\"ARIMA(0,1,0)\"]},{\"type\":\"list\",\"attributes\":{\"names\":{\"type\":\"character\",\"attributes\":{},\"value\":[\"coef\",\"sigma2\",\"var.coef\",\"mask\",\"loglik\",\"aic\",\"arma\",\"residuals\",\"call\",\"series\",\"code\",\"n.cond\",\"nobs\",\"model\",\"aicc\",\"bic\",\"x\",\"fitted\"]},\"class\":{\"type\":\"character\",\"attributes\":{},\"value\":[\"forecast_ARIMA\",\"ARIMA\",\"Arima\"]}},\"value\":[{\"type\":\"double\",\"attributes\":{},\"value\":[]},{\"type\":\"double\",\"attributes\":{},\"value\":[127.07083536]},{\"type\":\"double\",\"attributes\":{},\"value\":[]},{\"type\":\"logical\",\"attributes\":{},\"value\":[]},{\"type\":\"double\",\"attributes\":{},\"value\":[-1103.73459695]},{\"type\":\"double\",\"attributes\":{},\"value\":[2209.46919389]},{\"type\":\"integer\",\"attributes\":{},\"value\":[0,0,0,0,1,1,0]},{\"type\":\"double\",\"attributes\":{\"tsp\":{\"type\":\"double\",\"attributes\":{},\"value\":[1,363,1]},\"class\":{\"type\":\"character\",\"attributes\":{},\"value\":[\"ts\"]}},\"value\":[0.009,1,5,6,-3,6,-4,7,0,11,0,-8,-3,3,-1,-10,28,-32,19,-11,-3,15,-1,-3,-5,\"NA\",22.627417,3,-3,-8,4,0,-16,\"NA\",1.41421356,-4,-3,-1,8,3,\"NA\",-12.02081528,15,-12,-1,0,6,-11,2,1,4,\"NA\",-2.12132034,4,-9,-3,\"NA\",\"NA\",-9.23760431,13,15,-14,6,1,\"NA\",\"NA\",3.46410162,8,6,\"NA\",0,-16,\"NA\",-2.12132034,-5,\"NA\",\"NA\",4.04145188,-2,10,\"NA\",\"NA\",7.5055535,-2,3,-6,\"NA\",\"NA\",-7.5055535,13,0,-2,5,2,\"NA\",-21.21320344,21,6,-4,-10,23,8,-4,6,5,-3,-7,-9,-10,-1,-15,-1,-3,4,-8,\"NA\",13.43502884,\"NA\",\"NA\",-2.88675135,-3,3,\"NA\",-2.12132034,-5,\"NA\",\"NA\",4.04145188,\"NA\",6.36396103,2,6,20,-10,-2,-25,5,-7,-4,5,16,0,\"NA\",6.36396103,\"NA\",-26.1629509,28,23,3,\"NA\",-4.24264069,14,-7,17,21,1,\"NA\",-11.3137085,-16,4,-22,-18,7,-3,15,23,-8,4,-49,3,1,-6,3,-2,3,-3,-2,11,6,2,-9,-19,-6,-3,0,-1,-1,1,1,7,3,\"NA\",1.41421356,\"NA\",9.19238816,\"NA\",-13.43502884,\"NA\",0.70710678,-7,5,11,10,\"NA\",-9.89949494,17,5,4,1,\"NA\",\"NA\",-9.23760431,-1,8,7,\"NA\",21.21320344,16,-13,-24,3,-29,-2,-3,-3,4,18,11,\"NA\",-1.41421356,\"NA\",-2.82842712,\"NA\",-11.3137085,\"NA\",-5.65685425,15,3,10,5,9,17,-36,21,-19,-11,-8,\"NA\",7.77817459,17,4,17,-11,7,16,-14,-20,0,-7,\"NA\",\"NA\",-8.08290377,-1,\"NA\",9.89949494,-12,6,-4,-7,-9,1,\"NA\",\"NA\",5.19615242,1,-2,-2,16,-10,\"NA\",6.36396103,20,-34,-4,\"NA\",\"NA\",\"NA\",-2,3,3,0,-2,-9,1,-4,-4,\"NA\",\"NA\",\"NA\",2,2,1,-3,7,-5,6,5,-8,-6,0,17,\"NA\",\"NA\",\"NA\",\"NA\",\"NA\",\"NA\",\"NA\",\"NA\",\"NA\",\"NA\",\"NA\",\"NA\",\"NA\",\"NA\",\"NA\",\"NA\",-0.24253563,\"NA\",\"NA\",\"NA\",1.5,8,3,-6,-5,7,25,\"NA\",\"NA\",19.05255888,-13,-14,-8,-9,\"NA\",-12.02081528,-7,21,0,45,-11,3,\"NA\",\"NA\",-12.12435565,-7,\"NA\",-11.3137085,\"NA\",-11.3137085,-4,\"NA\"]},{\"type\":\"language\",\"attributes\":{},\"value\":[\"Arima(y = c(9L, 10L, 15L, 21L, 18L, 24L, 20L, 27L, 27L, 38L, \",\"38L, 30L, 27L, 30L, 29L, 19L, 47L, 15L, 34L, 23L, 20L, 35L, 34L, \",\"31L, 26L, NA, 58L, 61L, 58L, 50L, 54L, 54L, 38L, NA, 40L, 36L, \",\"33L, 32L, 40L, 43L, NA, 26L, 41L, 29L, 28L, 28L, 34L, 23L, 25L, \",\"26L, 30L, NA, 27L, 31L, 22L, 19L, NA, NA, 3L, 16L, 31L, 17L, \",\"23L, 24L, NA, NA, 30L, 38L, 44L, NA, 44L, 28L, NA, 25L, 20L, \",\"NA, NA, 27L, 25L, 35L, NA, NA, 48L, 46L, 49L, 43L, NA, NA, 30L, \",\"43L, 43L, 41L, 46L, 48L, NA, 18L, 39L, 45L, 41L, 31L, 54L, 62L, \",\"58L, 64L, 69L, 66L, 59L, 50L, 40L, 39L, 24L, 23L, 20L, 24L, 16L, \",\"NA, 35L, NA, NA, 30L, 27L, 30L, NA, 27L, 22L, NA, NA, 29L, NA, \",\"38L, 40L, 46L, 66L, 56L, 54L, 29L, 34L, 27L, 23L, 28L, 44L, 44L, \",\"NA, 53L, NA, 16L, 44L, 67L, 70L, NA, 64L, 78L, 71L, 88L, 109L, \",\"110L, NA, 94L, 78L, 82L, 60L, 42L, 49L, 46L, 61L, 84L, 76L, 80L, \",\"31L, 34L, 35L, 29L, 32L, 30L, 33L, 30L, 28L, 39L, 45L, 47L, 38L, \",\"19L, 13L, 10L, 10L, 9L, 8L, 9L, 10L, 17L, 20L, NA, 22L, NA, 35L, \",\"NA, 16L, NA, 17L, 10L, 15L, 26L, 36L, NA, 22L, 39L, 44L, 48L, \",\"49L, NA, NA, 33L, 32L, 40L, 47L, NA, 77L, 93L, 80L, 56L, 59L, \",\"30L, 28L, 25L, 22L, 26L, 44L, 55L, NA, 53L, NA, 49L, NA, 33L, \",\"NA, 25L, 40L, 43L, 53L, 58L, 67L, 84L, 48L, 69L, 50L, 39L, 31L, \",\"NA, 42L, 59L, 63L, 80L, 69L, 76L, 92L, 78L, 58L, 58L, 51L, NA, \",\"NA, 37L, 36L, NA, 50L, 38L, 44L, 40L, 33L, 24L, 25L, NA, NA, \",\"34L, 35L, 33L, 31L, 47L, 37L, NA, 46L, 66L, 32L, 28L, NA, NA, \",\"NA, 24L, 27L, 30L, 30L, 28L, 19L, 20L, 16L, 12L, NA, NA, NA, \",\"16L, 18L, 19L, 16L, 23L, 18L, 24L, 29L, 21L, 15L, 15L, 32L, NA, \",\"NA, NA, NA, NA, NA, NA, NA, NA, NA, NA, NA, NA, NA, NA, NA, 31L, \",\"NA, NA, NA, 34L, 42L, 45L, 39L, 34L, 41L, 66L, NA, NA, 99L, 86L, \",\"72L, 64L, 55L, NA, 38L, 31L, 52L, 52L, 97L, 86L, 89L, NA, NA, \",\"68L, 61L, NA, 45L, NA, 29L, 25L, NA), order = c(0, 1, 0))\"]},{\"type\":\"character\",\"attributes\":{},\"value\":[\"c(9L, 10L, 15L, 21L, 18L, 24L, 20L, 27L, 27L, 38L, 38L, 30L, \",\"27L, 30L, 29L, 19L, 47L, 15L, 34L, 23L, 20L, 35L, 34L, 31L, 26L, \",\"NA, 58L, 61L, 58L, 50L, 54L, 54L, 38L, NA, 40L, 36L, 33L, 32L, \",\"40L, 43L, NA, 26L, 41L, 29L, 28L, 28L, 34L, 23L, 25L, 26L, 30L, \",\"NA, 27L, 31L, 22L, 19L, NA, NA, 3L, 16L, 31L, 17L, 23L, 24L, \",\"NA, NA, 30L, 38L, 44L, NA, 44L, 28L, NA, 25L, 20L, NA, NA, 27L, \",\"25L, 35L, NA, NA, 48L, 46L, 49L, 43L, NA, NA, 30L, 43L, 43L, \",\"41L, 46L, 48L, NA, 18L, 39L, 45L, 41L, 31L, 54L, 62L, 58L, 64L, \",\"69L, 66L, 59L, 50L, 40L, 39L, 24L, 23L, 20L, 24L, 16L, NA, 35L, \",\"NA, NA, 30L, 27L, 30L, NA, 27L, 22L, NA, NA, 29L, NA, 38L, 40L, \",\"46L, 66L, 56L, 54L, 29L, 34L, 27L, 23L, 28L, 44L, 44L, NA, 53L, \",\"NA, 16L, 44L, 67L, 70L, NA, 64L, 78L, 71L, 88L, 109L, 110L, NA, \",\"94L, 78L, 82L, 60L, 42L, 49L, 46L, 61L, 84L, 76L, 80L, 31L, 34L, \",\"35L, 29L, 32L, 30L, 33L, 30L, 28L, 39L, 45L, 47L, 38L, 19L, 13L, \",\"10L, 10L, 9L, 8L, 9L, 10L, 17L, 20L, NA, 22L, NA, 35L, NA, 16L, \",\"NA, 17L, 10L, 15L, 26L, 36L, NA, 22L, 39L, 44L, 48L, 49L, NA, \",\"NA, 33L, 32L, 40L, 47L, NA, 77L, 93L, 80L, 56L, 59L, 30L, 28L, \",\"25L, 22L, 26L, 44L, 55L, NA, 53L, NA, 49L, NA, 33L, NA, 25L, \",\"40L, 43L, 53L, 58L, 67L, 84L, 48L, 69L, 50L, 39L, 31L, NA, 42L, \",\"59L, 63L, 80L, 69L, 76L, 92L, 78L, 58L, 58L, 51L, NA, NA, 37L, \",\"36L, NA, 50L, 38L, 44L, 40L, 33L, 24L, 25L, NA, NA, 34L, 35L, \",\"33L, 31L, 47L, 37L, NA, 46L, 66L, 32L, 28L, NA, NA, NA, 24L, \",\"27L, 30L, 30L, 28L, 19L, 20L, 16L, 12L, NA, NA, NA, 16L, 18L, \",\"19L, 16L, 23L, 18L, 24L, 29L, 21L, 15L, 15L, 32L, NA, NA, NA, \",\"NA, NA, NA, NA, NA, NA, NA, NA, NA, NA, NA, NA, NA, 31L, NA, \",\"NA, NA, 34L, 42L, 45L, 39L, 34L, 41L, 66L, NA, NA, 99L, 86L, \",\"72L, 64L, 55L, NA, 38L, 31L, 52L, 52L, 97L, 86L, 89L, NA, NA, \",\"68L, 61L, NA, 45L, NA, 29L, 25L, NA)\"]},{\"type\":\"double\",\"attributes\":{},\"value\":[0]},{\"type\":\"double\",\"attributes\":{},\"value\":[0]},{\"type\":\"integer\",\"attributes\":{},\"value\":[282]},{\"type\":\"list\",\"attributes\":{\"names\":{\"type\":\"character\",\"attributes\":{},\"value\":[\"phi\",\"theta\",\"Delta\",\"Z\",\"a\",\"P\",\"T\",\"V\",\"h\",\"Pn\"]}},\"value\":[{\"type\":\"double\",\"attributes\":{},\"value\":[]},{\"type\":\"double\",\"attributes\":{},\"value\":[]},{\"type\":\"double\",\"attributes\":{},\"value\":[1]},{\"type\":\"double\",\"attributes\":{},\"value\":[1,1]},{\"type\":\"double\",\"attributes\":{},\"value\":[0,25]},{\"type\":\"double\",\"attributes\":{\"dim\":{\"type\":\"integer\",\"attributes\":{},\"value\":[2,2]}},\"value\":[1,0,0,0]},{\"type\":\"double\",\"attributes\":{\"dim\":{\"type\":\"integer\",\"attributes\":{},\"value\":[2,2]}},\"value\":[0,1,0,1]},{\"type\":\"double\",\"attributes\":{\"dim\":{\"type\":\"integer\",\"attributes\":{},\"value\":[2,2]}},\"value\":[1,0,0,0]},{\"type\":\"double\",\"attributes\":{},\"value\":[0]},{\"type\":\"double\",\"attributes\":{\"dim\":{\"type\":\"integer\",\"attributes\":{},\"value\":[2,2]}},\"value\":[1,0,0,0]}]},{\"type\":\"double\",\"attributes\":{},\"value\":[2209.48347961]},{\"type\":\"double\",\"attributes\":{},\"value\":[2213.11110096]},{\"type\":\"integer\",\"attributes\":{\"tsp\":{\"type\":\"double\",\"attributes\":{},\"value\":[1,363,1]},\"class\":{\"type\":\"character\",\"attributes\":{},\"value\":[\"ts\"]}},\"value\":[9,10,15,21,18,24,20,27,27,38,38,30,27,30,29,19,47,15,34,23,20,35,34,31,26,\"NA\",58,61,58,50,54,54,38,\"NA\",40,36,33,32,40,43,\"NA\",26,41,29,28,28,34,23,25,26,30,\"NA\",27,31,22,19,\"NA\",\"NA\",3,16,31,17,23,24,\"NA\",\"NA\",30,38,44,\"NA\",44,28,\"NA\",25,20,\"NA\",\"NA\",27,25,35,\"NA\",\"NA\",48,46,49,43,\"NA\",\"NA\",30,43,43,41,46,48,\"NA\",18,39,45,41,31,54,62,58,64,69,66,59,50,40,39,24,23,20,24,16,\"NA\",35,\"NA\",\"NA\",30,27,30,\"NA\",27,22,\"NA\",\"NA\",29,\"NA\",38,40,46,66,56,54,29,34,27,23,28,44,44,\"NA\",53,\"NA\",16,44,67,70,\"NA\",64,78,71,88,109,110,\"NA\",94,78,82,60,42,49,46,61,84,76,80,31,34,35,29,32,30,33,30,28,39,45,47,38,19,13,10,10,9,8,9,10,17,20,\"NA\",22,\"NA\",35,\"NA\",16,\"NA\",17,10,15,26,36,\"NA\",22,39,44,48,49,\"NA\",\"NA\",33,32,40,47,\"NA\",77,93,80,56,59,30,28,25,22,26,44,55,\"NA\",53,\"NA\",49,\"NA\",33,\"NA\",25,40,43,53,58,67,84,48,69,50,39,31,\"NA\",42,59,63,80,69,76,92,78,58,58,51,\"NA\",\"NA\",37,36,\"NA\",50,38,44,40,33,24,25,\"NA\",\"NA\",34,35,33,31,47,37,\"NA\",46,66,32,28,\"NA\",\"NA\",\"NA\",24,27,30,30,28,19,20,16,12,\"NA\",\"NA\",\"NA\",16,18,19,16,23,18,24,29,21,15,15,32,\"NA\",\"NA\",\"NA\",\"NA\",\"NA\",\"NA\",\"NA\",\"NA\",\"NA\",\"NA\",\"NA\",\"NA\",\"NA\",\"NA\",\"NA\",\"NA\",31,\"NA\",\"NA\",\"NA\",34,42,45,39,34,41,66,\"NA\",\"NA\",99,86,72,64,55,\"NA\",38,31,52,52,97,86,89,\"NA\",\"NA\",68,61,\"NA\",45,\"NA\",29,25,\"NA\"]},{\"type\":\"double\",\"attributes\":{\"tsp\":{\"type\":\"double\",\"attributes\":{},\"value\":[1,363,1]},\"class\":{\"type\":\"character\",\"attributes\":{},\"value\":[\"ts\"]}},\"value\":[8.991,9,10,15,21,18,24,20,27,27,38,38,30,27,30,29,19,47,15,34,23,20,35,34,31,\"NA\",35.372583,58,61,58,50,54,54,\"NA\",38.58578644,40,36,33,32,40,\"NA\",38.02081528,26,41,29,28,28,34,23,25,26,\"NA\",29.12132034,27,31,22,\"NA\",\"NA\",12.23760431,3,16,31,17,23,\"NA\",\"NA\",26.53589838,30,38,\"NA\",44,44,\"NA\",27.12132034,25,\"NA\",\"NA\",22.95854812,27,25,\"NA\",\"NA\",40.4944465,48,46,49,\"NA\",\"NA\",37.5055535,30,43,43,41,46,\"NA\",39.21320344,18,39,45,41,31,54,62,58,64,69,66,59,50,40,39,24,23,20,24,\"NA\",21.56497116,\"NA\",\"NA\",32.88675135,30,27,\"NA\",29.12132034,27,\"NA\",\"NA\",24.95854812,\"NA\",31.63603897,38,40,46,66,56,54,29,34,27,23,28,44,\"NA\",46.63603897,\"NA\",42.1629509,16,44,67,\"NA\",68.24264069,64,78,71,88,109,\"NA\",105.3137085,94,78,82,60,42,49,46,61,84,76,80,31,34,35,29,32,30,33,30,28,39,45,47,38,19,13,10,10,9,8,9,10,17,\"NA\",20.58578644,\"NA\",25.80761184,\"NA\",29.43502884,\"NA\",16.29289322,17,10,15,26,\"NA\",31.89949494,22,39,44,48,\"NA\",\"NA\",42.23760431,33,32,40,\"NA\",55.78679656,77,93,80,56,59,30,28,25,22,26,44,\"NA\",54.41421356,\"NA\",51.82842712,\"NA\",44.3137085,\"NA\",30.65685425,25,40,43,53,58,67,84,48,69,50,39,\"NA\",34.22182541,42,59,63,80,69,76,92,78,58,58,\"NA\",\"NA\",45.08290377,37,\"NA\",40.10050506,50,38,44,40,33,24,\"NA\",\"NA\",28.80384758,34,35,33,31,47,\"NA\",39.63603897,46,66,32,\"NA\",\"NA\",\"NA\",26,24,27,30,30,28,19,20,16,\"NA\",\"NA\",\"NA\",14,16,18,19,16,23,18,24,29,21,15,15,\"NA\",\"NA\",\"NA\",\"NA\",\"NA\",\"NA\",\"NA\",\"NA\",\"NA\",\"NA\",\"NA\",\"NA\",\"NA\",\"NA\",\"NA\",\"NA\",31.24253563,\"NA\",\"NA\",\"NA\",32.5,34,42,45,39,34,41,\"NA\",\"NA\",79.94744112,99,86,72,64,\"NA\",50.02081528,38,31,52,52,97,86,\"NA\",\"NA\",80.12435565,68,\"NA\",56.3137085,\"NA\",40.3137085,29,\"NA\"]}]},{\"type\":\"double\",\"attributes\":{},\"value\":[95]},{\"type\":\"double\",\"attributes\":{\"tsp\":{\"type\":\"double\",\"attributes\":{},\"value\":[364,376,1]},\"class\":{\"type\":\"character\",\"attributes\":{},\"value\":[\"ts\"]}},\"value\":[25,25,25,25,25,25,25,25,25,25,25,25,25]},{\"type\":\"double\",\"attributes\":{\"dim\":{\"type\":\"integer\",\"attributes\":{},\"value\":[13,1]},\"dimnames\":{\"type\":\"list\",\"attributes\":{},\"value\":[{\"type\":\"NULL\"},{\"type\":\"character\",\"attributes\":{},\"value\":[\"95%\"]}]},\"tsp\":{\"type\":\"double\",\"attributes\":{},\"value\":[364,376,1]},\"class\":{\"type\":\"character\",\"attributes\":{},\"value\":[\"ts\"]}},\"value\":[-6.24539586,-13.26763834,-19.18766259,-24.40330866,-29.11861314,-33.45478312,-37.49079173,-41.28149389,-44.86682914,-48.27694859,-51.53527668,-54.66044161,-57.66754707]},{\"type\":\"double\",\"attributes\":{\"dim\":{\"type\":\"integer\",\"attributes\":{},\"value\":[13,1]},\"dimnames\":{\"type\":\"list\",\"attributes\":{},\"value\":[{\"type\":\"NULL\"},{\"type\":\"character\",\"attributes\":{},\"value\":[\"95%\"]}]},\"tsp\":{\"type\":\"double\",\"attributes\":{},\"value\":[364,376,1]},\"class\":{\"type\":\"character\",\"attributes\":{},\"value\":[\"ts\"]}},\"value\":[56.24539586,63.26763834,69.18766259,74.40330866,79.11861314,83.45478312,87.49079173,91.28149389,94.86682914,98.27694859,101.53527668,104.66044161,107.66754707]},{\"type\":\"integer\",\"attributes\":{\"tsp\":{\"type\":\"double\",\"attributes\":{},\"value\":[1,363,1]},\"class\":{\"type\":\"character\",\"attributes\":{},\"value\":[\"ts\"]}},\"value\":[9,10,15,21,18,24,20,27,27,38,38,30,27,30,29,19,47,15,34,23,20,35,34,31,26,\"NA\",58,61,58,50,54,54,38,\"NA\",40,36,33,32,40,43,\"NA\",26,41,29,28,28,34,23,25,26,30,\"NA\",27,31,22,19,\"NA\",\"NA\",3,16,31,17,23,24,\"NA\",\"NA\",30,38,44,\"NA\",44,28,\"NA\",25,20,\"NA\",\"NA\",27,25,35,\"NA\",\"NA\",48,46,49,43,\"NA\",\"NA\",30,43,43,41,46,48,\"NA\",18,39,45,41,31,54,62,58,64,69,66,59,50,40,39,24,23,20,24,16,\"NA\",35,\"NA\",\"NA\",30,27,30,\"NA\",27,22,\"NA\",\"NA\",29,\"NA\",38,40,46,66,56,54,29,34,27,23,28,44,44,\"NA\",53,\"NA\",16,44,67,70,\"NA\",64,78,71,88,109,110,\"NA\",94,78,82,60,42,49,46,61,84,76,80,31,34,35,29,32,30,33,30,28,39,45,47,38,19,13,10,10,9,8,9,10,17,20,\"NA\",22,\"NA\",35,\"NA\",16,\"NA\",17,10,15,26,36,\"NA\",22,39,44,48,49,\"NA\",\"NA\",33,32,40,47,\"NA\",77,93,80,56,59,30,28,25,22,26,44,55,\"NA\",53,\"NA\",49,\"NA\",33,\"NA\",25,40,43,53,58,67,84,48,69,50,39,31,\"NA\",42,59,63,80,69,76,92,78,58,58,51,\"NA\",\"NA\",37,36,\"NA\",50,38,44,40,33,24,25,\"NA\",\"NA\",34,35,33,31,47,37,\"NA\",46,66,32,28,\"NA\",\"NA\",\"NA\",24,27,30,30,28,19,20,16,12,\"NA\",\"NA\",\"NA\",16,18,19,16,23,18,24,29,21,15,15,32,\"NA\",\"NA\",\"NA\",\"NA\",\"NA\",\"NA\",\"NA\",\"NA\",\"NA\",\"NA\",\"NA\",\"NA\",\"NA\",\"NA\",\"NA\",\"NA\",31,\"NA\",\"NA\",\"NA\",34,42,45,39,34,41,66,\"NA\",\"NA\",99,86,72,64,55,\"NA\",38,31,52,52,97,86,89,\"NA\",\"NA\",68,61,\"NA\",45,\"NA\",29,25,\"NA\"]},{\"type\":\"character\",\"attributes\":{},\"value\":[\"c(9L, 10L, 15L, 21L, 18L, 24L, 20L, 27L, 27L, 38L, 38L, 30L, \",\"27L, 30L, 29L, 19L, 47L, 15L, 34L, 23L, 20L, 35L, 34L, 31L, 26L, \",\"NA, 58L, 61L, 58L, 50L, 54L, 54L, 38L, NA, 40L, 36L, 33L, 32L, \",\"40L, 43L, NA, 26L, 41L, 29L, 28L, 28L, 34L, 23L, 25L, 26L, 30L, \",\"NA, 27L, 31L, 22L, 19L, NA, NA, 3L, 16L, 31L, 17L, 23L, 24L, \",\"NA, NA, 30L, 38L, 44L, NA, 44L, 28L, NA, 25L, 20L, NA, NA, 27L, \",\"25L, 35L, NA, NA, 48L, 46L, 49L, 43L, NA, NA, 30L, 43L, 43L, \",\"41L, 46L, 48L, NA, 18L, 39L, 45L, 41L, 31L, 54L, 62L, 58L, 64L, \",\"69L, 66L, 59L, 50L, 40L, 39L, 24L, 23L, 20L, 24L, 16L, NA, 35L, \",\"NA, NA, 30L, 27L, 30L, NA, 27L, 22L, NA, NA, 29L, NA, 38L, 40L, \",\"46L, 66L, 56L, 54L, 29L, 34L, 27L, 23L, 28L, 44L, 44L, NA, 53L, \",\"NA, 16L, 44L, 67L, 70L, NA, 64L, 78L, 71L, 88L, 109L, 110L, NA, \",\"94L, 78L, 82L, 60L, 42L, 49L, 46L, 61L, 84L, 76L, 80L, 31L, 34L, \",\"35L, 29L, 32L, 30L, 33L, 30L, 28L, 39L, 45L, 47L, 38L, 19L, 13L, \",\"10L, 10L, 9L, 8L, 9L, 10L, 17L, 20L, NA, 22L, NA, 35L, NA, 16L, \",\"NA, 17L, 10L, 15L, 26L, 36L, NA, 22L, 39L, 44L, 48L, 49L, NA, \",\"NA, 33L, 32L, 40L, 47L, NA, 77L, 93L, 80L, 56L, 59L, 30L, 28L, \",\"25L, 22L, 26L, 44L, 55L, NA, 53L, NA, 49L, NA, 33L, NA, 25L, \",\"40L, 43L, 53L, 58L, 67L, 84L, 48L, 69L, 50L, 39L, 31L, NA, 42L, \",\"59L, 63L, 80L, 69L, 76L, 92L, 78L, 58L, 58L, 51L, NA, NA, 37L, \",\"36L, NA, 50L, 38L, 44L, 40L, 33L, 24L, 25L, NA, NA, 34L, 35L, \",\"33L, 31L, 47L, 37L, NA, 46L, 66L, 32L, 28L, NA, NA, NA, 24L, \",\"27L, 30L, 30L, 28L, 19L, 20L, 16L, 12L, NA, NA, NA, 16L, 18L, \",\"19L, 16L, 23L, 18L, 24L, 29L, 21L, 15L, 15L, 32L, NA, NA, NA, \",\"NA, NA, NA, NA, NA, NA, NA, NA, NA, NA, NA, NA, NA, 31L, NA, \",\"NA, NA, 34L, 42L, 45L, 39L, 34L, 41L, 66L, NA, NA, 99L, 86L, \",\"72L, 64L, 55L, NA, 38L, 31L, 52L, 52L, 97L, 86L, 89L, NA, NA, \",\"68L, 61L, NA, 45L, NA, 29L, 25L, NA)\"]},{\"type\":\"double\",\"attributes\":{\"tsp\":{\"type\":\"double\",\"attributes\":{},\"value\":[1,363,1]},\"class\":{\"type\":\"character\",\"attributes\":{},\"value\":[\"ts\"]}},\"value\":[8.991,9,10,15,21,18,24,20,27,27,38,38,30,27,30,29,19,47,15,34,23,20,35,34,31,\"NA\",35.372583,58,61,58,50,54,54,\"NA\",38.58578644,40,36,33,32,40,\"NA\",38.02081528,26,41,29,28,28,34,23,25,26,\"NA\",29.12132034,27,31,22,\"NA\",\"NA\",12.23760431,3,16,31,17,23,\"NA\",\"NA\",26.53589838,30,38,\"NA\",44,44,\"NA\",27.12132034,25,\"NA\",\"NA\",22.95854812,27,25,\"NA\",\"NA\",40.4944465,48,46,49,\"NA\",\"NA\",37.5055535,30,43,43,41,46,\"NA\",39.21320344,18,39,45,41,31,54,62,58,64,69,66,59,50,40,39,24,23,20,24,\"NA\",21.56497116,\"NA\",\"NA\",32.88675135,30,27,\"NA\",29.12132034,27,\"NA\",\"NA\",24.95854812,\"NA\",31.63603897,38,40,46,66,56,54,29,34,27,23,28,44,\"NA\",46.63603897,\"NA\",42.1629509,16,44,67,\"NA\",68.24264069,64,78,71,88,109,\"NA\",105.3137085,94,78,82,60,42,49,46,61,84,76,80,31,34,35,29,32,30,33,30,28,39,45,47,38,19,13,10,10,9,8,9,10,17,\"NA\",20.58578644,\"NA\",25.80761184,\"NA\",29.43502884,\"NA\",16.29289322,17,10,15,26,\"NA\",31.89949494,22,39,44,48,\"NA\",\"NA\",42.23760431,33,32,40,\"NA\",55.78679656,77,93,80,56,59,30,28,25,22,26,44,\"NA\",54.41421356,\"NA\",51.82842712,\"NA\",44.3137085,\"NA\",30.65685425,25,40,43,53,58,67,84,48,69,50,39,\"NA\",34.22182541,42,59,63,80,69,76,92,78,58,58,\"NA\",\"NA\",45.08290377,37,\"NA\",40.10050506,50,38,44,40,33,24,\"NA\",\"NA\",28.80384758,34,35,33,31,47,\"NA\",39.63603897,46,66,32,\"NA\",\"NA\",\"NA\",26,24,27,30,30,28,19,20,16,\"NA\",\"NA\",\"NA\",14,16,18,19,16,23,18,24,29,21,15,15,\"NA\",\"NA\",\"NA\",\"NA\",\"NA\",\"NA\",\"NA\",\"NA\",\"NA\",\"NA\",\"NA\",\"NA\",\"NA\",\"NA\",\"NA\",\"NA\",31.24253563,\"NA\",\"NA\",\"NA\",32.5,34,42,45,39,34,41,\"NA\",\"NA\",79.94744112,99,86,72,64,\"NA\",50.02081528,38,31,52,52,97,86,\"NA\",\"NA\",80.12435565,68,\"NA\",56.3137085,\"NA\",40.3137085,29,\"NA\"]},{\"type\":\"double\",\"attributes\":{\"tsp\":{\"type\":\"double\",\"attributes\":{},\"value\":[1,363,1]},\"class\":{\"type\":\"character\",\"attributes\":{},\"value\":[\"ts\"]}},\"value\":[0.009,1,5,6,-3,6,-4,7,0,11,0,-8,-3,3,-1,-10,28,-32,19,-11,-3,15,-1,-3,-5,\"NA\",22.627417,3,-3,-8,4,0,-16,\"NA\",1.41421356,-4,-3,-1,8,3,\"NA\",-12.02081528,15,-12,-1,0,6,-11,2,1,4,\"NA\",-2.12132034,4,-9,-3,\"NA\",\"NA\",-9.23760431,13,15,-14,6,1,\"NA\",\"NA\",3.46410162,8,6,\"NA\",0,-16,\"NA\",-2.12132034,-5,\"NA\",\"NA\",4.04145188,-2,10,\"NA\",\"NA\",7.5055535,-2,3,-6,\"NA\",\"NA\",-7.5055535,13,0,-2,5,2,\"NA\",-21.21320344,21,6,-4,-10,23,8,-4,6,5,-3,-7,-9,-10,-1,-15,-1,-3,4,-8,\"NA\",13.43502884,\"NA\",\"NA\",-2.88675135,-3,3,\"NA\",-2.12132034,-5,\"NA\",\"NA\",4.04145188,\"NA\",6.36396103,2,6,20,-10,-2,-25,5,-7,-4,5,16,0,\"NA\",6.36396103,\"NA\",-26.1629509,28,23,3,\"NA\",-4.24264069,14,-7,17,21,1,\"NA\",-11.3137085,-16,4,-22,-18,7,-3,15,23,-8,4,-49,3,1,-6,3,-2,3,-3,-2,11,6,2,-9,-19,-6,-3,0,-1,-1,1,1,7,3,\"NA\",1.41421356,\"NA\",9.19238816,\"NA\",-13.43502884,\"NA\",0.70710678,-7,5,11,10,\"NA\",-9.89949494,17,5,4,1,\"NA\",\"NA\",-9.23760431,-1,8,7,\"NA\",21.21320344,16,-13,-24,3,-29,-2,-3,-3,4,18,11,\"NA\",-1.41421356,\"NA\",-2.82842712,\"NA\",-11.3137085,\"NA\",-5.65685425,15,3,10,5,9,17,-36,21,-19,-11,-8,\"NA\",7.77817459,17,4,17,-11,7,16,-14,-20,0,-7,\"NA\",\"NA\",-8.08290377,-1,\"NA\",9.89949494,-12,6,-4,-7,-9,1,\"NA\",\"NA\",5.19615242,1,-2,-2,16,-10,\"NA\",6.36396103,20,-34,-4,\"NA\",\"NA\",\"NA\",-2,3,3,0,-2,-9,1,-4,-4,\"NA\",\"NA\",\"NA\",2,2,1,-3,7,-5,6,5,-8,-6,0,17,\"NA\",\"NA\",\"NA\",\"NA\",\"NA\",\"NA\",\"NA\",\"NA\",\"NA\",\"NA\",\"NA\",\"NA\",\"NA\",\"NA\",\"NA\",\"NA\",-0.24253563,\"NA\",\"NA\",\"NA\",1.5,8,3,-6,-5,7,25,\"NA\",\"NA\",19.05255888,-13,-14,-8,-9,\"NA\",-12.02081528,-7,21,0,45,-11,3,\"NA\",\"NA\",-12.12435565,-7,\"NA\",-11.3137085,\"NA\",-11.3137085,-4,\"NA\"]}]}"]
