["{\"type\":\"list\",\"attributes\":{\"names\":{\"type\":\"character\",\"attributes\":{},\"value\":[\"method\",\"model\",\"level\",\"mean\",\"lower\",\"upper\",\"x\",\"series\",\"fitted\",\"residuals\"]},\"class\":{\"type\":\"character\",\"attributes\":{},\"value\":[\"forecast\"]}},\"value\":[{\"type\":\"character\",\"attributes\":{},\"value\":[\"ARIMA(0,1,0)\"]},{\"type\":\"list\",\"attributes\":{\"names\":{\"type\":\"character\",\"attributes\":{},\"value\":[\"coef\",\"sigma2\",\"var.coef\",\"mask\",\"loglik\",\"aic\",\"arma\",\"residuals\",\"call\",\"series\",\"code\",\"n.cond\",\"nobs\",\"model\",\"aicc\",\"bic\",\"x\",\"fitted\"]},\"class\":{\"type\":\"character\",\"attributes\":{},\"value\":[\"forecast_ARIMA\",\"ARIMA\",\"Arima\"]}},\"value\":[{\"type\":\"double\",\"attributes\":{},\"value\":[]},{\"type\":\"double\",\"attributes\":{},\"value\":[119.8910618]},{\"type\":\"double\",\"attributes\":{},\"value\":[]},{\"type\":\"logical\",\"attributes\":{},\"value\":[]},{\"type\":\"double\",\"attributes\":{},\"value\":[-1095.53387116]},{\"type\":\"double\",\"attributes\":{},\"value\":[2193.06774232]},{\"type\":\"integer\",\"attributes\":{},\"value\":[0,0,0,0,1,1,0]},{\"type\":\"double\",\"attributes\":{\"tsp\":{\"type\":\"double\",\"attributes\":{},\"value\":[1,363,1]},\"class\":{\"type\":\"character\",\"attributes\":{},\"value\":[\"ts\"]}},\"value\":[0.004,-1,0,2,0,1,1,5,9,17,-6,-10,-6,3,6,-2,32,-21,4,-14,-2,2,-3,-5,0,\"NA\",13.43502884,-8,28,-5,5,10,-24,\"NA\",-10.60660172,2,-6,-5,-2,-1,\"NA\",-0.70710678,11,8,1,2,-3,-6,-1,-11,5,\"NA\",0.70710678,10,-1,-2,\"NA\",\"NA\",-10.39230485,3,11,0,-6,-1,\"NA\",\"NA\",2.30940108,15,-1,\"NA\",-2.82842712,-10,\"NA\",-1.41421356,-4,\"NA\",\"NA\",-1.73205081,4,-3,\"NA\",\"NA\",15.58845727,11,-9,-2,\"NA\",\"NA\",1.73205081,-12,8,11,0,3,\"NA\",-26.1629509,31,-5,-2,-9,17,0,-3,20,-3,1,1,-14,-11,-11,1,-5,-2,-4,2,\"NA\",-1.41421356,\"NA\",\"NA\",5.19615242,-7,8,\"NA\",-9.19238816,2,\"NA\",\"NA\",1.15470054,\"NA\",6.36396103,5,20,1,-2,-10,-18,0,-1,-1,1,6,11,\"NA\",12.02081528,\"NA\",-25.45584412,23,14,5,\"NA\",-13.43502884,22,-7,26,8,20,\"NA\",-14.14213562,-14,14,-37,-11,4,6,2,-17,7,-1,-22,4,1,-7,-3,-3,2,-2,6,9,-3,8,-8,-5,-9,-4,-3,0,-4,3,1,1,-5,\"NA\",4.94974747,\"NA\",13.43502884,\"NA\",-14.8492424,\"NA\",-4.24264069,-1,4,10,-2,\"NA\",18.38477631,6,-6,2,3,\"NA\",\"NA\",-21.36195996,3,6,16,\"NA\",16.97056275,15,-4,-15,-12,-22,-6,-2,1,8,16,-7,\"NA\",13.43502884,\"NA\",-8.48528137,\"NA\",-6.36396103,\"NA\",-12.02081528,2,7,16,2,9,11,-25,25,-11,-16,2,\"NA\",-3.53553391,21,19,8,-14,12,-6,-1,-18,10,-11,\"NA\",\"NA\",-15.011107,6,\"NA\",-2.12132034,6,-6,4,-5,-9,-5,\"NA\",\"NA\",1.73205081,0,2,9,9,-9,\"NA\",12.02081528,3,-12,-13,\"NA\",\"NA\",\"NA\",-3.5,3,9,5,-1,-15,8,-7,-8,\"NA\",\"NA\",\"NA\",1.5,4,-4,4,1,5,-2,3,-9,-4,-2,4,\"NA\",\"NA\",\"NA\",\"NA\",\"NA\",\"NA\",\"NA\",\"NA\",\"NA\",\"NA\",\"NA\",\"NA\",\"NA\",\"NA\",\"NA\",\"NA\",3.39549875,\"NA\",\"NA\",\"NA\",3.5,1,6,-17,-4,9,27,\"NA\",\"NA\",17.89785834,-6,-12,5,-15,\"NA\",-17.67766953,-17,23,19,35,-11,14,\"NA\",\"NA\",-7.5055535,-36,\"NA\",-16.26345597,\"NA\",-5.65685425,0,\"NA\"]},{\"type\":\"language\",\"attributes\":{},\"value\":[\"Arima(y = c(4L, 3L, 3L, 5L, 5L, 6L, 7L, 12L, 21L, 38L, 32L, 22L, \",\"16L, 19L, 25L, 23L, 55L, 34L, 38L, 24L, 22L, 24L, 21L, 16L, 16L, \",\"NA, 35L, 27L, 55L, 50L, 55L, 65L, 41L, NA, 26L, 28L, 22L, 17L, \",\"15L, 14L, NA, 13L, 24L, 32L, 33L, 35L, 32L, 26L, 25L, 14L, 19L, \",\"NA, 20L, 30L, 29L, 27L, NA, NA, 9L, 12L, 23L, 23L, 17L, 16L, \",\"NA, NA, 20L, 35L, 34L, NA, 30L, 20L, NA, 18L, 14L, NA, NA, 11L, \",\"15L, 12L, NA, NA, 39L, 50L, 41L, 39L, NA, NA, 42L, 30L, 38L, \",\"49L, 49L, 52L, NA, 15L, 46L, 41L, 39L, 30L, 47L, 47L, 44L, 64L, \",\"61L, 62L, 63L, 49L, 38L, 27L, 28L, 23L, 21L, 17L, 19L, NA, 17L, \",\"NA, NA, 26L, 19L, 27L, NA, 14L, 16L, NA, NA, 18L, NA, 27L, 32L, \",\"52L, 53L, 51L, 41L, 23L, 23L, 22L, 21L, 22L, 28L, 39L, NA, 56L, \",\"NA, 20L, 43L, 57L, 62L, NA, 43L, 65L, 58L, 84L, 92L, 112L, NA, \",\"92L, 78L, 92L, 55L, 44L, 48L, 54L, 56L, 39L, 46L, 45L, 23L, 27L, \",\"28L, 21L, 18L, 15L, 17L, 15L, 21L, 30L, 27L, 35L, 27L, 22L, 13L, \",\"9L, 6L, 6L, 2L, 5L, 6L, 7L, 2L, NA, 9L, NA, 28L, NA, 7L, NA, \",\"1L, 0L, 4L, 14L, 12L, NA, 38L, 44L, 38L, 40L, 43L, NA, NA, 6L, \",\"9L, 15L, 31L, NA, 55L, 70L, 66L, 51L, 39L, 17L, 11L, 9L, 10L, \",\"18L, 34L, 27L, NA, 46L, NA, 34L, NA, 25L, NA, 8L, 10L, 17L, 33L, \",\"35L, 44L, 55L, 30L, 55L, 44L, 28L, 30L, NA, 25L, 46L, 65L, 73L, \",\"59L, 71L, 65L, 64L, 46L, 56L, 45L, NA, NA, 19L, 25L, NA, 22L, \",\"28L, 22L, 26L, 21L, 12L, 7L, NA, NA, 10L, 10L, 12L, 21L, 30L, \",\"21L, NA, 38L, 41L, 29L, 16L, NA, NA, NA, 9L, 12L, 21L, 26L, 25L, \",\"10L, 18L, 11L, 3L, NA, NA, NA, 6L, 10L, 6L, 10L, 11L, 16L, 14L, \",\"17L, 8L, 4L, 2L, 6L, NA, NA, NA, NA, NA, NA, NA, NA, NA, NA, \",\"NA, NA, NA, NA, NA, NA, 20L, NA, NA, NA, 27L, 28L, 34L, 17L, \",\"13L, 22L, 49L, NA, NA, 80L, 74L, 62L, 67L, 52L, NA, 27L, 10L, \",\"33L, 52L, 87L, 76L, 90L, NA, NA, 77L, 41L, NA, 18L, NA, 10L, \",\"10L, NA), order = c(0, 1, 0))\"]},{\"type\":\"character\",\"attributes\":{},\"value\":[\"c(4L, 3L, 3L, 5L, 5L, 6L, 7L, 12L, 21L, 38L, 32L, 22L, 16L, 19L, \",\"25L, 23L, 55L, 34L, 38L, 24L, 22L, 24L, 21L, 16L, 16L, NA, 35L, \",\"27L, 55L, 50L, 55L, 65L, 41L, NA, 26L, 28L, 22L, 17L, 15L, 14L, \",\"NA, 13L, 24L, 32L, 33L, 35L, 32L, 26L, 25L, 14L, 19L, NA, 20L, \",\"30L, 29L, 27L, NA, NA, 9L, 12L, 23L, 23L, 17L, 16L, NA, NA, 20L, \",\"35L, 34L, NA, 30L, 20L, NA, 18L, 14L, NA, NA, 11L, 15L, 12L, \",\"NA, NA, 39L, 50L, 41L, 39L, NA, NA, 42L, 30L, 38L, 49L, 49L, \",\"52L, NA, 15L, 46L, 41L, 39L, 30L, 47L, 47L, 44L, 64L, 61L, 62L, \",\"63L, 49L, 38L, 27L, 28L, 23L, 21L, 17L, 19L, NA, 17L, NA, NA, \",\"26L, 19L, 27L, NA, 14L, 16L, NA, NA, 18L, NA, 27L, 32L, 52L, \",\"53L, 51L, 41L, 23L, 23L, 22L, 21L, 22L, 28L, 39L, NA, 56L, NA, \",\"20L, 43L, 57L, 62L, NA, 43L, 65L, 58L, 84L, 92L, 112L, NA, 92L, \",\"78L, 92L, 55L, 44L, 48L, 54L, 56L, 39L, 46L, 45L, 23L, 27L, 28L, \",\"21L, 18L, 15L, 17L, 15L, 21L, 30L, 27L, 35L, 27L, 22L, 13L, 9L, \",\"6L, 6L, 2L, 5L, 6L, 7L, 2L, NA, 9L, NA, 28L, NA, 7L, NA, 1L, \",\"0L, 4L, 14L, 12L, NA, 38L, 44L, 38L, 40L, 43L, NA, NA, 6L, 9L, \",\"15L, 31L, NA, 55L, 70L, 66L, 51L, 39L, 17L, 11L, 9L, 10L, 18L, \",\"34L, 27L, NA, 46L, NA, 34L, NA, 25L, NA, 8L, 10L, 17L, 33L, 35L, \",\"44L, 55L, 30L, 55L, 44L, 28L, 30L, NA, 25L, 46L, 65L, 73L, 59L, \",\"71L, 65L, 64L, 46L, 56L, 45L, NA, NA, 19L, 25L, NA, 22L, 28L, \",\"22L, 26L, 21L, 12L, 7L, NA, NA, 10L, 10L, 12L, 21L, 30L, 21L, \",\"NA, 38L, 41L, 29L, 16L, NA, NA, NA, 9L, 12L, 21L, 26L, 25L, 10L, \",\"18L, 11L, 3L, NA, NA, NA, 6L, 10L, 6L, 10L, 11L, 16L, 14L, 17L, \",\"8L, 4L, 2L, 6L, NA, NA, NA, NA, NA, NA, NA, NA, NA, NA, NA, NA, \",\"NA, NA, NA, NA, 20L, NA, NA, NA, 27L, 28L, 34L, 17L, 13L, 22L, \",\"49L, NA, NA, 80L, 74L, 62L, 67L, 52L, NA, 27L, 10L, 33L, 52L, \",\"87L, 76L, 90L, NA, NA, 77L, 41L, NA, 18L, NA, 10L, 10L, NA)\"]},{\"type\":\"double\",\"attributes\":{},\"value\":[0]},{\"type\":\"double\",\"attributes\":{},\"value\":[0]},{\"type\":\"integer\",\"attributes\":{},\"value\":[282]},{\"type\":\"list\",\"attributes\":{\"names\":{\"type\":\"character\",\"attributes\":{},\"value\":[\"phi\",\"theta\",\"Delta\",\"Z\",\"a\",\"P\",\"T\",\"V\",\"h\",\"Pn\"]}},\"value\":[{\"type\":\"double\",\"attributes\":{},\"value\":[]},{\"type\":\"double\",\"attributes\":{},\"value\":[]},{\"type\":\"double\",\"attributes\":{},\"value\":[1]},{\"type\":\"double\",\"attributes\":{},\"value\":[1,1]},{\"type\":\"double\",\"attributes\":{},\"value\":[0,10]},{\"type\":\"double\",\"attributes\":{\"dim\":{\"type\":\"integer\",\"attributes\":{},\"value\":[2,2]}},\"value\":[1,0,0,0]},{\"type\":\"double\",\"attributes\":{\"dim\":{\"type\":\"integer\",\"attributes\":{},\"value\":[2,2]}},\"value\":[0,1,0,1]},{\"type\":\"double\",\"attributes\":{\"dim\":{\"type\":\"integer\",\"attributes\":{},\"value\":[2,2]}},\"value\":[1,0,0,0]},{\"type\":\"double\",\"attributes\":{},\"value\":[0]},{\"type\":\"double\",\"attributes\":{\"dim\":{\"type\":\"integer\",\"attributes\":{},\"value\":[2,2]}},\"value\":[1,0,0,0]}]},{\"type\":\"double\",\"attributes\":{},\"value\":[2193.08202804]},{\"type\":\"double\",\"attributes\":{},\"value\":[2196.7096494]},{\"type\":\"integer\",\"attributes\":{\"tsp\":{\"type\":\"double\",\"attributes\":{},\"value\":[1,363,1]},\"class\":{\"type\":\"character\",\"attributes\":{},\"value\":[\"ts\"]}},\"value\":[4,3,3,5,5,6,7,12,21,38,32,22,16,19,25,23,55,34,38,24,22,24,21,16,16,\"NA\",35,27,55,50,55,65,41,\"NA\",26,28,22,17,15,14,\"NA\",13,24,32,33,35,32,26,25,14,19,\"NA\",20,30,29,27,\"NA\",\"NA\",9,12,23,23,17,16,\"NA\",\"NA\",20,35,34,\"NA\",30,20,\"NA\",18,14,\"NA\",\"NA\",11,15,12,\"NA\",\"NA\",39,50,41,39,\"NA\",\"NA\",42,30,38,49,49,52,\"NA\",15,46,41,39,30,47,47,44,64,61,62,63,49,38,27,28,23,21,17,19,\"NA\",17,\"NA\",\"NA\",26,19,27,\"NA\",14,16,\"NA\",\"NA\",18,\"NA\",27,32,52,53,51,41,23,23,22,21,22,28,39,\"NA\",56,\"NA\",20,43,57,62,\"NA\",43,65,58,84,92,112,\"NA\",92,78,92,55,44,48,54,56,39,46,45,23,27,28,21,18,15,17,15,21,30,27,35,27,22,13,9,6,6,2,5,6,7,2,\"NA\",9,\"NA\",28,\"NA\",7,\"NA\",1,0,4,14,12,\"NA\",38,44,38,40,43,\"NA\",\"NA\",6,9,15,31,\"NA\",55,70,66,51,39,17,11,9,10,18,34,27,\"NA\",46,\"NA\",34,\"NA\",25,\"NA\",8,10,17,33,35,44,55,30,55,44,28,30,\"NA\",25,46,65,73,59,71,65,64,46,56,45,\"NA\",\"NA\",19,25,\"NA\",22,28,22,26,21,12,7,\"NA\",\"NA\",10,10,12,21,30,21,\"NA\",38,41,29,16,\"NA\",\"NA\",\"NA\",9,12,21,26,25,10,18,11,3,\"NA\",\"NA\",\"NA\",6,10,6,10,11,16,14,17,8,4,2,6,\"NA\",\"NA\",\"NA\",\"NA\",\"NA\",\"NA\",\"NA\",\"NA\",\"NA\",\"NA\",\"NA\",\"NA\",\"NA\",\"NA\",\"NA\",\"NA\",20,\"NA\",\"NA\",\"NA\",27,28,34,17,13,22,49,\"NA\",\"NA\",80,74,62,67,52,\"NA\",27,10,33,52,87,76,90,\"NA\",\"NA\",77,41,\"NA\",18,\"NA\",10,10,\"NA\"]},{\"type\":\"double\",\"attributes\":{\"tsp\":{\"type\":\"double\",\"attributes\":{},\"value\":[1,363,1]},\"class\":{\"type\":\"character\",\"attributes\":{},\"value\":[\"ts\"]}},\"value\":[3.996,4,3,3,5,5,6,7,12,21,38,32,22,16,19,25,23,55,34,38,24,22,24,21,16,\"NA\",21.56497116,35,27,55,50,55,65,\"NA\",36.60660172,26,28,22,17,15,\"NA\",13.70710678,13,24,32,33,35,32,26,25,14,\"NA\",19.29289322,20,30,29,\"NA\",\"NA\",19.39230485,9,12,23,23,17,\"NA\",\"NA\",17.69059892,20,35,\"NA\",32.82842712,30,\"NA\",19.41421356,18,\"NA\",\"NA\",12.73205081,11,15,\"NA\",\"NA\",23.41154273,39,50,41,\"NA\",\"NA\",40.26794919,42,30,38,49,49,\"NA\",41.1629509,15,46,41,39,30,47,47,44,64,61,62,63,49,38,27,28,23,21,17,\"NA\",18.41421356,\"NA\",\"NA\",20.80384758,26,19,\"NA\",23.19238816,14,\"NA\",\"NA\",16.84529946,\"NA\",20.63603897,27,32,52,53,51,41,23,23,22,21,22,28,\"NA\",43.97918472,\"NA\",45.45584412,20,43,57,\"NA\",56.43502884,43,65,58,84,92,\"NA\",106.14213562,92,78,92,55,44,48,54,56,39,46,45,23,27,28,21,18,15,17,15,21,30,27,35,27,22,13,9,6,6,2,5,6,7,\"NA\",4.05025253,\"NA\",14.56497116,\"NA\",21.8492424,\"NA\",5.24264069,1,0,4,14,\"NA\",19.61522369,38,44,38,40,\"NA\",\"NA\",27.36195996,6,9,15,\"NA\",38.02943725,55,70,66,51,39,17,11,9,10,18,34,\"NA\",32.56497116,\"NA\",42.48528137,\"NA\",31.36396103,\"NA\",20.02081528,8,10,17,33,35,44,55,30,55,44,28,\"NA\",28.53553391,25,46,65,73,59,71,65,64,46,56,\"NA\",\"NA\",34.011107,19,\"NA\",24.12132034,22,28,22,26,21,12,\"NA\",\"NA\",8.26794919,10,10,12,21,30,\"NA\",25.97918472,38,41,29,\"NA\",\"NA\",\"NA\",12.5,9,12,21,26,25,10,18,11,\"NA\",\"NA\",\"NA\",4.5,6,10,6,10,11,16,14,17,8,4,2,\"NA\",\"NA\",\"NA\",\"NA\",\"NA\",\"NA\",\"NA\",\"NA\",\"NA\",\"NA\",\"NA\",\"NA\",\"NA\",\"NA\",\"NA\",\"NA\",16.60450125,\"NA\",\"NA\",\"NA\",23.5,27,28,34,17,13,22,\"NA\",\"NA\",62.10214166,80,74,62,67,\"NA\",44.67766953,27,10,33,52,87,76,\"NA\",\"NA\",84.5055535,77,\"NA\",34.26345597,\"NA\",15.65685425,10,\"NA\"]}]},{\"type\":\"double\",\"attributes\":{},\"value\":[95]},{\"type\":\"double\",\"attributes\":{\"tsp\":{\"type\":\"double\",\"attributes\":{},\"value\":[364,376,1]},\"class\":{\"type\":\"character\",\"attributes\":{},\"value\":[\"ts\"]}},\"value\":[10,10,10,10,10,10,10,10,10,10,10,10,10]},{\"type\":\"double\",\"attributes\":{\"dim\":{\"type\":\"integer\",\"attributes\":{},\"value\":[13,1]},\"dimnames\":{\"type\":\"list\",\"attributes\":{},\"value\":[{\"type\":\"NULL\"},{\"type\":\"character\",\"attributes\":{},\"value\":[\"95%\"]}]},\"tsp\":{\"type\":\"double\",\"attributes\":{},\"value\":[364,376,1]},\"class\":{\"type\":\"character\",\"attributes\":{},\"value\":[\"ts\"]}},\"value\":[-20.34984603,-27.17081827,-32.92116386,-37.98732004,-42.56747532,-46.77936278,-50.69969205,-54.3817458,-57.86431882,-61.17669805,-64.34163653,-67.37722856,-70.29814491]},{\"type\":\"double\",\"attributes\":{\"dim\":{\"type\":\"integer\",\"attributes\":{},\"value\":[13,1]},\"dimnames\":{\"type\":\"list\",\"attributes\":{},\"value\":[{\"type\":\"NULL\"},{\"type\":\"character\",\"attributes\":{},\"value\":[\"95%\"]}]},\"tsp\":{\"type\":\"double\",\"attributes\":{},\"value\":[364,376,1]},\"class\":{\"type\":\"character\",\"attributes\":{},\"value\":[\"ts\"]}},\"value\":[40.34984603,47.17081827,52.92116386,57.98732004,62.56747532,66.77936278,70.69969205,74.3817458,77.86431882,81.17669805,84.34163653,87.37722856,90.29814491]},{\"type\":\"integer\",\"attributes\":{\"tsp\":{\"type\":\"double\",\"attributes\":{},\"value\":[1,363,1]},\"class\":{\"type\":\"character\",\"attributes\":{},\"value\":[\"ts\"]}},\"value\":[4,3,3,5,5,6,7,12,21,38,32,22,16,19,25,23,55,34,38,24,22,24,21,16,16,\"NA\",35,27,55,50,55,65,41,\"NA\",26,28,22,17,15,14,\"NA\",13,24,32,33,35,32,26,25,14,19,\"NA\",20,30,29,27,\"NA\",\"NA\",9,12,23,23,17,16,\"NA\",\"NA\",20,35,34,\"NA\",30,20,\"NA\",18,14,\"NA\",\"NA\",11,15,12,\"NA\",\"NA\",39,50,41,39,\"NA\",\"NA\",42,30,38,49,49,52,\"NA\",15,46,41,39,30,47,47,44,64,61,62,63,49,38,27,28,23,21,17,19,\"NA\",17,\"NA\",\"NA\",26,19,27,\"NA\",14,16,\"NA\",\"NA\",18,\"NA\",27,32,52,53,51,41,23,23,22,21,22,28,39,\"NA\",56,\"NA\",20,43,57,62,\"NA\",43,65,58,84,92,112,\"NA\",92,78,92,55,44,48,54,56,39,46,45,23,27,28,21,18,15,17,15,21,30,27,35,27,22,13,9,6,6,2,5,6,7,2,\"NA\",9,\"NA\",28,\"NA\",7,\"NA\",1,0,4,14,12,\"NA\",38,44,38,40,43,\"NA\",\"NA\",6,9,15,31,\"NA\",55,70,66,51,39,17,11,9,10,18,34,27,\"NA\",46,\"NA\",34,\"NA\",25,\"NA\",8,10,17,33,35,44,55,30,55,44,28,30,\"NA\",25,46,65,73,59,71,65,64,46,56,45,\"NA\",\"NA\",19,25,\"NA\",22,28,22,26,21,12,7,\"NA\",\"NA\",10,10,12,21,30,21,\"NA\",38,41,29,16,\"NA\",\"NA\",\"NA\",9,12,21,26,25,10,18,11,3,\"NA\",\"NA\",\"NA\",6,10,6,10,11,16,14,17,8,4,2,6,\"NA\",\"NA\",\"NA\",\"NA\",\"NA\",\"NA\",\"NA\",\"NA\",\"NA\",\"NA\",\"NA\",\"NA\",\"NA\",\"NA\",\"NA\",\"NA\",20,\"NA\",\"NA\",\"NA\",27,28,34,17,13,22,49,\"NA\",\"NA\",80,74,62,67,52,\"NA\",27,10,33,52,87,76,90,\"NA\",\"NA\",77,41,\"NA\",18,\"NA\",10,10,\"NA\"]},{\"type\":\"character\",\"attributes\":{},\"value\":[\"c(4L, 3L, 3L, 5L, 5L, 6L, 7L, 12L, 21L, 38L, 32L, 22L, 16L, 19L, \",\"25L, 23L, 55L, 34L, 38L, 24L, 22L, 24L, 21L, 16L, 16L, NA, 35L, \",\"27L, 55L, 50L, 55L, 65L, 41L, NA, 26L, 28L, 22L, 17L, 15L, 14L, \",\"NA, 13L, 24L, 32L, 33L, 35L, 32L, 26L, 25L, 14L, 19L, NA, 20L, \",\"30L, 29L, 27L, NA, NA, 9L, 12L, 23L, 23L, 17L, 16L, NA, NA, 20L, \",\"35L, 34L, NA, 30L, 20L, NA, 18L, 14L, NA, NA, 11L, 15L, 12L, \",\"NA, NA, 39L, 50L, 41L, 39L, NA, NA, 42L, 30L, 38L, 49L, 49L, \",\"52L, NA, 15L, 46L, 41L, 39L, 30L, 47L, 47L, 44L, 64L, 61L, 62L, \",\"63L, 49L, 38L, 27L, 28L, 23L, 21L, 17L, 19L, NA, 17L, NA, NA, \",\"26L, 19L, 27L, NA, 14L, 16L, NA, NA, 18L, NA, 27L, 32L, 52L, \",\"53L, 51L, 41L, 23L, 23L, 22L, 21L, 22L, 28L, 39L, NA, 56L, NA, \",\"20L, 43L, 57L, 62L, NA, 43L, 65L, 58L, 84L, 92L, 112L, NA, 92L, \",\"78L, 92L, 55L, 44L, 48L, 54L, 56L, 39L, 46L, 45L, 23L, 27L, 28L, \",\"21L, 18L, 15L, 17L, 15L, 21L, 30L, 27L, 35L, 27L, 22L, 13L, 9L, \",\"6L, 6L, 2L, 5L, 6L, 7L, 2L, NA, 9L, NA, 28L, NA, 7L, NA, 1L, \",\"0L, 4L, 14L, 12L, NA, 38L, 44L, 38L, 40L, 43L, NA, NA, 6L, 9L, \",\"15L, 31L, NA, 55L, 70L, 66L, 51L, 39L, 17L, 11L, 9L, 10L, 18L, \",\"34L, 27L, NA, 46L, NA, 34L, NA, 25L, NA, 8L, 10L, 17L, 33L, 35L, \",\"44L, 55L, 30L, 55L, 44L, 28L, 30L, NA, 25L, 46L, 65L, 73L, 59L, \",\"71L, 65L, 64L, 46L, 56L, 45L, NA, NA, 19L, 25L, NA, 22L, 28L, \",\"22L, 26L, 21L, 12L, 7L, NA, NA, 10L, 10L, 12L, 21L, 30L, 21L, \",\"NA, 38L, 41L, 29L, 16L, NA, NA, NA, 9L, 12L, 21L, 26L, 25L, 10L, \",\"18L, 11L, 3L, NA, NA, NA, 6L, 10L, 6L, 10L, 11L, 16L, 14L, 17L, \",\"8L, 4L, 2L, 6L, NA, NA, NA, NA, NA, NA, NA, NA, NA, NA, NA, NA, \",\"NA, NA, NA, NA, 20L, NA, NA, NA, 27L, 28L, 34L, 17L, 13L, 22L, \",\"49L, NA, NA, 80L, 74L, 62L, 67L, 52L, NA, 27L, 10L, 33L, 52L, \",\"87L, 76L, 90L, NA, NA, 77L, 41L, NA, 18L, NA, 10L, 10L, NA)\"]},{\"type\":\"double\",\"attributes\":{\"tsp\":{\"type\":\"double\",\"attributes\":{},\"value\":[1,363,1]},\"class\":{\"type\":\"character\",\"attributes\":{},\"value\":[\"ts\"]}},\"value\":[3.996,4,3,3,5,5,6,7,12,21,38,32,22,16,19,25,23,55,34,38,24,22,24,21,16,\"NA\",21.56497116,35,27,55,50,55,65,\"NA\",36.60660172,26,28,22,17,15,\"NA\",13.70710678,13,24,32,33,35,32,26,25,14,\"NA\",19.29289322,20,30,29,\"NA\",\"NA\",19.39230485,9,12,23,23,17,\"NA\",\"NA\",17.69059892,20,35,\"NA\",32.82842712,30,\"NA\",19.41421356,18,\"NA\",\"NA\",12.73205081,11,15,\"NA\",\"NA\",23.41154273,39,50,41,\"NA\",\"NA\",40.26794919,42,30,38,49,49,\"NA\",41.1629509,15,46,41,39,30,47,47,44,64,61,62,63,49,38,27,28,23,21,17,\"NA\",18.41421356,\"NA\",\"NA\",20.80384758,26,19,\"NA\",23.19238816,14,\"NA\",\"NA\",16.84529946,\"NA\",20.63603897,27,32,52,53,51,41,23,23,22,21,22,28,\"NA\",43.97918472,\"NA\",45.45584412,20,43,57,\"NA\",56.43502884,43,65,58,84,92,\"NA\",106.14213562,92,78,92,55,44,48,54,56,39,46,45,23,27,28,21,18,15,17,15,21,30,27,35,27,22,13,9,6,6,2,5,6,7,\"NA\",4.05025253,\"NA\",14.56497116,\"NA\",21.8492424,\"NA\",5.24264069,1,0,4,14,\"NA\",19.61522369,38,44,38,40,\"NA\",\"NA\",27.36195996,6,9,15,\"NA\",38.02943725,55,70,66,51,39,17,11,9,10,18,34,\"NA\",32.56497116,\"NA\",42.48528137,\"NA\",31.36396103,\"NA\",20.02081528,8,10,17,33,35,44,55,30,55,44,28,\"NA\",28.53553391,25,46,65,73,59,71,65,64,46,56,\"NA\",\"NA\",34.011107,19,\"NA\",24.12132034,22,28,22,26,21,12,\"NA\",\"NA\",8.26794919,10,10,12,21,30,\"NA\",25.97918472,38,41,29,\"NA\",\"NA\",\"NA\",12.5,9,12,21,26,25,10,18,11,\"NA\",\"NA\",\"NA\",4.5,6,10,6,10,11,16,14,17,8,4,2,\"NA\",\"NA\",\"NA\",\"NA\",\"NA\",\"NA\",\"NA\",\"NA\",\"NA\",\"NA\",\"NA\",\"NA\",\"NA\",\"NA\",\"NA\",\"NA\",16.60450125,\"NA\",\"NA\",\"NA\",23.5,27,28,34,17,13,22,\"NA\",\"NA\",62.10214166,80,74,62,67,\"NA\",44.67766953,27,10,33,52,87,76,\"NA\",\"NA\",84.5055535,77,\"NA\",34.26345597,\"NA\",15.65685425,10,\"NA\"]},{\"type\":\"double\",\"attributes\":{\"tsp\":{\"type\":\"double\",\"attributes\":{},\"value\":[1,363,1]},\"class\":{\"type\":\"character\",\"attributes\":{},\"value\":[\"ts\"]}},\"value\":[0.004,-1,0,2,0,1,1,5,9,17,-6,-10,-6,3,6,-2,32,-21,4,-14,-2,2,-3,-5,0,\"NA\",13.43502884,-8,28,-5,5,10,-24,\"NA\",-10.60660172,2,-6,-5,-2,-1,\"NA\",-0.70710678,11,8,1,2,-3,-6,-1,-11,5,\"NA\",0.70710678,10,-1,-2,\"NA\",\"NA\",-10.39230485,3,11,0,-6,-1,\"NA\",\"NA\",2.30940108,15,-1,\"NA\",-2.82842712,-10,\"NA\",-1.41421356,-4,\"NA\",\"NA\",-1.73205081,4,-3,\"NA\",\"NA\",15.58845727,11,-9,-2,\"NA\",\"NA\",1.73205081,-12,8,11,0,3,\"NA\",-26.1629509,31,-5,-2,-9,17,0,-3,20,-3,1,1,-14,-11,-11,1,-5,-2,-4,2,\"NA\",-1.41421356,\"NA\",\"NA\",5.19615242,-7,8,\"NA\",-9.19238816,2,\"NA\",\"NA\",1.15470054,\"NA\",6.36396103,5,20,1,-2,-10,-18,0,-1,-1,1,6,11,\"NA\",12.02081528,\"NA\",-25.45584412,23,14,5,\"NA\",-13.43502884,22,-7,26,8,20,\"NA\",-14.14213562,-14,14,-37,-11,4,6,2,-17,7,-1,-22,4,1,-7,-3,-3,2,-2,6,9,-3,8,-8,-5,-9,-4,-3,0,-4,3,1,1,-5,\"NA\",4.94974747,\"NA\",13.43502884,\"NA\",-14.8492424,\"NA\",-4.24264069,-1,4,10,-2,\"NA\",18.38477631,6,-6,2,3,\"NA\",\"NA\",-21.36195996,3,6,16,\"NA\",16.97056275,15,-4,-15,-12,-22,-6,-2,1,8,16,-7,\"NA\",13.43502884,\"NA\",-8.48528137,\"NA\",-6.36396103,\"NA\",-12.02081528,2,7,16,2,9,11,-25,25,-11,-16,2,\"NA\",-3.53553391,21,19,8,-14,12,-6,-1,-18,10,-11,\"NA\",\"NA\",-15.011107,6,\"NA\",-2.12132034,6,-6,4,-5,-9,-5,\"NA\",\"NA\",1.73205081,0,2,9,9,-9,\"NA\",12.02081528,3,-12,-13,\"NA\",\"NA\",\"NA\",-3.5,3,9,5,-1,-15,8,-7,-8,\"NA\",\"NA\",\"NA\",1.5,4,-4,4,1,5,-2,3,-9,-4,-2,4,\"NA\",\"NA\",\"NA\",\"NA\",\"NA\",\"NA\",\"NA\",\"NA\",\"NA\",\"NA\",\"NA\",\"NA\",\"NA\",\"NA\",\"NA\",\"NA\",3.39549875,\"NA\",\"NA\",\"NA\",3.5,1,6,-17,-4,9,27,\"NA\",\"NA\",17.89785834,-6,-12,5,-15,\"NA\",-17.67766953,-17,23,19,35,-11,14,\"NA\",\"NA\",-7.5055535,-36,\"NA\",-16.26345597,\"NA\",-5.65685425,0,\"NA\"]}]}"]
