["{\"type\":\"list\",\"attributes\":{\"names\":{\"type\":\"character\",\"attributes\":{},\"value\":[\"method\",\"model\",\"level\",\"mean\",\"lower\",\"upper\",\"x\",\"series\",\"fitted\",\"residuals\"]},\"class\":{\"type\":\"character\",\"attributes\":{},\"value\":[\"forecast\"]}},\"value\":[{\"type\":\"character\",\"attributes\":{},\"value\":[\"ARIMA(0,1,0)\"]},{\"type\":\"list\",\"attributes\":{\"names\":{\"type\":\"character\",\"attributes\":{},\"value\":[\"coef\",\"sigma2\",\"var.coef\",\"mask\",\"loglik\",\"aic\",\"arma\",\"residuals\",\"call\",\"series\",\"code\",\"n.cond\",\"nobs\",\"model\",\"aicc\",\"bic\",\"x\",\"fitted\"]},\"class\":{\"type\":\"character\",\"attributes\":{},\"value\":[\"forecast_ARIMA\",\"ARIMA\",\"Arima\"]}},\"value\":[{\"type\":\"double\",\"attributes\":{},\"value\":[]},{\"type\":\"double\",\"attributes\":{},\"value\":[1208.60022171]},{\"type\":\"double\",\"attributes\":{},\"value\":[]},{\"type\":\"logical\",\"attributes\":{},\"value\":[]},{\"type\":\"double\",\"attributes\":{},\"value\":[-1426.30089957]},{\"type\":\"double\",\"attributes\":{},\"value\":[2854.60179915]},{\"type\":\"integer\",\"attributes\":{},\"value\":[0,0,0,0,1,1,0]},{\"type\":\"double\",\"attributes\":{\"tsp\":{\"type\":\"double\",\"attributes\":{},\"value\":[1,364,1]},\"class\":{\"type\":\"character\",\"attributes\":{},\"value\":[\"ts\"]}},\"value\":[0,0,1,2,3,3,8,23,20,7,-16,-34,-11,-1,6,17,12,-13,14,-3,19,-23,-18,-15,-1,\"NA\",0,15,50,-13,2,23,-27,\"NA\",-28.99137803,-8,-1,1,-1,0,\"NA\",14.8492424,2,3,14,5,-5,-32,-8,0,1,\"NA\",0.70710678,7,14,-3,\"NA\",\"NA\",-4.61880215,11,21,-11,-1,-1,\"NA\",\"NA\",3.46410162,22,13,\"NA\",-9.89949494,-44,\"NA\",-7.77817459,-2,\"NA\",\"NA\",9.81495458,5,-7,\"NA\",\"NA\",28.86751346,-14,-28,-17,\"NA\",\"NA\",-1.73205081,9,36,2,8,27,\"NA\",-42.42640687,27,-28,-14,-4,4,4,37,13,-5,35,2,-29,-42,-19,-4,-3,0,1,4,\"NA\",16.26345597,\"NA\",\"NA\",10.96965511,14,-7,\"NA\",-30.40559159,-8,\"NA\",\"NA\",21.93931023,\"NA\",7.77817459,17,41,-6,-7,-56,-35,2,0,7,13,40,-1,\"NA\",45.96194078,\"NA\",-51.61879503,44,66,-37,\"NA\",-41.01219331,60,-35,-13,45,29,\"NA\",-15.55634919,-95,-17,-22,-3,6,6,32,30,-6,14,-41,7,-1,-31,-12,-5,0,3,16,31,1,9,-11,-21,-19,-5,-3,-1,0,2,5,15,0,\"NA\",12.02081528,\"NA\",45.96194078,\"NA\",-48.08326112,\"NA\",-24.04163056,-2,12,44,17,\"NA\",31.81980515,29,-12,30,-4,\"NA\",\"NA\",-88.33459119,18,35,55,\"NA\",61.51828996,82,-47,-72,-44,-83,-31,-8,4,13,78,5,\"NA\",36.76955262,\"NA\",-16.97056275,\"NA\",-35.35533906,\"NA\",-51.61879503,0,31,61,6,38,61,-91,99,-75,-57,-36,\"NA\",-17.67766953,24,53,40,-32,62,65,18,-103,-57,-65,\"NA\",\"NA\",-11.54700538,27,\"NA\",33.9411255,-16,23,9,-17,-38,-29,\"NA\",\"NA\",-5.19615242,2,42,0,48,16,\"NA\",35.35533906,55,-119,-61,\"NA\",\"NA\",\"NA\",-5,28,38,-12,6,-30,-5,-19,-27,\"NA\",\"NA\",\"NA\",3.5,17,0,13,9,21,0,8,-47,-23,-6,-1,\"NA\",\"NA\",\"NA\",\"NA\",\"NA\",\"NA\",\"NA\",\"NA\",\"NA\",\"NA\",\"NA\",\"NA\",\"NA\",\"NA\",\"NA\",\"NA\",24.01102688,\"NA\",\"NA\",\"NA\",1.5,2,4,-52,-26,22,139,\"NA\",\"NA\",82.56108849,-33,-34,-26,-96,\"NA\",-83.43860018,-24,26,53,132,-63,56,\"NA\",\"NA\",-39.83716857,-92,\"NA\",-28.28427125,\"NA\",-4.24264069,6,13,\"NA\"]},{\"type\":\"language\",\"attributes\":{},\"value\":[\"Arima(y = c(0L, 0L, 1L, 3L, 6L, 9L, 17L, 40L, 60L, 67L, 51L, \",\"17L, 6L, 5L, 11L, 28L, 40L, 27L, 41L, 38L, 57L, 34L, 16L, 1L, \",\"0L, NA, 0L, 15L, 65L, 52L, 54L, 77L, 50L, NA, 9L, 1L, 0L, 1L, \",\"0L, 0L, NA, 21L, 23L, 26L, 40L, 45L, 40L, 8L, 0L, 0L, 1L, NA, \",\"2L, 9L, 23L, 20L, NA, NA, 12L, 23L, 44L, 33L, 32L, 31L, NA, NA, \",\"37L, 59L, 72L, NA, 58L, 14L, NA, 3L, 1L, NA, NA, 18L, 23L, 16L, \",\"NA, NA, 66L, 52L, 24L, 7L, NA, NA, 4L, 13L, 49L, 51L, 59L, 86L, \",\"NA, 26L, 53L, 25L, 11L, 7L, 11L, 15L, 52L, 65L, 60L, 95L, 97L, \",\"68L, 26L, 7L, 3L, 0L, 0L, 1L, 5L, NA, 28L, NA, NA, 47L, 61L, \",\"54L, NA, 11L, 3L, NA, NA, 41L, NA, 52L, 69L, 110L, 104L, 97L, \",\"41L, 6L, 8L, 8L, 15L, 28L, 68L, 67L, NA, 132L, NA, 59L, 103L, \",\"169L, 132L, NA, 74L, 134L, 99L, 86L, 131L, 160L, NA, 138L, 43L, \",\"26L, 4L, 1L, 7L, 13L, 45L, 75L, 69L, 83L, 42L, 49L, 48L, 17L, \",\"5L, 0L, 0L, 3L, 19L, 50L, 51L, 60L, 49L, 28L, 9L, 4L, 1L, 0L, \",\"0L, 2L, 7L, 22L, 22L, NA, 39L, NA, 104L, NA, 36L, NA, 2L, 0L, \",\"12L, 56L, 73L, NA, 118L, 147L, 135L, 165L, 161L, NA, NA, 8L, \",\"26L, 61L, 116L, NA, 203L, 285L, 238L, 166L, 122L, 39L, 8L, 0L, \",\"4L, 17L, 95L, 100L, NA, 152L, NA, 128L, NA, 78L, NA, 5L, 5L, \",\"36L, 97L, 103L, 141L, 202L, 111L, 210L, 135L, 78L, 42L, NA, 17L, \",\"41L, 94L, 134L, 102L, 164L, 229L, 247L, 144L, 87L, 22L, NA, NA, \",\"2L, 29L, NA, 77L, 61L, 84L, 93L, 76L, 38L, 9L, NA, NA, 0L, 2L, \",\"44L, 44L, 92L, 108L, NA, 158L, 213L, 94L, 33L, NA, NA, NA, 23L, \",\"51L, 89L, 77L, 83L, 53L, 48L, 29L, 2L, NA, NA, NA, 9L, 26L, 26L, \",\"39L, 48L, 69L, 69L, 77L, 30L, 7L, 1L, 0L, NA, NA, NA, NA, NA, \",\"NA, NA, NA, NA, NA, NA, NA, NA, NA, NA, NA, 99L, NA, NA, NA, \",\"102L, 104L, 108L, 56L, 30L, 52L, 191L, NA, NA, 334L, 301L, 267L, \",\"241L, 145L, NA, 27L, 3L, 29L, 82L, 214L, 151L, 207L, NA, NA, \",\"138L, 46L, NA, 6L, NA, 0L, 6L, 19L, NA), order = c(0, 1, 0))\"]},{\"type\":\"character\",\"attributes\":{},\"value\":[\"c(0L, 0L, 1L, 3L, 6L, 9L, 17L, 40L, 60L, 67L, 51L, 17L, 6L, 5L, \",\"11L, 28L, 40L, 27L, 41L, 38L, 57L, 34L, 16L, 1L, 0L, NA, 0L, \",\"15L, 65L, 52L, 54L, 77L, 50L, NA, 9L, 1L, 0L, 1L, 0L, 0L, NA, \",\"21L, 23L, 26L, 40L, 45L, 40L, 8L, 0L, 0L, 1L, NA, 2L, 9L, 23L, \",\"20L, NA, NA, 12L, 23L, 44L, 33L, 32L, 31L, NA, NA, 37L, 59L, \",\"72L, NA, 58L, 14L, NA, 3L, 1L, NA, NA, 18L, 23L, 16L, NA, NA, \",\"66L, 52L, 24L, 7L, NA, NA, 4L, 13L, 49L, 51L, 59L, 86L, NA, 26L, \",\"53L, 25L, 11L, 7L, 11L, 15L, 52L, 65L, 60L, 95L, 97L, 68L, 26L, \",\"7L, 3L, 0L, 0L, 1L, 5L, NA, 28L, NA, NA, 47L, 61L, 54L, NA, 11L, \",\"3L, NA, NA, 41L, NA, 52L, 69L, 110L, 104L, 97L, 41L, 6L, 8L, \",\"8L, 15L, 28L, 68L, 67L, NA, 132L, NA, 59L, 103L, 169L, 132L, \",\"NA, 74L, 134L, 99L, 86L, 131L, 160L, NA, 138L, 43L, 26L, 4L, \",\"1L, 7L, 13L, 45L, 75L, 69L, 83L, 42L, 49L, 48L, 17L, 5L, 0L, \",\"0L, 3L, 19L, 50L, 51L, 60L, 49L, 28L, 9L, 4L, 1L, 0L, 0L, 2L, \",\"7L, 22L, 22L, NA, 39L, NA, 104L, NA, 36L, NA, 2L, 0L, 12L, 56L, \",\"73L, NA, 118L, 147L, 135L, 165L, 161L, NA, NA, 8L, 26L, 61L, \",\"116L, NA, 203L, 285L, 238L, 166L, 122L, 39L, 8L, 0L, 4L, 17L, \",\"95L, 100L, NA, 152L, NA, 128L, NA, 78L, NA, 5L, 5L, 36L, 97L, \",\"103L, 141L, 202L, 111L, 210L, 135L, 78L, 42L, NA, 17L, 41L, 94L, \",\"134L, 102L, 164L, 229L, 247L, 144L, 87L, 22L, NA, NA, 2L, 29L, \",\"NA, 77L, 61L, 84L, 93L, 76L, 38L, 9L, NA, NA, 0L, 2L, 44L, 44L, \",\"92L, 108L, NA, 158L, 213L, 94L, 33L, NA, NA, NA, 23L, 51L, 89L, \",\"77L, 83L, 53L, 48L, 29L, 2L, NA, NA, NA, 9L, 26L, 26L, 39L, 48L, \",\"69L, 69L, 77L, 30L, 7L, 1L, 0L, NA, NA, NA, NA, NA, NA, NA, NA, \",\"NA, NA, NA, NA, NA, NA, NA, NA, 99L, NA, NA, NA, 102L, 104L, \",\"108L, 56L, 30L, 52L, 191L, NA, NA, 334L, 301L, 267L, 241L, 145L, \",\"NA, 27L, 3L, 29L, 82L, 214L, 151L, 207L, NA, NA, 138L, 46L, NA, \",\"6L, NA, 0L, 6L, 19L, NA)\"]},{\"type\":\"double\",\"attributes\":{},\"value\":[0]},{\"type\":\"double\",\"attributes\":{},\"value\":[0]},{\"type\":\"integer\",\"attributes\":{},\"value\":[283]},{\"type\":\"list\",\"attributes\":{\"names\":{\"type\":\"character\",\"attributes\":{},\"value\":[\"phi\",\"theta\",\"Delta\",\"Z\",\"a\",\"P\",\"T\",\"V\",\"h\",\"Pn\"]}},\"value\":[{\"type\":\"double\",\"attributes\":{},\"value\":[]},{\"type\":\"double\",\"attributes\":{},\"value\":[]},{\"type\":\"double\",\"attributes\":{},\"value\":[1]},{\"type\":\"double\",\"attributes\":{},\"value\":[1,1]},{\"type\":\"double\",\"attributes\":{},\"value\":[0,19]},{\"type\":\"double\",\"attributes\":{\"dim\":{\"type\":\"integer\",\"attributes\":{},\"value\":[2,2]}},\"value\":[1,0,0,0]},{\"type\":\"double\",\"attributes\":{\"dim\":{\"type\":\"integer\",\"attributes\":{},\"value\":[2,2]}},\"value\":[0,1,0,1]},{\"type\":\"double\",\"attributes\":{\"dim\":{\"type\":\"integer\",\"attributes\":{},\"value\":[2,2]}},\"value\":[1,0,0,0]},{\"type\":\"double\",\"attributes\":{},\"value\":[0]},{\"type\":\"double\",\"attributes\":{\"dim\":{\"type\":\"integer\",\"attributes\":{},\"value\":[2,2]}},\"value\":[1,0,0,0]}]},{\"type\":\"double\",\"attributes\":{},\"value\":[2854.61603402]},{\"type\":\"double\",\"attributes\":{},\"value\":[2858.24724605]},{\"type\":\"integer\",\"attributes\":{\"tsp\":{\"type\":\"double\",\"attributes\":{},\"value\":[1,364,1]},\"class\":{\"type\":\"character\",\"attributes\":{},\"value\":[\"ts\"]}},\"value\":[0,0,1,3,6,9,17,40,60,67,51,17,6,5,11,28,40,27,41,38,57,34,16,1,0,\"NA\",0,15,65,52,54,77,50,\"NA\",9,1,0,1,0,0,\"NA\",21,23,26,40,45,40,8,0,0,1,\"NA\",2,9,23,20,\"NA\",\"NA\",12,23,44,33,32,31,\"NA\",\"NA\",37,59,72,\"NA\",58,14,\"NA\",3,1,\"NA\",\"NA\",18,23,16,\"NA\",\"NA\",66,52,24,7,\"NA\",\"NA\",4,13,49,51,59,86,\"NA\",26,53,25,11,7,11,15,52,65,60,95,97,68,26,7,3,0,0,1,5,\"NA\",28,\"NA\",\"NA\",47,61,54,\"NA\",11,3,\"NA\",\"NA\",41,\"NA\",52,69,110,104,97,41,6,8,8,15,28,68,67,\"NA\",132,\"NA\",59,103,169,132,\"NA\",74,134,99,86,131,160,\"NA\",138,43,26,4,1,7,13,45,75,69,83,42,49,48,17,5,0,0,3,19,50,51,60,49,28,9,4,1,0,0,2,7,22,22,\"NA\",39,\"NA\",104,\"NA\",36,\"NA\",2,0,12,56,73,\"NA\",118,147,135,165,161,\"NA\",\"NA\",8,26,61,116,\"NA\",203,285,238,166,122,39,8,0,4,17,95,100,\"NA\",152,\"NA\",128,\"NA\",78,\"NA\",5,5,36,97,103,141,202,111,210,135,78,42,\"NA\",17,41,94,134,102,164,229,247,144,87,22,\"NA\",\"NA\",2,29,\"NA\",77,61,84,93,76,38,9,\"NA\",\"NA\",0,2,44,44,92,108,\"NA\",158,213,94,33,\"NA\",\"NA\",\"NA\",23,51,89,77,83,53,48,29,2,\"NA\",\"NA\",\"NA\",9,26,26,39,48,69,69,77,30,7,1,0,\"NA\",\"NA\",\"NA\",\"NA\",\"NA\",\"NA\",\"NA\",\"NA\",\"NA\",\"NA\",\"NA\",\"NA\",\"NA\",\"NA\",\"NA\",\"NA\",99,\"NA\",\"NA\",\"NA\",102,104,108,56,30,52,191,\"NA\",\"NA\",334,301,267,241,145,\"NA\",27,3,29,82,214,151,207,\"NA\",\"NA\",138,46,\"NA\",6,\"NA\",0,6,19,\"NA\"]},{\"type\":\"double\",\"attributes\":{\"tsp\":{\"type\":\"double\",\"attributes\":{},\"value\":[1,364,1]},\"class\":{\"type\":\"character\",\"attributes\":{},\"value\":[\"ts\"]}},\"value\":[0,0,0,1,3,6,9,17,40,60,67,51,17,6,5,11,28,40,27,41,38,57,34,16,1,\"NA\",0,0,15,65,52,54,77,\"NA\",37.99137803,9,1,0,1,0,\"NA\",6.1507576,21,23,26,40,45,40,8,0,0,\"NA\",1.29289322,2,9,23,\"NA\",\"NA\",16.61880215,12,23,44,33,32,\"NA\",\"NA\",33.53589838,37,59,\"NA\",67.89949494,58,\"NA\",10.77817459,3,\"NA\",\"NA\",8.18504542,18,23,\"NA\",\"NA\",37.13248654,66,52,24,\"NA\",\"NA\",5.73205081,4,13,49,51,59,\"NA\",68.42640687,26,53,25,11,7,11,15,52,65,60,95,97,68,26,7,3,0,0,1,\"NA\",11.73654403,\"NA\",\"NA\",36.03034489,47,61,\"NA\",41.40559159,11,\"NA\",\"NA\",19.06068977,\"NA\",44.22182541,52,69,110,104,97,41,6,8,8,15,28,68,\"NA\",86.03805922,\"NA\",110.61879503,59,103,169,\"NA\",115.01219331,74,134,99,86,131,\"NA\",153.55634919,138,43,26,4,1,7,13,45,75,69,83,42,49,48,17,5,0,0,3,19,50,51,60,49,28,9,4,1,0,0,2,7,22,\"NA\",26.97918472,\"NA\",58.03805922,\"NA\",84.08326112,\"NA\",26.04163056,2,0,12,56,\"NA\",86.18019485,118,147,135,165,\"NA\",\"NA\",96.33459119,8,26,61,\"NA\",141.48171004,203,285,238,166,122,39,8,0,4,17,95,\"NA\",115.23044738,\"NA\",144.97056275,\"NA\",113.35533906,\"NA\",56.61879503,5,5,36,97,103,141,202,111,210,135,78,\"NA\",34.67766953,17,41,94,134,102,164,229,247,144,87,\"NA\",\"NA\",13.54700538,2,\"NA\",43.0588745,77,61,84,93,76,38,\"NA\",\"NA\",5.19615242,0,2,44,44,92,\"NA\",122.64466094,158,213,94,\"NA\",\"NA\",\"NA\",28,23,51,89,77,83,53,48,29,\"NA\",\"NA\",\"NA\",5.5,9,26,26,39,48,69,69,77,30,7,1,\"NA\",\"NA\",\"NA\",\"NA\",\"NA\",\"NA\",\"NA\",\"NA\",\"NA\",\"NA\",\"NA\",\"NA\",\"NA\",\"NA\",\"NA\",\"NA\",74.98897312,\"NA\",\"NA\",\"NA\",100.5,102,104,108,56,30,52,\"NA\",\"NA\",251.43891151,334,301,267,241,\"NA\",110.43860018,27,3,29,82,214,151,\"NA\",\"NA\",177.83716857,138,\"NA\",34.28427125,\"NA\",4.24264069,0,6,\"NA\"]}]},{\"type\":\"double\",\"attributes\":{},\"value\":[95]},{\"type\":\"double\",\"attributes\":{\"tsp\":{\"type\":\"double\",\"attributes\":{},\"value\":[365,377,1]},\"class\":{\"type\":\"character\",\"attributes\":{},\"value\":[\"ts\"]}},\"value\":[19,19,19,19,19,19,19,19,19,19,19,19,19]},{\"type\":\"double\",\"attributes\":{\"dim\":{\"type\":\"integer\",\"attributes\":{},\"value\":[13,1]},\"dimnames\":{\"type\":\"list\",\"attributes\":{},\"value\":[{\"type\":\"NULL\"},{\"type\":\"character\",\"attributes\":{},\"value\":[\"95%\"]}]},\"tsp\":{\"type\":\"double\",\"attributes\":{},\"value\":[365,377,1]},\"class\":{\"type\":\"character\",\"attributes\":{},\"value\":[\"ts\"]}},\"value\":[-77.36169345,-99.01848985,-117.27601377,-133.36121525,-147.90334896,-161.27622105,-173.7233869,-185.41402066,-196.47129698,-206.9882028,-217.03697971,-226.67507764,-235.94907679]},{\"type\":\"double\",\"attributes\":{\"dim\":{\"type\":\"integer\",\"attributes\":{},\"value\":[13,1]},\"dimnames\":{\"type\":\"list\",\"attributes\":{},\"value\":[{\"type\":\"NULL\"},{\"type\":\"character\",\"attributes\":{},\"value\":[\"95%\"]}]},\"tsp\":{\"type\":\"double\",\"attributes\":{},\"value\":[365,377,1]},\"class\":{\"type\":\"character\",\"attributes\":{},\"value\":[\"ts\"]}},\"value\":[115.36169345,137.01848985,155.27601377,171.36121525,185.90334896,199.27622105,211.7233869,223.41402066,234.47129698,244.9882028,255.03697971,264.67507764,273.94907679]},{\"type\":\"integer\",\"attributes\":{\"tsp\":{\"type\":\"double\",\"attributes\":{},\"value\":[1,364,1]},\"class\":{\"type\":\"character\",\"attributes\":{},\"value\":[\"ts\"]}},\"value\":[0,0,1,3,6,9,17,40,60,67,51,17,6,5,11,28,40,27,41,38,57,34,16,1,0,\"NA\",0,15,65,52,54,77,50,\"NA\",9,1,0,1,0,0,\"NA\",21,23,26,40,45,40,8,0,0,1,\"NA\",2,9,23,20,\"NA\",\"NA\",12,23,44,33,32,31,\"NA\",\"NA\",37,59,72,\"NA\",58,14,\"NA\",3,1,\"NA\",\"NA\",18,23,16,\"NA\",\"NA\",66,52,24,7,\"NA\",\"NA\",4,13,49,51,59,86,\"NA\",26,53,25,11,7,11,15,52,65,60,95,97,68,26,7,3,0,0,1,5,\"NA\",28,\"NA\",\"NA\",47,61,54,\"NA\",11,3,\"NA\",\"NA\",41,\"NA\",52,69,110,104,97,41,6,8,8,15,28,68,67,\"NA\",132,\"NA\",59,103,169,132,\"NA\",74,134,99,86,131,160,\"NA\",138,43,26,4,1,7,13,45,75,69,83,42,49,48,17,5,0,0,3,19,50,51,60,49,28,9,4,1,0,0,2,7,22,22,\"NA\",39,\"NA\",104,\"NA\",36,\"NA\",2,0,12,56,73,\"NA\",118,147,135,165,161,\"NA\",\"NA\",8,26,61,116,\"NA\",203,285,238,166,122,39,8,0,4,17,95,100,\"NA\",152,\"NA\",128,\"NA\",78,\"NA\",5,5,36,97,103,141,202,111,210,135,78,42,\"NA\",17,41,94,134,102,164,229,247,144,87,22,\"NA\",\"NA\",2,29,\"NA\",77,61,84,93,76,38,9,\"NA\",\"NA\",0,2,44,44,92,108,\"NA\",158,213,94,33,\"NA\",\"NA\",\"NA\",23,51,89,77,83,53,48,29,2,\"NA\",\"NA\",\"NA\",9,26,26,39,48,69,69,77,30,7,1,0,\"NA\",\"NA\",\"NA\",\"NA\",\"NA\",\"NA\",\"NA\",\"NA\",\"NA\",\"NA\",\"NA\",\"NA\",\"NA\",\"NA\",\"NA\",\"NA\",99,\"NA\",\"NA\",\"NA\",102,104,108,56,30,52,191,\"NA\",\"NA\",334,301,267,241,145,\"NA\",27,3,29,82,214,151,207,\"NA\",\"NA\",138,46,\"NA\",6,\"NA\",0,6,19,\"NA\"]},{\"type\":\"character\",\"attributes\":{},\"value\":[\"c(0L, 0L, 1L, 3L, 6L, 9L, 17L, 40L, 60L, 67L, 51L, 17L, 6L, 5L, \",\"11L, 28L, 40L, 27L, 41L, 38L, 57L, 34L, 16L, 1L, 0L, NA, 0L, \",\"15L, 65L, 52L, 54L, 77L, 50L, NA, 9L, 1L, 0L, 1L, 0L, 0L, NA, \",\"21L, 23L, 26L, 40L, 45L, 40L, 8L, 0L, 0L, 1L, NA, 2L, 9L, 23L, \",\"20L, NA, NA, 12L, 23L, 44L, 33L, 32L, 31L, NA, NA, 37L, 59L, \",\"72L, NA, 58L, 14L, NA, 3L, 1L, NA, NA, 18L, 23L, 16L, NA, NA, \",\"66L, 52L, 24L, 7L, NA, NA, 4L, 13L, 49L, 51L, 59L, 86L, NA, 26L, \",\"53L, 25L, 11L, 7L, 11L, 15L, 52L, 65L, 60L, 95L, 97L, 68L, 26L, \",\"7L, 3L, 0L, 0L, 1L, 5L, NA, 28L, NA, NA, 47L, 61L, 54L, NA, 11L, \",\"3L, NA, NA, 41L, NA, 52L, 69L, 110L, 104L, 97L, 41L, 6L, 8L, \",\"8L, 15L, 28L, 68L, 67L, NA, 132L, NA, 59L, 103L, 169L, 132L, \",\"NA, 74L, 134L, 99L, 86L, 131L, 160L, NA, 138L, 43L, 26L, 4L, \",\"1L, 7L, 13L, 45L, 75L, 69L, 83L, 42L, 49L, 48L, 17L, 5L, 0L, \",\"0L, 3L, 19L, 50L, 51L, 60L, 49L, 28L, 9L, 4L, 1L, 0L, 0L, 2L, \",\"7L, 22L, 22L, NA, 39L, NA, 104L, NA, 36L, NA, 2L, 0L, 12L, 56L, \",\"73L, NA, 118L, 147L, 135L, 165L, 161L, NA, NA, 8L, 26L, 61L, \",\"116L, NA, 203L, 285L, 238L, 166L, 122L, 39L, 8L, 0L, 4L, 17L, \",\"95L, 100L, NA, 152L, NA, 128L, NA, 78L, NA, 5L, 5L, 36L, 97L, \",\"103L, 141L, 202L, 111L, 210L, 135L, 78L, 42L, NA, 17L, 41L, 94L, \",\"134L, 102L, 164L, 229L, 247L, 144L, 87L, 22L, NA, NA, 2L, 29L, \",\"NA, 77L, 61L, 84L, 93L, 76L, 38L, 9L, NA, NA, 0L, 2L, 44L, 44L, \",\"92L, 108L, NA, 158L, 213L, 94L, 33L, NA, NA, NA, 23L, 51L, 89L, \",\"77L, 83L, 53L, 48L, 29L, 2L, NA, NA, NA, 9L, 26L, 26L, 39L, 48L, \",\"69L, 69L, 77L, 30L, 7L, 1L, 0L, NA, NA, NA, NA, NA, NA, NA, NA, \",\"NA, NA, NA, NA, NA, NA, NA, NA, 99L, NA, NA, NA, 102L, 104L, \",\"108L, 56L, 30L, 52L, 191L, NA, NA, 334L, 301L, 267L, 241L, 145L, \",\"NA, 27L, 3L, 29L, 82L, 214L, 151L, 207L, NA, NA, 138L, 46L, NA, \",\"6L, NA, 0L, 6L, 19L, NA)\"]},{\"type\":\"double\",\"attributes\":{\"tsp\":{\"type\":\"double\",\"attributes\":{},\"value\":[1,364,1]},\"class\":{\"type\":\"character\",\"attributes\":{},\"value\":[\"ts\"]}},\"value\":[0,0,0,1,3,6,9,17,40,60,67,51,17,6,5,11,28,40,27,41,38,57,34,16,1,\"NA\",0,0,15,65,52,54,77,\"NA\",37.99137803,9,1,0,1,0,\"NA\",6.1507576,21,23,26,40,45,40,8,0,0,\"NA\",1.29289322,2,9,23,\"NA\",\"NA\",16.61880215,12,23,44,33,32,\"NA\",\"NA\",33.53589838,37,59,\"NA\",67.89949494,58,\"NA\",10.77817459,3,\"NA\",\"NA\",8.18504542,18,23,\"NA\",\"NA\",37.13248654,66,52,24,\"NA\",\"NA\",5.73205081,4,13,49,51,59,\"NA\",68.42640687,26,53,25,11,7,11,15,52,65,60,95,97,68,26,7,3,0,0,1,\"NA\",11.73654403,\"NA\",\"NA\",36.03034489,47,61,\"NA\",41.40559159,11,\"NA\",\"NA\",19.06068977,\"NA\",44.22182541,52,69,110,104,97,41,6,8,8,15,28,68,\"NA\",86.03805922,\"NA\",110.61879503,59,103,169,\"NA\",115.01219331,74,134,99,86,131,\"NA\",153.55634919,138,43,26,4,1,7,13,45,75,69,83,42,49,48,17,5,0,0,3,19,50,51,60,49,28,9,4,1,0,0,2,7,22,\"NA\",26.97918472,\"NA\",58.03805922,\"NA\",84.08326112,\"NA\",26.04163056,2,0,12,56,\"NA\",86.18019485,118,147,135,165,\"NA\",\"NA\",96.33459119,8,26,61,\"NA\",141.48171004,203,285,238,166,122,39,8,0,4,17,95,\"NA\",115.23044738,\"NA\",144.97056275,\"NA\",113.35533906,\"NA\",56.61879503,5,5,36,97,103,141,202,111,210,135,78,\"NA\",34.67766953,17,41,94,134,102,164,229,247,144,87,\"NA\",\"NA\",13.54700538,2,\"NA\",43.0588745,77,61,84,93,76,38,\"NA\",\"NA\",5.19615242,0,2,44,44,92,\"NA\",122.64466094,158,213,94,\"NA\",\"NA\",\"NA\",28,23,51,89,77,83,53,48,29,\"NA\",\"NA\",\"NA\",5.5,9,26,26,39,48,69,69,77,30,7,1,\"NA\",\"NA\",\"NA\",\"NA\",\"NA\",\"NA\",\"NA\",\"NA\",\"NA\",\"NA\",\"NA\",\"NA\",\"NA\",\"NA\",\"NA\",\"NA\",74.98897312,\"NA\",\"NA\",\"NA\",100.5,102,104,108,56,30,52,\"NA\",\"NA\",251.43891151,334,301,267,241,\"NA\",110.43860018,27,3,29,82,214,151,\"NA\",\"NA\",177.83716857,138,\"NA\",34.28427125,\"NA\",4.24264069,0,6,\"NA\"]},{\"type\":\"double\",\"attributes\":{\"tsp\":{\"type\":\"double\",\"attributes\":{},\"value\":[1,364,1]},\"class\":{\"type\":\"character\",\"attributes\":{},\"value\":[\"ts\"]}},\"value\":[0,0,1,2,3,3,8,23,20,7,-16,-34,-11,-1,6,17,12,-13,14,-3,19,-23,-18,-15,-1,\"NA\",0,15,50,-13,2,23,-27,\"NA\",-28.99137803,-8,-1,1,-1,0,\"NA\",14.8492424,2,3,14,5,-5,-32,-8,0,1,\"NA\",0.70710678,7,14,-3,\"NA\",\"NA\",-4.61880215,11,21,-11,-1,-1,\"NA\",\"NA\",3.46410162,22,13,\"NA\",-9.89949494,-44,\"NA\",-7.77817459,-2,\"NA\",\"NA\",9.81495458,5,-7,\"NA\",\"NA\",28.86751346,-14,-28,-17,\"NA\",\"NA\",-1.73205081,9,36,2,8,27,\"NA\",-42.42640687,27,-28,-14,-4,4,4,37,13,-5,35,2,-29,-42,-19,-4,-3,0,1,4,\"NA\",16.26345597,\"NA\",\"NA\",10.96965511,14,-7,\"NA\",-30.40559159,-8,\"NA\",\"NA\",21.93931023,\"NA\",7.77817459,17,41,-6,-7,-56,-35,2,0,7,13,40,-1,\"NA\",45.96194078,\"NA\",-51.61879503,44,66,-37,\"NA\",-41.01219331,60,-35,-13,45,29,\"NA\",-15.55634919,-95,-17,-22,-3,6,6,32,30,-6,14,-41,7,-1,-31,-12,-5,0,3,16,31,1,9,-11,-21,-19,-5,-3,-1,0,2,5,15,0,\"NA\",12.02081528,\"NA\",45.96194078,\"NA\",-48.08326112,\"NA\",-24.04163056,-2,12,44,17,\"NA\",31.81980515,29,-12,30,-4,\"NA\",\"NA\",-88.33459119,18,35,55,\"NA\",61.51828996,82,-47,-72,-44,-83,-31,-8,4,13,78,5,\"NA\",36.76955262,\"NA\",-16.97056275,\"NA\",-35.35533906,\"NA\",-51.61879503,0,31,61,6,38,61,-91,99,-75,-57,-36,\"NA\",-17.67766953,24,53,40,-32,62,65,18,-103,-57,-65,\"NA\",\"NA\",-11.54700538,27,\"NA\",33.9411255,-16,23,9,-17,-38,-29,\"NA\",\"NA\",-5.19615242,2,42,0,48,16,\"NA\",35.35533906,55,-119,-61,\"NA\",\"NA\",\"NA\",-5,28,38,-12,6,-30,-5,-19,-27,\"NA\",\"NA\",\"NA\",3.5,17,0,13,9,21,0,8,-47,-23,-6,-1,\"NA\",\"NA\",\"NA\",\"NA\",\"NA\",\"NA\",\"NA\",\"NA\",\"NA\",\"NA\",\"NA\",\"NA\",\"NA\",\"NA\",\"NA\",\"NA\",24.01102688,\"NA\",\"NA\",\"NA\",1.5,2,4,-52,-26,22,139,\"NA\",\"NA\",82.56108849,-33,-34,-26,-96,\"NA\",-83.43860018,-24,26,53,132,-63,56,\"NA\",\"NA\",-39.83716857,-92,\"NA\",-28.28427125,\"NA\",-4.24264069,6,13,\"NA\"]}]}"]
