"currency","model","confidence_level","dataset","species","estimate","lower_pi","upper_pi","old_cast_id","forecast_id","origin","newmoonnumber","forecast_date","forecast_month","forecast_year","forecast_group","historic_start_newmoonnumber","historic_end_newmoonnumber","forecast_start_newmoonnumber","forecast_end_newmoonnumber","lead_time_newmoons","max_lag","lag_buffer"
"abundance","nbGARCH",0.95,"exclosures","BA",0.15744623323882,0,2,2572,"2572.01",,555,2022-06-09,4,2022,98,217,556,555,568,-1,,
"abundance","nbGARCH",0.95,"exclosures","BA",0.181901926887359,0,2,2572,"2572.01",,556,2022-06-09,5,2022,98,217,556,555,568,0,,
"abundance","nbGARCH",0.95,"exclosures","BA",0.185696669558077,0,2,2572,"2572.01",,557,2022-06-09,6,2022,98,217,556,555,568,1,,
"abundance","nbGARCH",0.95,"exclosures","BA",0.186285403731595,0,2,2572,"2572.01",,558,2022-06-09,7,2022,98,217,556,555,568,2,,
"abundance","nbGARCH",0.95,"exclosures","BA",0.186376740594368,0,2,2572,"2572.01",,559,2022-06-09,8,2022,98,217,556,555,568,3,,
"abundance","nbGARCH",0.95,"exclosures","BA",0.186390910644118,0,1,2572,"2572.01",,560,2022-06-09,9,2022,98,217,556,555,568,4,,
"abundance","nbGARCH",0.95,"exclosures","BA",0.186393108991992,0,2,2572,"2572.01",,561,2022-06-09,10,2022,98,217,556,555,568,5,,
"abundance","nbGARCH",0.95,"exclosures","BA",0.186393450044637,0,2,2572,"2572.01",,562,2022-06-09,11,2022,98,217,556,555,568,6,,
"abundance","nbGARCH",0.95,"exclosures","BA",0.186393502955692,0,2,2572,"2572.01",,563,2022-06-09,12,2022,98,217,556,555,568,7,,
"abundance","nbGARCH",0.95,"exclosures","BA",0.186393511164338,0,2,2572,"2572.01",,564,2022-06-09,1,2023,98,217,556,555,568,8,,
"abundance","nbGARCH",0.95,"exclosures","BA",0.18639351243783,0,2,2572,"2572.01",,565,2022-06-09,2,2023,98,217,556,555,568,9,,
"abundance","nbGARCH",0.95,"exclosures","BA",0.186393512635399,0,2,2572,"2572.01",,566,2022-06-09,3,2023,98,217,556,555,568,10,,
"abundance","nbGARCH",0.95,"exclosures","BA",0.186393512666048,0,2,2572,"2572.01",,567,2022-06-09,4,2023,98,217,556,555,568,11,,
"abundance","nbGARCH",0.95,"exclosures","BA",0.186664881039547,0,2,2572,"2572.01",,568,2022-06-09,5,2023,98,217,556,555,568,12,,
