["{\"type\":\"list\",\"attributes\":{\"names\":{\"type\":\"character\",\"attributes\":{},\"value\":[\"method\",\"model\",\"level\",\"mean\",\"lower\",\"upper\",\"x\",\"series\",\"fitted\",\"residuals\"]},\"class\":{\"type\":\"character\",\"attributes\":{},\"value\":[\"forecast\"]}},\"value\":[{\"type\":\"character\",\"attributes\":{},\"value\":[\"ARIMA(0,1,0)\"]},{\"type\":\"list\",\"attributes\":{\"names\":{\"type\":\"character\",\"attributes\":{},\"value\":[\"coef\",\"sigma2\",\"var.coef\",\"mask\",\"loglik\",\"aic\",\"arma\",\"residuals\",\"call\",\"series\",\"code\",\"n.cond\",\"nobs\",\"model\",\"bic\",\"aicc\",\"x\",\"fitted\"]},\"class\":{\"type\":\"character\",\"attributes\":{},\"value\":[\"forecast_ARIMA\",\"ARIMA\",\"Arima\"]}},\"value\":[{\"type\":\"double\",\"attributes\":{},\"value\":[]},{\"type\":\"double\",\"attributes\":{},\"value\":[6.5609319]},{\"type\":\"double\",\"attributes\":{},\"value\":[]},{\"type\":\"logical\",\"attributes\":{},\"value\":[]},{\"type\":\"double\",\"attributes\":{},\"value\":[-678.09363802]},{\"type\":\"double\",\"attributes\":{},\"value\":[1358.18727603]},{\"type\":\"integer\",\"attributes\":{},\"value\":[0,0,0,0,1,1,0]},{\"type\":\"double\",\"attributes\":{\"tsp\":{\"type\":\"double\",\"attributes\":{},\"value\":[1,362,1]},\"class\":{\"type\":\"character\",\"attributes\":{},\"value\":[\"ts\"]}},\"value\":[0,0,0,0,0,1,0,0,-1,0,0,2,0,-1,5,2,2,-9,3,-4,0,2,-1,4,7,\"NA\",1.41421356,2,12,3,7,-9,-14,\"NA\",7.77817459,9,-13,-5,-2,-7,\"NA\",-0.70710678,0,1,3,-3,1,7,-9,-1,1,\"NA\",2.12132034,-3,-2,0,\"NA\",\"NA\",-2.88675135,1,-1,0,1,-1,\"NA\",\"NA\",0,0,0,\"NA\",0,1,\"NA\",-0.70710678,0,\"NA\",\"NA\",0.57735027,0,-1,\"NA\",\"NA\",0,0,0,0,\"NA\",\"NA\",0.57735027,-1,0,0,0,0,\"NA\",0,0,0,0,0,0,0,0,0,1,-1,0,0,0,0,0,0,0,0,0,\"NA\",0,\"NA\",\"NA\",0,0,0,\"NA\",0,1,\"NA\",\"NA\",0,\"NA\",-0.70710678,1.11022302e-16,0,0,0,0,1,0,0,-1,0,0,1,\"NA\",-0.70710678,\"NA\",0,0,1,0,\"NA\",0.70710678,5,-4,6,1,-5,\"NA\",0.70710678,6,4,3,-8,0,3,-2,-2,-5,-2,-2,-1,3,-2,0,-1,0,0,0,0,0,0,0,0,1,-1,0,0,0,0,0,0,0,\"NA\",0,\"NA\",0,\"NA\",0,\"NA\",0,0,0,0,0,\"NA\",0,0,0,0,0,\"NA\",\"NA\",0,0,0,0,\"NA\",0,0,0,0,0,0,0,0,0,0,0,0,\"NA\",0,\"NA\",0,\"NA\",0,\"NA\",0,0,0,0,0,0,0,0,0,0,0,0,\"NA\",0,0,0,0,2,4,-1,-1,-1,6,2,\"NA\",\"NA\",-1.73205081,-4,\"NA\",0.70710678,-4,-1,0,0,0,0,\"NA\",\"NA\",1.73205081,-1,2,-3,-1,0,\"NA\",0,0,1,0,\"NA\",\"NA\",\"NA\",0,-1,0,0,0,0,0,0,0,\"NA\",\"NA\",\"NA\",0,0,0,0,0,0,0,0,0,0,0,0,\"NA\",\"NA\",\"NA\",\"NA\",\"NA\",\"NA\",\"NA\",\"NA\",\"NA\",\"NA\",\"NA\",\"NA\",\"NA\",\"NA\",\"NA\",\"NA\",0,\"NA\",\"NA\",\"NA\",0,0,0,0,0,0,0,\"NA\",\"NA\",0,0,0,0,0,\"NA\",0,0,1,7,-6,2,5,\"NA\",\"NA\",-3.46410162,-2,\"NA\",\"NA\",\"NA\",\"NA\",\"NA\"]},{\"type\":\"language\",\"attributes\":{},\"value\":[\"auto.arima(y = c(0L, 0L, 0L, 0L, 0L, 1L, 1L, 1L, 0L, 0L, 0L, \",\"2L, 2L, 1L, 6L, 8L, 10L, 1L, 4L, 0L, 0L, 2L, 1L, 5L, 12L, NA, \",\"14L, 16L, 28L, 31L, 38L, 29L, 15L, NA, 26L, 35L, 22L, 17L, 15L, \",\"8L, NA, 7L, 7L, 8L, 11L, 8L, 9L, 16L, 7L, 6L, 7L, NA, 10L, 7L, \",\"5L, 5L, NA, NA, 0L, 1L, 0L, 0L, 1L, 0L, NA, NA, 0L, 0L, 0L, NA, \",\"0L, 1L, NA, 0L, 0L, NA, NA, 1L, 1L, 0L, NA, NA, 0L, 0L, 0L, 0L, \",\"NA, NA, 1L, 0L, 0L, 0L, 0L, 0L, NA, 0L, 0L, 0L, 0L, 0L, 0L, 0L, \",\"0L, 0L, 1L, 0L, 0L, 0L, 0L, 0L, 0L, 0L, 0L, 0L, 0L, NA, 0L, NA, \",\"NA, 0L, 0L, 0L, NA, 0L, 1L, NA, NA, 1L, NA, 0L, 0L, 0L, 0L, 0L, \",\"0L, 1L, 1L, 1L, 0L, 0L, 0L, 1L, NA, 0L, NA, 0L, 0L, 1L, 1L, NA, \",\"2L, 7L, 3L, 9L, 10L, 5L, NA, 6L, 12L, 16L, 19L, 11L, 11L, 14L, \",\"12L, 10L, 5L, 3L, 1L, 0L, 3L, 1L, 1L, 0L, 0L, 0L, 0L, 0L, 0L, \",\"0L, 0L, 0L, 1L, 0L, 0L, 0L, 0L, 0L, 0L, 0L, 0L, NA, 0L, NA, 0L, \",\"NA, 0L, NA, 0L, 0L, 0L, 0L, 0L, NA, 0L, 0L, 0L, 0L, 0L, NA, NA, \",\"0L, 0L, 0L, 0L, NA, 0L, 0L, 0L, 0L, 0L, 0L, 0L, 0L, 0L, 0L, 0L, \",\"0L, NA, 0L, NA, 0L, NA, 0L, NA, 0L, 0L, 0L, 0L, 0L, 0L, 0L, 0L, \",\"0L, 0L, 0L, 0L, NA, 0L, 0L, 0L, 0L, 2L, 6L, 5L, 4L, 3L, 9L, 11L, \",\"NA, NA, 8L, 4L, NA, 5L, 1L, 0L, 0L, 0L, 0L, 0L, NA, NA, 3L, 2L, \",\"4L, 1L, 0L, 0L, NA, 0L, 0L, 1L, 1L, NA, NA, NA, 1L, 0L, 0L, 0L, \",\"0L, 0L, 0L, 0L, 0L, NA, NA, NA, 0L, 0L, 0L, 0L, 0L, 0L, 0L, 0L, \",\"0L, 0L, 0L, 0L, NA, NA, NA, NA, NA, NA, NA, NA, NA, NA, NA, NA, \",\"NA, NA, NA, NA, 0L, NA, NA, NA, 0L, 0L, 0L, 0L, 0L, 0L, 0L, NA, \",\"NA, 0L, 0L, 0L, 0L, 0L, NA, 0L, 0L, 1L, 8L, 2L, 4L, 9L, NA, NA, \",\"3L, 1L, NA, NA, NA, NA, NA), x = structure(list(x = structure(c(0L, \",\"0L, 0L, 0L, 0L, 1L, 1L, 1L, 0L, 0L, 0L, 2L, 2L, 1L, 6L, 8L, 10L, \",\"1L, 4L, 0L, 0L, 2L, 1L, 5L, 12L, NA, 14L, 16L, 28L, 31L, 38L, \",\"29L, 15L, NA, 26L, 35L, 22L, 17L, 15L, 8L, NA, 7L, 7L, 8L, 11L, \",\"8L, 9L, 16L, 7L, 6L, 7L, NA, 10L, 7L, 5L, 5L, NA, NA, 0L, 1L, \",\"0L, 0L, 1L, 0L, NA, NA, 0L, 0L, 0L, NA, 0L, 1L, NA, 0L, 0L, NA, \",\"NA, 1L, 1L, 0L, NA, NA, 0L, 0L, 0L, 0L, NA, NA, 1L, 0L, 0L, 0L, \",\"0L, 0L, NA, 0L, 0L, 0L, 0L, 0L, 0L, 0L, 0L, 0L, 1L, 0L, 0L, 0L, \",\"0L, 0L, 0L, 0L, 0L, 0L, 0L, NA, 0L, NA, NA, 0L, 0L, 0L, NA, 0L, \",\"1L, NA, NA, 1L, NA, 0L, 0L, 0L, 0L, 0L, 0L, 1L, 1L, 1L, 0L, 0L, \",\"0L, 1L, NA, 0L, NA, 0L, 0L, 1L, 1L, NA, 2L, 7L, 3L, 9L, 10L, \",\"5L, NA, 6L, 12L, 16L, 19L, 11L, 11L, 14L, 12L, 10L, 5L, 3L, 1L, \",\"0L, 3L, 1L, 1L, 0L, 0L, 0L, 0L, 0L, 0L, 0L, 0L, 0L, 1L, 0L, 0L, \",\"0L, 0L, 0L, 0L, 0L, 0L, NA, 0L, NA, 0L, NA, 0L, NA, 0L, 0L, 0L, \",\"0L, 0L, NA, 0L, 0L, 0L, 0L, 0L, NA, NA, 0L, 0L, 0L, 0L, NA, 0L, \",\"0L, 0L, 0L, 0L, 0L, 0L, 0L, 0L, 0L, 0L, 0L, NA, 0L, NA, 0L, NA, \",\"0L, NA, 0L, 0L, 0L, 0L, 0L, 0L, 0L, 0L, 0L, 0L, 0L, 0L, NA, 0L, \",\"0L, 0L, 0L, 2L, 6L, 5L, 4L, 3L, 9L, 11L, NA, NA, 8L, 4L, NA, \",\"5L, 1L, 0L, 0L, 0L, 0L, 0L, NA, NA, 3L, 2L, 4L, 1L, 0L, 0L, NA, \",\"0L, 0L, 1L, 1L, NA, NA, NA, 1L, 0L, 0L, 0L, 0L, 0L, 0L, 0L, 0L, \",\"NA, NA, NA, 0L, 0L, 0L, 0L, 0L, 0L, 0L, 0L, 0L, 0L, 0L, 0L, NA, \",\"NA, NA, NA, NA, NA, NA, NA, NA, NA, NA, NA, NA, NA, NA, NA, 0L, \",\"NA, NA, NA, 0L, 0L, 0L, 0L, 0L, 0L, 0L, NA, NA, 0L, 0L, 0L, 0L, \",\"0L, NA, 0L, 0L, 1L, 8L, 2L, 4L, 9L, NA, NA, 3L, 1L, NA, NA, NA, \",\"NA, NA), tsp = c(1, 362, 1), class = \\\"ts\\\")), class = \\\"data.frame\\\", row.names = c(NA, \",\"-362L)))\"]},{\"type\":\"character\",\"attributes\":{},\"value\":[\"c(0L, 0L, 0L, 0L, 0L, 1L, 1L, 1L, 0L, 0L, 0L, 2L, 2L, 1L, 6L, \",\"8L, 10L, 1L, 4L, 0L, 0L, 2L, 1L, 5L, 12L, NA, 14L, 16L, 28L, \",\"31L, 38L, 29L, 15L, NA, 26L, 35L, 22L, 17L, 15L, 8L, NA, 7L, \",\"7L, 8L, 11L, 8L, 9L, 16L, 7L, 6L, 7L, NA, 10L, 7L, 5L, 5L, NA, \",\"NA, 0L, 1L, 0L, 0L, 1L, 0L, NA, NA, 0L, 0L, 0L, NA, 0L, 1L, NA, \",\"0L, 0L, NA, NA, 1L, 1L, 0L, NA, NA, 0L, 0L, 0L, 0L, NA, NA, 1L, \",\"0L, 0L, 0L, 0L, 0L, NA, 0L, 0L, 0L, 0L, 0L, 0L, 0L, 0L, 0L, 1L, \",\"0L, 0L, 0L, 0L, 0L, 0L, 0L, 0L, 0L, 0L, NA, 0L, NA, NA, 0L, 0L, \",\"0L, NA, 0L, 1L, NA, NA, 1L, NA, 0L, 0L, 0L, 0L, 0L, 0L, 1L, 1L, \",\"1L, 0L, 0L, 0L, 1L, NA, 0L, NA, 0L, 0L, 1L, 1L, NA, 2L, 7L, 3L, \",\"9L, 10L, 5L, NA, 6L, 12L, 16L, 19L, 11L, 11L, 14L, 12L, 10L, \",\"5L, 3L, 1L, 0L, 3L, 1L, 1L, 0L, 0L, 0L, 0L, 0L, 0L, 0L, 0L, 0L, \",\"1L, 0L, 0L, 0L, 0L, 0L, 0L, 0L, 0L, NA, 0L, NA, 0L, NA, 0L, NA, \",\"0L, 0L, 0L, 0L, 0L, NA, 0L, 0L, 0L, 0L, 0L, NA, NA, 0L, 0L, 0L, \",\"0L, NA, 0L, 0L, 0L, 0L, 0L, 0L, 0L, 0L, 0L, 0L, 0L, 0L, NA, 0L, \",\"NA, 0L, NA, 0L, NA, 0L, 0L, 0L, 0L, 0L, 0L, 0L, 0L, 0L, 0L, 0L, \",\"0L, NA, 0L, 0L, 0L, 0L, 2L, 6L, 5L, 4L, 3L, 9L, 11L, NA, NA, \",\"8L, 4L, NA, 5L, 1L, 0L, 0L, 0L, 0L, 0L, NA, NA, 3L, 2L, 4L, 1L, \",\"0L, 0L, NA, 0L, 0L, 1L, 1L, NA, NA, NA, 1L, 0L, 0L, 0L, 0L, 0L, \",\"0L, 0L, 0L, NA, NA, NA, 0L, 0L, 0L, 0L, 0L, 0L, 0L, 0L, 0L, 0L, \",\"0L, 0L, NA, NA, NA, NA, NA, NA, NA, NA, NA, NA, NA, NA, NA, NA, \",\"NA, NA, 0L, NA, NA, NA, 0L, 0L, 0L, 0L, 0L, 0L, 0L, NA, NA, 0L, \",\"0L, 0L, 0L, 0L, NA, 0L, 0L, 1L, 8L, 2L, 4L, 9L, NA, NA, 3L, 1L, \",\"NA, NA, NA, NA, NA)\"]},{\"type\":\"double\",\"attributes\":{},\"value\":[0]},{\"type\":\"double\",\"attributes\":{},\"value\":[0]},{\"type\":\"integer\",\"attributes\":{},\"value\":[279]},{\"type\":\"list\",\"attributes\":{\"names\":{\"type\":\"character\",\"attributes\":{},\"value\":[\"phi\",\"theta\",\"Delta\",\"Z\",\"a\",\"P\",\"T\",\"V\",\"h\",\"Pn\"]}},\"value\":[{\"type\":\"double\",\"attributes\":{},\"value\":[]},{\"type\":\"double\",\"attributes\":{},\"value\":[]},{\"type\":\"double\",\"attributes\":{},\"value\":[1]},{\"type\":\"double\",\"attributes\":{},\"value\":[1,1]},{\"type\":\"double\",\"attributes\":{},\"value\":[0,1]},{\"type\":\"double\",\"attributes\":{\"dim\":{\"type\":\"integer\",\"attributes\":{},\"value\":[2,2]}},\"value\":[1,0,0,4]},{\"type\":\"double\",\"attributes\":{\"dim\":{\"type\":\"integer\",\"attributes\":{},\"value\":[2,2]}},\"value\":[0,1,0,1]},{\"type\":\"double\",\"attributes\":{\"dim\":{\"type\":\"integer\",\"attributes\":{},\"value\":[2,2]}},\"value\":[1,0,0,0]},{\"type\":\"double\",\"attributes\":{},\"value\":[0]},{\"type\":\"double\",\"attributes\":{\"dim\":{\"type\":\"integer\",\"attributes\":{},\"value\":[2,2]}},\"value\":[1,0,0,4]}]},{\"type\":\"double\",\"attributes\":{},\"value\":[1361.81848781]},{\"type\":\"double\",\"attributes\":{},\"value\":[1358.20171646]},{\"type\":\"integer\",\"attributes\":{\"tsp\":{\"type\":\"double\",\"attributes\":{},\"value\":[1,362,1]},\"class\":{\"type\":\"character\",\"attributes\":{},\"value\":[\"ts\"]}},\"value\":[0,0,0,0,0,1,1,1,0,0,0,2,2,1,6,8,10,1,4,0,0,2,1,5,12,\"NA\",14,16,28,31,38,29,15,\"NA\",26,35,22,17,15,8,\"NA\",7,7,8,11,8,9,16,7,6,7,\"NA\",10,7,5,5,\"NA\",\"NA\",0,1,0,0,1,0,\"NA\",\"NA\",0,0,0,\"NA\",0,1,\"NA\",0,0,\"NA\",\"NA\",1,1,0,\"NA\",\"NA\",0,0,0,0,\"NA\",\"NA\",1,0,0,0,0,0,\"NA\",0,0,0,0,0,0,0,0,0,1,0,0,0,0,0,0,0,0,0,0,\"NA\",0,\"NA\",\"NA\",0,0,0,\"NA\",0,1,\"NA\",\"NA\",1,\"NA\",0,0,0,0,0,0,1,1,1,0,0,0,1,\"NA\",0,\"NA\",0,0,1,1,\"NA\",2,7,3,9,10,5,\"NA\",6,12,16,19,11,11,14,12,10,5,3,1,0,3,1,1,0,0,0,0,0,0,0,0,0,1,0,0,0,0,0,0,0,0,\"NA\",0,\"NA\",0,\"NA\",0,\"NA\",0,0,0,0,0,\"NA\",0,0,0,0,0,\"NA\",\"NA\",0,0,0,0,\"NA\",0,0,0,0,0,0,0,0,0,0,0,0,\"NA\",0,\"NA\",0,\"NA\",0,\"NA\",0,0,0,0,0,0,0,0,0,0,0,0,\"NA\",0,0,0,0,2,6,5,4,3,9,11,\"NA\",\"NA\",8,4,\"NA\",5,1,0,0,0,0,0,\"NA\",\"NA\",3,2,4,1,0,0,\"NA\",0,0,1,1,\"NA\",\"NA\",\"NA\",1,0,0,0,0,0,0,0,0,\"NA\",\"NA\",\"NA\",0,0,0,0,0,0,0,0,0,0,0,0,\"NA\",\"NA\",\"NA\",\"NA\",\"NA\",\"NA\",\"NA\",\"NA\",\"NA\",\"NA\",\"NA\",\"NA\",\"NA\",\"NA\",\"NA\",\"NA\",0,\"NA\",\"NA\",\"NA\",0,0,0,0,0,0,0,\"NA\",\"NA\",0,0,0,0,0,\"NA\",0,0,1,8,2,4,9,\"NA\",\"NA\",3,1,\"NA\",\"NA\",\"NA\",\"NA\",\"NA\"]},{\"type\":\"double\",\"attributes\":{\"tsp\":{\"type\":\"double\",\"attributes\":{},\"value\":[1,362,1]},\"class\":{\"type\":\"character\",\"attributes\":{},\"value\":[\"ts\"]}},\"value\":[0,0,0,0,0,0,1,1,1,0,0,0,2,2,1,6,8,10,1,4,0,0,2,1,5,\"NA\",12.58578644,14,16,28,31,38,29,\"NA\",18.22182541,26,35,22,17,15,\"NA\",7.70710678,7,7,8,11,8,9,16,7,6,\"NA\",7.87867966,10,7,5,\"NA\",\"NA\",2.88675135,-2.22044605e-16,1,0,0,1,\"NA\",\"NA\",0,0,0,\"NA\",0,0,\"NA\",0.70710678,0,\"NA\",\"NA\",0.42264973,1,1,\"NA\",\"NA\",0,0,0,0,\"NA\",\"NA\",0.42264973,1,0,0,0,0,\"NA\",0,0,0,0,0,0,0,0,0,0,1,0,0,0,0,0,0,0,0,0,\"NA\",0,\"NA\",\"NA\",0,0,0,\"NA\",0,0,\"NA\",\"NA\",1,\"NA\",0.70710678,-1.11022302e-16,0,0,0,0,0,1,1,1,0,0,0,\"NA\",0.70710678,\"NA\",0,0,0,1,\"NA\",1.29289322,2,7,3,9,10,\"NA\",5.29289322,6,12,16,19,11,11,14,12,10,5,3,1,0,3,1,1,0,0,0,0,0,0,0,0,0,1,0,0,0,0,0,0,0,\"NA\",0,\"NA\",0,\"NA\",0,\"NA\",0,0,0,0,0,\"NA\",0,0,0,0,0,\"NA\",\"NA\",0,0,0,0,\"NA\",0,0,0,0,0,0,0,0,0,0,0,0,\"NA\",0,\"NA\",0,\"NA\",0,\"NA\",0,0,0,0,0,0,0,0,0,0,0,0,\"NA\",0,0,0,0,0,2,6,5,4,3,9,\"NA\",\"NA\",9.73205081,8,\"NA\",4.29289322,5,1,0,0,0,0,\"NA\",\"NA\",1.26794919,3,2,4,1,0,\"NA\",0,0,0,1,\"NA\",\"NA\",\"NA\",1,1,0,0,0,0,0,0,0,\"NA\",\"NA\",\"NA\",0,0,0,0,0,0,0,0,0,0,0,0,\"NA\",\"NA\",\"NA\",\"NA\",\"NA\",\"NA\",\"NA\",\"NA\",\"NA\",\"NA\",\"NA\",\"NA\",\"NA\",\"NA\",\"NA\",\"NA\",0,\"NA\",\"NA\",\"NA\",0,0,0,0,0,0,0,\"NA\",\"NA\",0,0,0,0,0,\"NA\",0,0,0,1,8,2,4,\"NA\",\"NA\",6.46410162,3,\"NA\",\"NA\",\"NA\",\"NA\",\"NA\"]}]},{\"type\":\"double\",\"attributes\":{},\"value\":[95]},{\"type\":\"double\",\"attributes\":{\"tsp\":{\"type\":\"double\",\"attributes\":{},\"value\":[363,375,1]},\"class\":{\"type\":\"character\",\"attributes\":{},\"value\":[\"ts\"]}},\"value\":[1,1,1,1,1,1,1,1,1,1,1,1,1]},{\"type\":\"double\",\"attributes\":{\"dim\":{\"type\":\"integer\",\"attributes\":{},\"value\":[13,1]},\"dimnames\":{\"type\":\"list\",\"attributes\":{},\"value\":[{\"type\":\"NULL\"},{\"type\":\"character\",\"attributes\":{},\"value\":[\"95%\"]}]},\"tsp\":{\"type\":\"double\",\"attributes\":{},\"value\":[363,375,1]},\"class\":{\"type\":\"character\",\"attributes\":{},\"value\":[\"ts\"]}},\"value\":[-11.29720693,-12.28250157,-13.19959146,-14.06094112,-14.87562588,-15.6504969,-16.39087682,-17.10099849,-17.78429387,-18.44359138,-19.08125483,-19.69928369,-20.2993872]},{\"type\":\"double\",\"attributes\":{\"dim\":{\"type\":\"integer\",\"attributes\":{},\"value\":[13,1]},\"dimnames\":{\"type\":\"list\",\"attributes\":{},\"value\":[{\"type\":\"NULL\"},{\"type\":\"character\",\"attributes\":{},\"value\":[\"95%\"]}]},\"tsp\":{\"type\":\"double\",\"attributes\":{},\"value\":[363,375,1]},\"class\":{\"type\":\"character\",\"attributes\":{},\"value\":[\"ts\"]}},\"value\":[13.29720693,14.28250157,15.19959146,16.06094112,16.87562588,17.6504969,18.39087682,19.10099849,19.78429387,20.44359138,21.08125483,21.69928369,22.2993872]},{\"type\":\"integer\",\"attributes\":{\"tsp\":{\"type\":\"double\",\"attributes\":{},\"value\":[1,362,1]},\"class\":{\"type\":\"character\",\"attributes\":{},\"value\":[\"ts\"]}},\"value\":[0,0,0,0,0,1,1,1,0,0,0,2,2,1,6,8,10,1,4,0,0,2,1,5,12,\"NA\",14,16,28,31,38,29,15,\"NA\",26,35,22,17,15,8,\"NA\",7,7,8,11,8,9,16,7,6,7,\"NA\",10,7,5,5,\"NA\",\"NA\",0,1,0,0,1,0,\"NA\",\"NA\",0,0,0,\"NA\",0,1,\"NA\",0,0,\"NA\",\"NA\",1,1,0,\"NA\",\"NA\",0,0,0,0,\"NA\",\"NA\",1,0,0,0,0,0,\"NA\",0,0,0,0,0,0,0,0,0,1,0,0,0,0,0,0,0,0,0,0,\"NA\",0,\"NA\",\"NA\",0,0,0,\"NA\",0,1,\"NA\",\"NA\",1,\"NA\",0,0,0,0,0,0,1,1,1,0,0,0,1,\"NA\",0,\"NA\",0,0,1,1,\"NA\",2,7,3,9,10,5,\"NA\",6,12,16,19,11,11,14,12,10,5,3,1,0,3,1,1,0,0,0,0,0,0,0,0,0,1,0,0,0,0,0,0,0,0,\"NA\",0,\"NA\",0,\"NA\",0,\"NA\",0,0,0,0,0,\"NA\",0,0,0,0,0,\"NA\",\"NA\",0,0,0,0,\"NA\",0,0,0,0,0,0,0,0,0,0,0,0,\"NA\",0,\"NA\",0,\"NA\",0,\"NA\",0,0,0,0,0,0,0,0,0,0,0,0,\"NA\",0,0,0,0,2,6,5,4,3,9,11,\"NA\",\"NA\",8,4,\"NA\",5,1,0,0,0,0,0,\"NA\",\"NA\",3,2,4,1,0,0,\"NA\",0,0,1,1,\"NA\",\"NA\",\"NA\",1,0,0,0,0,0,0,0,0,\"NA\",\"NA\",\"NA\",0,0,0,0,0,0,0,0,0,0,0,0,\"NA\",\"NA\",\"NA\",\"NA\",\"NA\",\"NA\",\"NA\",\"NA\",\"NA\",\"NA\",\"NA\",\"NA\",\"NA\",\"NA\",\"NA\",\"NA\",0,\"NA\",\"NA\",\"NA\",0,0,0,0,0,0,0,\"NA\",\"NA\",0,0,0,0,0,\"NA\",0,0,1,8,2,4,9,\"NA\",\"NA\",3,1,\"NA\",\"NA\",\"NA\",\"NA\",\"NA\"]},{\"type\":\"character\",\"attributes\":{},\"value\":[\"c(0L, 0L, 0L, 0L, 0L, 1L, 1L, 1L, 0L, 0L, 0L, 2L, 2L, 1L, 6L, \",\"8L, 10L, 1L, 4L, 0L, 0L, 2L, 1L, 5L, 12L, NA, 14L, 16L, 28L, \",\"31L, 38L, 29L, 15L, NA, 26L, 35L, 22L, 17L, 15L, 8L, NA, 7L, \",\"7L, 8L, 11L, 8L, 9L, 16L, 7L, 6L, 7L, NA, 10L, 7L, 5L, 5L, NA, \",\"NA, 0L, 1L, 0L, 0L, 1L, 0L, NA, NA, 0L, 0L, 0L, NA, 0L, 1L, NA, \",\"0L, 0L, NA, NA, 1L, 1L, 0L, NA, NA, 0L, 0L, 0L, 0L, NA, NA, 1L, \",\"0L, 0L, 0L, 0L, 0L, NA, 0L, 0L, 0L, 0L, 0L, 0L, 0L, 0L, 0L, 1L, \",\"0L, 0L, 0L, 0L, 0L, 0L, 0L, 0L, 0L, 0L, NA, 0L, NA, NA, 0L, 0L, \",\"0L, NA, 0L, 1L, NA, NA, 1L, NA, 0L, 0L, 0L, 0L, 0L, 0L, 1L, 1L, \",\"1L, 0L, 0L, 0L, 1L, NA, 0L, NA, 0L, 0L, 1L, 1L, NA, 2L, 7L, 3L, \",\"9L, 10L, 5L, NA, 6L, 12L, 16L, 19L, 11L, 11L, 14L, 12L, 10L, \",\"5L, 3L, 1L, 0L, 3L, 1L, 1L, 0L, 0L, 0L, 0L, 0L, 0L, 0L, 0L, 0L, \",\"1L, 0L, 0L, 0L, 0L, 0L, 0L, 0L, 0L, NA, 0L, NA, 0L, NA, 0L, NA, \",\"0L, 0L, 0L, 0L, 0L, NA, 0L, 0L, 0L, 0L, 0L, NA, NA, 0L, 0L, 0L, \",\"0L, NA, 0L, 0L, 0L, 0L, 0L, 0L, 0L, 0L, 0L, 0L, 0L, 0L, NA, 0L, \",\"NA, 0L, NA, 0L, NA, 0L, 0L, 0L, 0L, 0L, 0L, 0L, 0L, 0L, 0L, 0L, \",\"0L, NA, 0L, 0L, 0L, 0L, 2L, 6L, 5L, 4L, 3L, 9L, 11L, NA, NA, \",\"8L, 4L, NA, 5L, 1L, 0L, 0L, 0L, 0L, 0L, NA, NA, 3L, 2L, 4L, 1L, \",\"0L, 0L, NA, 0L, 0L, 1L, 1L, NA, NA, NA, 1L, 0L, 0L, 0L, 0L, 0L, \",\"0L, 0L, 0L, NA, NA, NA, 0L, 0L, 0L, 0L, 0L, 0L, 0L, 0L, 0L, 0L, \",\"0L, 0L, NA, NA, NA, NA, NA, NA, NA, NA, NA, NA, NA, NA, NA, NA, \",\"NA, NA, 0L, NA, NA, NA, 0L, 0L, 0L, 0L, 0L, 0L, 0L, NA, NA, 0L, \",\"0L, 0L, 0L, 0L, NA, 0L, 0L, 1L, 8L, 2L, 4L, 9L, NA, NA, 3L, 1L, \",\"NA, NA, NA, NA, NA)\"]},{\"type\":\"double\",\"attributes\":{\"tsp\":{\"type\":\"double\",\"attributes\":{},\"value\":[1,362,1]},\"class\":{\"type\":\"character\",\"attributes\":{},\"value\":[\"ts\"]}},\"value\":[0,0,0,0,0,0,1,1,1,0,0,0,2,2,1,6,8,10,1,4,0,0,2,1,5,\"NA\",12.58578644,14,16,28,31,38,29,\"NA\",18.22182541,26,35,22,17,15,\"NA\",7.70710678,7,7,8,11,8,9,16,7,6,\"NA\",7.87867966,10,7,5,\"NA\",\"NA\",2.88675135,-2.22044605e-16,1,0,0,1,\"NA\",\"NA\",0,0,0,\"NA\",0,0,\"NA\",0.70710678,0,\"NA\",\"NA\",0.42264973,1,1,\"NA\",\"NA\",0,0,0,0,\"NA\",\"NA\",0.42264973,1,0,0,0,0,\"NA\",0,0,0,0,0,0,0,0,0,0,1,0,0,0,0,0,0,0,0,0,\"NA\",0,\"NA\",\"NA\",0,0,0,\"NA\",0,0,\"NA\",\"NA\",1,\"NA\",0.70710678,-1.11022302e-16,0,0,0,0,0,1,1,1,0,0,0,\"NA\",0.70710678,\"NA\",0,0,0,1,\"NA\",1.29289322,2,7,3,9,10,\"NA\",5.29289322,6,12,16,19,11,11,14,12,10,5,3,1,0,3,1,1,0,0,0,0,0,0,0,0,0,1,0,0,0,0,0,0,0,\"NA\",0,\"NA\",0,\"NA\",0,\"NA\",0,0,0,0,0,\"NA\",0,0,0,0,0,\"NA\",\"NA\",0,0,0,0,\"NA\",0,0,0,0,0,0,0,0,0,0,0,0,\"NA\",0,\"NA\",0,\"NA\",0,\"NA\",0,0,0,0,0,0,0,0,0,0,0,0,\"NA\",0,0,0,0,0,2,6,5,4,3,9,\"NA\",\"NA\",9.73205081,8,\"NA\",4.29289322,5,1,0,0,0,0,\"NA\",\"NA\",1.26794919,3,2,4,1,0,\"NA\",0,0,0,1,\"NA\",\"NA\",\"NA\",1,1,0,0,0,0,0,0,0,\"NA\",\"NA\",\"NA\",0,0,0,0,0,0,0,0,0,0,0,0,\"NA\",\"NA\",\"NA\",\"NA\",\"NA\",\"NA\",\"NA\",\"NA\",\"NA\",\"NA\",\"NA\",\"NA\",\"NA\",\"NA\",\"NA\",\"NA\",0,\"NA\",\"NA\",\"NA\",0,0,0,0,0,0,0,\"NA\",\"NA\",0,0,0,0,0,\"NA\",0,0,0,1,8,2,4,\"NA\",\"NA\",6.46410162,3,\"NA\",\"NA\",\"NA\",\"NA\",\"NA\"]},{\"type\":\"double\",\"attributes\":{\"tsp\":{\"type\":\"double\",\"attributes\":{},\"value\":[1,362,1]},\"class\":{\"type\":\"character\",\"attributes\":{},\"value\":[\"ts\"]}},\"value\":[0,0,0,0,0,1,0,0,-1,0,0,2,0,-1,5,2,2,-9,3,-4,0,2,-1,4,7,\"NA\",1.41421356,2,12,3,7,-9,-14,\"NA\",7.77817459,9,-13,-5,-2,-7,\"NA\",-0.70710678,0,1,3,-3,1,7,-9,-1,1,\"NA\",2.12132034,-3,-2,0,\"NA\",\"NA\",-2.88675135,1,-1,0,1,-1,\"NA\",\"NA\",0,0,0,\"NA\",0,1,\"NA\",-0.70710678,0,\"NA\",\"NA\",0.57735027,0,-1,\"NA\",\"NA\",0,0,0,0,\"NA\",\"NA\",0.57735027,-1,0,0,0,0,\"NA\",0,0,0,0,0,0,0,0,0,1,-1,0,0,0,0,0,0,0,0,0,\"NA\",0,\"NA\",\"NA\",0,0,0,\"NA\",0,1,\"NA\",\"NA\",0,\"NA\",-0.70710678,1.11022302e-16,0,0,0,0,1,0,0,-1,0,0,1,\"NA\",-0.70710678,\"NA\",0,0,1,0,\"NA\",0.70710678,5,-4,6,1,-5,\"NA\",0.70710678,6,4,3,-8,0,3,-2,-2,-5,-2,-2,-1,3,-2,0,-1,0,0,0,0,0,0,0,0,1,-1,0,0,0,0,0,0,0,\"NA\",0,\"NA\",0,\"NA\",0,\"NA\",0,0,0,0,0,\"NA\",0,0,0,0,0,\"NA\",\"NA\",0,0,0,0,\"NA\",0,0,0,0,0,0,0,0,0,0,0,0,\"NA\",0,\"NA\",0,\"NA\",0,\"NA\",0,0,0,0,0,0,0,0,0,0,0,0,\"NA\",0,0,0,0,2,4,-1,-1,-1,6,2,\"NA\",\"NA\",-1.73205081,-4,\"NA\",0.70710678,-4,-1,0,0,0,0,\"NA\",\"NA\",1.73205081,-1,2,-3,-1,0,\"NA\",0,0,1,0,\"NA\",\"NA\",\"NA\",0,-1,0,0,0,0,0,0,0,\"NA\",\"NA\",\"NA\",0,0,0,0,0,0,0,0,0,0,0,0,\"NA\",\"NA\",\"NA\",\"NA\",\"NA\",\"NA\",\"NA\",\"NA\",\"NA\",\"NA\",\"NA\",\"NA\",\"NA\",\"NA\",\"NA\",\"NA\",0,\"NA\",\"NA\",\"NA\",0,0,0,0,0,0,0,\"NA\",\"NA\",0,0,0,0,0,\"NA\",0,0,1,7,-6,2,5,\"NA\",\"NA\",-3.46410162,-2,\"NA\",\"NA\",\"NA\",\"NA\",\"NA\"]}]}"]
