["{\"type\":\"list\",\"attributes\":{\"names\":{\"type\":\"character\",\"attributes\":{},\"value\":[\"method\",\"model\",\"level\",\"mean\",\"lower\",\"upper\",\"x\",\"series\",\"fitted\",\"residuals\"]},\"class\":{\"type\":\"character\",\"attributes\":{},\"value\":[\"forecast\"]}},\"value\":[{\"type\":\"character\",\"attributes\":{},\"value\":[\"ARIMA(0,1,0)\"]},{\"type\":\"list\",\"attributes\":{\"names\":{\"type\":\"character\",\"attributes\":{},\"value\":[\"coef\",\"sigma2\",\"var.coef\",\"mask\",\"loglik\",\"aic\",\"arma\",\"residuals\",\"call\",\"series\",\"code\",\"n.cond\",\"nobs\",\"model\",\"aicc\",\"bic\",\"x\",\"fitted\"]},\"class\":{\"type\":\"character\",\"attributes\":{},\"value\":[\"forecast_ARIMA\",\"ARIMA\",\"Arima\"]}},\"value\":[{\"type\":\"double\",\"attributes\":{},\"value\":[]},{\"type\":\"double\",\"attributes\":{},\"value\":[0.82312531]},{\"type\":\"double\",\"attributes\":{},\"value\":[]},{\"type\":\"logical\",\"attributes\":{},\"value\":[]},{\"type\":\"double\",\"attributes\":{},\"value\":[-388.52240004]},{\"type\":\"double\",\"attributes\":{},\"value\":[779.04480008]},{\"type\":\"integer\",\"attributes\":{},\"value\":[0,0,0,0,1,1,0]},{\"type\":\"double\",\"attributes\":{\"tsp\":{\"type\":\"double\",\"attributes\":{},\"value\":[1,362,1]},\"class\":{\"type\":\"character\",\"attributes\":{},\"value\":[\"ts\"]}},\"value\":[0,0,0,0,0,0,0,0,0,0,0,0,0,0,0,0,0,0,0,0,0,0,0,0,0,\"NA\",0,0,0,1,-1,0,0,\"NA\",0,0,0,0,0,0,\"NA\",0,1,0,-1,0,0,0,0,0,0,\"NA\",0,0,0,0,\"NA\",\"NA\",0,0,0,0,0,0,\"NA\",\"NA\",0,0,0,\"NA\",0,0,\"NA\",0,0,\"NA\",\"NA\",0,0,0,\"NA\",\"NA\",0.57735027,-1,0,0,\"NA\",\"NA\",0,0,0,2,-1,-1,\"NA\",0,0,0,0,0,2,-2,1,-1,0,0,0,0,1,2,-2,-1,0,0,0,\"NA\",0,\"NA\",\"NA\",0,0,0,\"NA\",0,0,\"NA\",\"NA\",0,\"NA\",0,0,0,0,0,0,0,0,0,0,0,0,0,\"NA\",0,\"NA\",0,0,0,2,\"NA\",-0.70710678,0,3,-2,-2,0,\"NA\",0,1,-1,1,-1,0,0,0,0,1,-1,0,0,0,0,0,0,0,0,0,0,0,0,0,0,0,0,0,0,0,0,0,0,0,\"NA\",0,\"NA\",0,\"NA\",0,\"NA\",0,0,0,0,0,\"NA\",0,0,0,0,0,\"NA\",\"NA\",3.46410162,-6,2,0,\"NA\",0,-2,0,0,1,-1,0,0,0,0,0,0,\"NA\",0,\"NA\",0,\"NA\",0,\"NA\",0,2,1,-3,1,0,-1,0,0,0,0,2,\"NA\",-1.41421356,4,-3,2,-2,2,-2,-1,0,2,-1,\"NA\",\"NA\",-0.57735027,-5.55111512e-17,\"NA\",0,1,-1,0,0,1,-1,\"NA\",\"NA\",0,0,0,0,1,-1,\"NA\",0,0,1,0,\"NA\",\"NA\",\"NA\",0.5,-2,0,0,1,-1,0,0,0,\"NA\",\"NA\",\"NA\",0,0,0,0,0,0,0,1,-1,0,0,2,\"NA\",\"NA\",\"NA\",\"NA\",\"NA\",\"NA\",\"NA\",\"NA\",\"NA\",\"NA\",\"NA\",\"NA\",\"NA\",\"NA\",\"NA\",\"NA\",-0.48507125,\"NA\",\"NA\",\"NA\",-1.38777878e-17,0,0,1,-1,0,0,\"NA\",\"NA\",0,0,1,-1,0,\"NA\",0,0,3,-1,-1,1,-2,\"NA\",\"NA\",0,2,\"NA\",\"NA\",\"NA\",\"NA\",\"NA\"]},{\"type\":\"language\",\"attributes\":{},\"value\":[\"Arima(y = c(0L, 0L, 0L, 0L, 0L, 0L, 0L, 0L, 0L, 0L, 0L, 0L, 0L, \",\"0L, 0L, 0L, 0L, 0L, 0L, 0L, 0L, 0L, 0L, 0L, 0L, NA, 0L, 0L, 0L, \",\"1L, 0L, 0L, 0L, NA, 0L, 0L, 0L, 0L, 0L, 0L, NA, 0L, 1L, 1L, 0L, \",\"0L, 0L, 0L, 0L, 0L, 0L, NA, 0L, 0L, 0L, 0L, NA, NA, 0L, 0L, 0L, \",\"0L, 0L, 0L, NA, NA, 0L, 0L, 0L, NA, 0L, 0L, NA, 0L, 0L, NA, NA, \",\"0L, 0L, 0L, NA, NA, 1L, 0L, 0L, 0L, NA, NA, 0L, 0L, 0L, 2L, 1L, \",\"0L, NA, 0L, 0L, 0L, 0L, 0L, 2L, 0L, 1L, 0L, 0L, 0L, 0L, 0L, 1L, \",\"3L, 1L, 0L, 0L, 0L, 0L, NA, 0L, NA, NA, 0L, 0L, 0L, NA, 0L, 0L, \",\"NA, NA, 0L, NA, 0L, 0L, 0L, 0L, 0L, 0L, 0L, 0L, 0L, 0L, 0L, 0L, \",\"0L, NA, 0L, NA, 0L, 0L, 0L, 2L, NA, 1L, 1L, 4L, 2L, 0L, 0L, NA, \",\"0L, 1L, 0L, 1L, 0L, 0L, 0L, 0L, 0L, 1L, 0L, 0L, 0L, 0L, 0L, 0L, \",\"0L, 0L, 0L, 0L, 0L, 0L, 0L, 0L, 0L, 0L, 0L, 0L, 0L, 0L, 0L, 0L, \",\"0L, 0L, NA, 0L, NA, 0L, NA, 0L, NA, 0L, 0L, 0L, 0L, 0L, NA, 0L, \",\"0L, 0L, 0L, 0L, NA, NA, 6L, 0L, 2L, 2L, NA, 2L, 0L, 0L, 0L, 1L, \",\"0L, 0L, 0L, 0L, 0L, 0L, 0L, NA, 0L, NA, 0L, NA, 0L, NA, 0L, 2L, \",\"3L, 0L, 1L, 1L, 0L, 0L, 0L, 0L, 0L, 2L, NA, 0L, 4L, 1L, 3L, 1L, \",\"3L, 1L, 0L, 0L, 2L, 1L, NA, NA, 0L, 0L, NA, 0L, 1L, 0L, 0L, 0L, \",\"1L, 0L, NA, NA, 0L, 0L, 0L, 0L, 1L, 0L, NA, 0L, 0L, 1L, 1L, NA, \",\"NA, NA, 2L, 0L, 0L, 0L, 1L, 0L, 0L, 0L, 0L, NA, NA, NA, 0L, 0L, \",\"0L, 0L, 0L, 0L, 0L, 1L, 0L, 0L, 0L, 2L, NA, NA, NA, NA, NA, NA, \",\"NA, NA, NA, NA, NA, NA, NA, NA, NA, NA, 0L, NA, NA, NA, 0L, 0L, \",\"0L, 1L, 0L, 0L, 0L, NA, NA, 0L, 0L, 1L, 0L, 0L, NA, 0L, 0L, 3L, \",\"2L, 1L, 2L, 0L, NA, NA, 0L, 2L, NA, NA, NA, NA, NA), order = c(0, \",\"1, 0))\"]},{\"type\":\"character\",\"attributes\":{},\"value\":[\"c(0L, 0L, 0L, 0L, 0L, 0L, 0L, 0L, 0L, 0L, 0L, 0L, 0L, 0L, 0L, \",\"0L, 0L, 0L, 0L, 0L, 0L, 0L, 0L, 0L, 0L, NA, 0L, 0L, 0L, 1L, 0L, \",\"0L, 0L, NA, 0L, 0L, 0L, 0L, 0L, 0L, NA, 0L, 1L, 1L, 0L, 0L, 0L, \",\"0L, 0L, 0L, 0L, NA, 0L, 0L, 0L, 0L, NA, NA, 0L, 0L, 0L, 0L, 0L, \",\"0L, NA, NA, 0L, 0L, 0L, NA, 0L, 0L, NA, 0L, 0L, NA, NA, 0L, 0L, \",\"0L, NA, NA, 1L, 0L, 0L, 0L, NA, NA, 0L, 0L, 0L, 2L, 1L, 0L, NA, \",\"0L, 0L, 0L, 0L, 0L, 2L, 0L, 1L, 0L, 0L, 0L, 0L, 0L, 1L, 3L, 1L, \",\"0L, 0L, 0L, 0L, NA, 0L, NA, NA, 0L, 0L, 0L, NA, 0L, 0L, NA, NA, \",\"0L, NA, 0L, 0L, 0L, 0L, 0L, 0L, 0L, 0L, 0L, 0L, 0L, 0L, 0L, NA, \",\"0L, NA, 0L, 0L, 0L, 2L, NA, 1L, 1L, 4L, 2L, 0L, 0L, NA, 0L, 1L, \",\"0L, 1L, 0L, 0L, 0L, 0L, 0L, 1L, 0L, 0L, 0L, 0L, 0L, 0L, 0L, 0L, \",\"0L, 0L, 0L, 0L, 0L, 0L, 0L, 0L, 0L, 0L, 0L, 0L, 0L, 0L, 0L, 0L, \",\"NA, 0L, NA, 0L, NA, 0L, NA, 0L, 0L, 0L, 0L, 0L, NA, 0L, 0L, 0L, \",\"0L, 0L, NA, NA, 6L, 0L, 2L, 2L, NA, 2L, 0L, 0L, 0L, 1L, 0L, 0L, \",\"0L, 0L, 0L, 0L, 0L, NA, 0L, NA, 0L, NA, 0L, NA, 0L, 2L, 3L, 0L, \",\"1L, 1L, 0L, 0L, 0L, 0L, 0L, 2L, NA, 0L, 4L, 1L, 3L, 1L, 3L, 1L, \",\"0L, 0L, 2L, 1L, NA, NA, 0L, 0L, NA, 0L, 1L, 0L, 0L, 0L, 1L, 0L, \",\"NA, NA, 0L, 0L, 0L, 0L, 1L, 0L, NA, 0L, 0L, 1L, 1L, NA, NA, NA, \",\"2L, 0L, 0L, 0L, 1L, 0L, 0L, 0L, 0L, NA, NA, NA, 0L, 0L, 0L, 0L, \",\"0L, 0L, 0L, 1L, 0L, 0L, 0L, 2L, NA, NA, NA, NA, NA, NA, NA, NA, \",\"NA, NA, NA, NA, NA, NA, NA, NA, 0L, NA, NA, NA, 0L, 0L, 0L, 1L, \",\"0L, 0L, 0L, NA, NA, 0L, 0L, 1L, 0L, 0L, NA, 0L, 0L, 3L, 2L, 1L, \",\"2L, 0L, NA, NA, 0L, 2L, NA, NA, NA, NA, NA)\"]},{\"type\":\"double\",\"attributes\":{},\"value\":[0]},{\"type\":\"double\",\"attributes\":{},\"value\":[0]},{\"type\":\"integer\",\"attributes\":{},\"value\":[279]},{\"type\":\"list\",\"attributes\":{\"names\":{\"type\":\"character\",\"attributes\":{},\"value\":[\"phi\",\"theta\",\"Delta\",\"Z\",\"a\",\"P\",\"T\",\"V\",\"h\",\"Pn\"]}},\"value\":[{\"type\":\"double\",\"attributes\":{},\"value\":[]},{\"type\":\"double\",\"attributes\":{},\"value\":[]},{\"type\":\"double\",\"attributes\":{},\"value\":[1]},{\"type\":\"double\",\"attributes\":{},\"value\":[1,1]},{\"type\":\"double\",\"attributes\":{},\"value\":[0,2]},{\"type\":\"double\",\"attributes\":{\"dim\":{\"type\":\"integer\",\"attributes\":{},\"value\":[2,2]}},\"value\":[1,0,0,4]},{\"type\":\"double\",\"attributes\":{\"dim\":{\"type\":\"integer\",\"attributes\":{},\"value\":[2,2]}},\"value\":[0,1,0,1]},{\"type\":\"double\",\"attributes\":{\"dim\":{\"type\":\"integer\",\"attributes\":{},\"value\":[2,2]}},\"value\":[1,0,0,0]},{\"type\":\"double\",\"attributes\":{},\"value\":[0]},{\"type\":\"double\",\"attributes\":{\"dim\":{\"type\":\"integer\",\"attributes\":{},\"value\":[2,2]}},\"value\":[1,0,0,4]}]},{\"type\":\"double\",\"attributes\":{},\"value\":[779.05924052]},{\"type\":\"double\",\"attributes\":{},\"value\":[782.67601187]},{\"type\":\"integer\",\"attributes\":{\"tsp\":{\"type\":\"double\",\"attributes\":{},\"value\":[1,362,1]},\"class\":{\"type\":\"character\",\"attributes\":{},\"value\":[\"ts\"]}},\"value\":[0,0,0,0,0,0,0,0,0,0,0,0,0,0,0,0,0,0,0,0,0,0,0,0,0,\"NA\",0,0,0,1,0,0,0,\"NA\",0,0,0,0,0,0,\"NA\",0,1,1,0,0,0,0,0,0,0,\"NA\",0,0,0,0,\"NA\",\"NA\",0,0,0,0,0,0,\"NA\",\"NA\",0,0,0,\"NA\",0,0,\"NA\",0,0,\"NA\",\"NA\",0,0,0,\"NA\",\"NA\",1,0,0,0,\"NA\",\"NA\",0,0,0,2,1,0,\"NA\",0,0,0,0,0,2,0,1,0,0,0,0,0,1,3,1,0,0,0,0,\"NA\",0,\"NA\",\"NA\",0,0,0,\"NA\",0,0,\"NA\",\"NA\",0,\"NA\",0,0,0,0,0,0,0,0,0,0,0,0,0,\"NA\",0,\"NA\",0,0,0,2,\"NA\",1,1,4,2,0,0,\"NA\",0,1,0,1,0,0,0,0,0,1,0,0,0,0,0,0,0,0,0,0,0,0,0,0,0,0,0,0,0,0,0,0,0,0,\"NA\",0,\"NA\",0,\"NA\",0,\"NA\",0,0,0,0,0,\"NA\",0,0,0,0,0,\"NA\",\"NA\",6,0,2,2,\"NA\",2,0,0,0,1,0,0,0,0,0,0,0,\"NA\",0,\"NA\",0,\"NA\",0,\"NA\",0,2,3,0,1,1,0,0,0,0,0,2,\"NA\",0,4,1,3,1,3,1,0,0,2,1,\"NA\",\"NA\",0,0,\"NA\",0,1,0,0,0,1,0,\"NA\",\"NA\",0,0,0,0,1,0,\"NA\",0,0,1,1,\"NA\",\"NA\",\"NA\",2,0,0,0,1,0,0,0,0,\"NA\",\"NA\",\"NA\",0,0,0,0,0,0,0,1,0,0,0,2,\"NA\",\"NA\",\"NA\",\"NA\",\"NA\",\"NA\",\"NA\",\"NA\",\"NA\",\"NA\",\"NA\",\"NA\",\"NA\",\"NA\",\"NA\",\"NA\",0,\"NA\",\"NA\",\"NA\",0,0,0,1,0,0,0,\"NA\",\"NA\",0,0,1,0,0,\"NA\",0,0,3,2,1,2,0,\"NA\",\"NA\",0,2,\"NA\",\"NA\",\"NA\",\"NA\",\"NA\"]},{\"type\":\"double\",\"attributes\":{\"tsp\":{\"type\":\"double\",\"attributes\":{},\"value\":[1,362,1]},\"class\":{\"type\":\"character\",\"attributes\":{},\"value\":[\"ts\"]}},\"value\":[0,0,0,0,0,0,0,0,0,0,0,0,0,0,0,0,0,0,0,0,0,0,0,0,0,\"NA\",0,0,0,0,1,0,0,\"NA\",0,0,0,0,0,0,\"NA\",0,0,1,1,0,0,0,0,0,0,\"NA\",0,0,0,0,\"NA\",\"NA\",0,0,0,0,0,0,\"NA\",\"NA\",0,0,0,\"NA\",0,0,\"NA\",0,0,\"NA\",\"NA\",0,0,0,\"NA\",\"NA\",0.42264973,1,0,0,\"NA\",\"NA\",0,0,0,0,2,1,\"NA\",0,0,0,0,0,0,2,0,1,0,0,0,0,0,1,3,1,0,0,0,\"NA\",0,\"NA\",\"NA\",0,0,0,\"NA\",0,0,\"NA\",\"NA\",0,\"NA\",0,0,0,0,0,0,0,0,0,0,0,0,0,\"NA\",0,\"NA\",0,0,0,0,\"NA\",1.70710678,1,1,4,2,0,\"NA\",0,0,1,0,1,0,0,0,0,0,1,0,0,0,0,0,0,0,0,0,0,0,0,0,0,0,0,0,0,0,0,0,0,0,\"NA\",0,\"NA\",0,\"NA\",0,\"NA\",0,0,0,0,0,\"NA\",0,0,0,0,0,\"NA\",\"NA\",2.53589838,6,0,2,\"NA\",2,2,0,0,0,1,0,0,0,0,0,0,\"NA\",0,\"NA\",0,\"NA\",0,\"NA\",0,0,2,3,0,1,1,0,0,0,0,0,\"NA\",1.41421356,0,4,1,3,1,3,1,0,0,2,\"NA\",\"NA\",0.57735027,5.55111512e-17,\"NA\",0,0,1,0,0,0,1,\"NA\",\"NA\",0,0,0,0,0,1,\"NA\",0,0,0,1,\"NA\",\"NA\",\"NA\",1.5,2,0,0,0,1,0,0,0,\"NA\",\"NA\",\"NA\",0,0,0,0,0,0,0,0,1,0,0,0,\"NA\",\"NA\",\"NA\",\"NA\",\"NA\",\"NA\",\"NA\",\"NA\",\"NA\",\"NA\",\"NA\",\"NA\",\"NA\",\"NA\",\"NA\",\"NA\",0.48507125,\"NA\",\"NA\",\"NA\",1.38777878e-17,0,0,0,1,0,0,\"NA\",\"NA\",0,0,0,1,0,\"NA\",0,0,0,3,2,1,2,\"NA\",\"NA\",0,0,\"NA\",\"NA\",\"NA\",\"NA\",\"NA\"]}]},{\"type\":\"double\",\"attributes\":{},\"value\":[95]},{\"type\":\"double\",\"attributes\":{\"tsp\":{\"type\":\"double\",\"attributes\":{},\"value\":[363,375,1]},\"class\":{\"type\":\"character\",\"attributes\":{},\"value\":[\"ts\"]}},\"value\":[2,2,2,2,2,2,2,2,2,2,2,2,2]},{\"type\":\"double\",\"attributes\":{\"dim\":{\"type\":\"integer\",\"attributes\":{},\"value\":[13,1]},\"dimnames\":{\"type\":\"list\",\"attributes\":{},\"value\":[{\"type\":\"NULL\"},{\"type\":\"character\",\"attributes\":{},\"value\":[\"95%\"]}]},\"tsp\":{\"type\":\"double\",\"attributes\":{},\"value\":[363,375,1]},\"class\":{\"type\":\"character\",\"attributes\":{},\"value\":[\"ts\"]}},\"value\":[-2.3556873,-2.70467999,-3.02951447,-3.33460568,-3.62316812,-3.89762848,-4.15987205,-4.4113981,-4.65342225,-4.88694632,-5.11280757,-5.33171423,-5.5442717]},{\"type\":\"double\",\"attributes\":{\"dim\":{\"type\":\"integer\",\"attributes\":{},\"value\":[13,1]},\"dimnames\":{\"type\":\"list\",\"attributes\":{},\"value\":[{\"type\":\"NULL\"},{\"type\":\"character\",\"attributes\":{},\"value\":[\"95%\"]}]},\"tsp\":{\"type\":\"double\",\"attributes\":{},\"value\":[363,375,1]},\"class\":{\"type\":\"character\",\"attributes\":{},\"value\":[\"ts\"]}},\"value\":[6.3556873,6.70467999,7.02951447,7.33460568,7.62316812,7.89762848,8.15987205,8.4113981,8.65342225,8.88694632,9.11280757,9.33171423,9.5442717]},{\"type\":\"integer\",\"attributes\":{\"tsp\":{\"type\":\"double\",\"attributes\":{},\"value\":[1,362,1]},\"class\":{\"type\":\"character\",\"attributes\":{},\"value\":[\"ts\"]}},\"value\":[0,0,0,0,0,0,0,0,0,0,0,0,0,0,0,0,0,0,0,0,0,0,0,0,0,\"NA\",0,0,0,1,0,0,0,\"NA\",0,0,0,0,0,0,\"NA\",0,1,1,0,0,0,0,0,0,0,\"NA\",0,0,0,0,\"NA\",\"NA\",0,0,0,0,0,0,\"NA\",\"NA\",0,0,0,\"NA\",0,0,\"NA\",0,0,\"NA\",\"NA\",0,0,0,\"NA\",\"NA\",1,0,0,0,\"NA\",\"NA\",0,0,0,2,1,0,\"NA\",0,0,0,0,0,2,0,1,0,0,0,0,0,1,3,1,0,0,0,0,\"NA\",0,\"NA\",\"NA\",0,0,0,\"NA\",0,0,\"NA\",\"NA\",0,\"NA\",0,0,0,0,0,0,0,0,0,0,0,0,0,\"NA\",0,\"NA\",0,0,0,2,\"NA\",1,1,4,2,0,0,\"NA\",0,1,0,1,0,0,0,0,0,1,0,0,0,0,0,0,0,0,0,0,0,0,0,0,0,0,0,0,0,0,0,0,0,0,\"NA\",0,\"NA\",0,\"NA\",0,\"NA\",0,0,0,0,0,\"NA\",0,0,0,0,0,\"NA\",\"NA\",6,0,2,2,\"NA\",2,0,0,0,1,0,0,0,0,0,0,0,\"NA\",0,\"NA\",0,\"NA\",0,\"NA\",0,2,3,0,1,1,0,0,0,0,0,2,\"NA\",0,4,1,3,1,3,1,0,0,2,1,\"NA\",\"NA\",0,0,\"NA\",0,1,0,0,0,1,0,\"NA\",\"NA\",0,0,0,0,1,0,\"NA\",0,0,1,1,\"NA\",\"NA\",\"NA\",2,0,0,0,1,0,0,0,0,\"NA\",\"NA\",\"NA\",0,0,0,0,0,0,0,1,0,0,0,2,\"NA\",\"NA\",\"NA\",\"NA\",\"NA\",\"NA\",\"NA\",\"NA\",\"NA\",\"NA\",\"NA\",\"NA\",\"NA\",\"NA\",\"NA\",\"NA\",0,\"NA\",\"NA\",\"NA\",0,0,0,1,0,0,0,\"NA\",\"NA\",0,0,1,0,0,\"NA\",0,0,3,2,1,2,0,\"NA\",\"NA\",0,2,\"NA\",\"NA\",\"NA\",\"NA\",\"NA\"]},{\"type\":\"character\",\"attributes\":{},\"value\":[\"c(0L, 0L, 0L, 0L, 0L, 0L, 0L, 0L, 0L, 0L, 0L, 0L, 0L, 0L, 0L, \",\"0L, 0L, 0L, 0L, 0L, 0L, 0L, 0L, 0L, 0L, NA, 0L, 0L, 0L, 1L, 0L, \",\"0L, 0L, NA, 0L, 0L, 0L, 0L, 0L, 0L, NA, 0L, 1L, 1L, 0L, 0L, 0L, \",\"0L, 0L, 0L, 0L, NA, 0L, 0L, 0L, 0L, NA, NA, 0L, 0L, 0L, 0L, 0L, \",\"0L, NA, NA, 0L, 0L, 0L, NA, 0L, 0L, NA, 0L, 0L, NA, NA, 0L, 0L, \",\"0L, NA, NA, 1L, 0L, 0L, 0L, NA, NA, 0L, 0L, 0L, 2L, 1L, 0L, NA, \",\"0L, 0L, 0L, 0L, 0L, 2L, 0L, 1L, 0L, 0L, 0L, 0L, 0L, 1L, 3L, 1L, \",\"0L, 0L, 0L, 0L, NA, 0L, NA, NA, 0L, 0L, 0L, NA, 0L, 0L, NA, NA, \",\"0L, NA, 0L, 0L, 0L, 0L, 0L, 0L, 0L, 0L, 0L, 0L, 0L, 0L, 0L, NA, \",\"0L, NA, 0L, 0L, 0L, 2L, NA, 1L, 1L, 4L, 2L, 0L, 0L, NA, 0L, 1L, \",\"0L, 1L, 0L, 0L, 0L, 0L, 0L, 1L, 0L, 0L, 0L, 0L, 0L, 0L, 0L, 0L, \",\"0L, 0L, 0L, 0L, 0L, 0L, 0L, 0L, 0L, 0L, 0L, 0L, 0L, 0L, 0L, 0L, \",\"NA, 0L, NA, 0L, NA, 0L, NA, 0L, 0L, 0L, 0L, 0L, NA, 0L, 0L, 0L, \",\"0L, 0L, NA, NA, 6L, 0L, 2L, 2L, NA, 2L, 0L, 0L, 0L, 1L, 0L, 0L, \",\"0L, 0L, 0L, 0L, 0L, NA, 0L, NA, 0L, NA, 0L, NA, 0L, 2L, 3L, 0L, \",\"1L, 1L, 0L, 0L, 0L, 0L, 0L, 2L, NA, 0L, 4L, 1L, 3L, 1L, 3L, 1L, \",\"0L, 0L, 2L, 1L, NA, NA, 0L, 0L, NA, 0L, 1L, 0L, 0L, 0L, 1L, 0L, \",\"NA, NA, 0L, 0L, 0L, 0L, 1L, 0L, NA, 0L, 0L, 1L, 1L, NA, NA, NA, \",\"2L, 0L, 0L, 0L, 1L, 0L, 0L, 0L, 0L, NA, NA, NA, 0L, 0L, 0L, 0L, \",\"0L, 0L, 0L, 1L, 0L, 0L, 0L, 2L, NA, NA, NA, NA, NA, NA, NA, NA, \",\"NA, NA, NA, NA, NA, NA, NA, NA, 0L, NA, NA, NA, 0L, 0L, 0L, 1L, \",\"0L, 0L, 0L, NA, NA, 0L, 0L, 1L, 0L, 0L, NA, 0L, 0L, 3L, 2L, 1L, \",\"2L, 0L, NA, NA, 0L, 2L, NA, NA, NA, NA, NA)\"]},{\"type\":\"double\",\"attributes\":{\"tsp\":{\"type\":\"double\",\"attributes\":{},\"value\":[1,362,1]},\"class\":{\"type\":\"character\",\"attributes\":{},\"value\":[\"ts\"]}},\"value\":[0,0,0,0,0,0,0,0,0,0,0,0,0,0,0,0,0,0,0,0,0,0,0,0,0,\"NA\",0,0,0,0,1,0,0,\"NA\",0,0,0,0,0,0,\"NA\",0,0,1,1,0,0,0,0,0,0,\"NA\",0,0,0,0,\"NA\",\"NA\",0,0,0,0,0,0,\"NA\",\"NA\",0,0,0,\"NA\",0,0,\"NA\",0,0,\"NA\",\"NA\",0,0,0,\"NA\",\"NA\",0.42264973,1,0,0,\"NA\",\"NA\",0,0,0,0,2,1,\"NA\",0,0,0,0,0,0,2,0,1,0,0,0,0,0,1,3,1,0,0,0,\"NA\",0,\"NA\",\"NA\",0,0,0,\"NA\",0,0,\"NA\",\"NA\",0,\"NA\",0,0,0,0,0,0,0,0,0,0,0,0,0,\"NA\",0,\"NA\",0,0,0,0,\"NA\",1.70710678,1,1,4,2,0,\"NA\",0,0,1,0,1,0,0,0,0,0,1,0,0,0,0,0,0,0,0,0,0,0,0,0,0,0,0,0,0,0,0,0,0,0,\"NA\",0,\"NA\",0,\"NA\",0,\"NA\",0,0,0,0,0,\"NA\",0,0,0,0,0,\"NA\",\"NA\",2.53589838,6,0,2,\"NA\",2,2,0,0,0,1,0,0,0,0,0,0,\"NA\",0,\"NA\",0,\"NA\",0,\"NA\",0,0,2,3,0,1,1,0,0,0,0,0,\"NA\",1.41421356,0,4,1,3,1,3,1,0,0,2,\"NA\",\"NA\",0.57735027,5.55111512e-17,\"NA\",0,0,1,0,0,0,1,\"NA\",\"NA\",0,0,0,0,0,1,\"NA\",0,0,0,1,\"NA\",\"NA\",\"NA\",1.5,2,0,0,0,1,0,0,0,\"NA\",\"NA\",\"NA\",0,0,0,0,0,0,0,0,1,0,0,0,\"NA\",\"NA\",\"NA\",\"NA\",\"NA\",\"NA\",\"NA\",\"NA\",\"NA\",\"NA\",\"NA\",\"NA\",\"NA\",\"NA\",\"NA\",\"NA\",0.48507125,\"NA\",\"NA\",\"NA\",1.38777878e-17,0,0,0,1,0,0,\"NA\",\"NA\",0,0,0,1,0,\"NA\",0,0,0,3,2,1,2,\"NA\",\"NA\",0,0,\"NA\",\"NA\",\"NA\",\"NA\",\"NA\"]},{\"type\":\"double\",\"attributes\":{\"tsp\":{\"type\":\"double\",\"attributes\":{},\"value\":[1,362,1]},\"class\":{\"type\":\"character\",\"attributes\":{},\"value\":[\"ts\"]}},\"value\":[0,0,0,0,0,0,0,0,0,0,0,0,0,0,0,0,0,0,0,0,0,0,0,0,0,\"NA\",0,0,0,1,-1,0,0,\"NA\",0,0,0,0,0,0,\"NA\",0,1,0,-1,0,0,0,0,0,0,\"NA\",0,0,0,0,\"NA\",\"NA\",0,0,0,0,0,0,\"NA\",\"NA\",0,0,0,\"NA\",0,0,\"NA\",0,0,\"NA\",\"NA\",0,0,0,\"NA\",\"NA\",0.57735027,-1,0,0,\"NA\",\"NA\",0,0,0,2,-1,-1,\"NA\",0,0,0,0,0,2,-2,1,-1,0,0,0,0,1,2,-2,-1,0,0,0,\"NA\",0,\"NA\",\"NA\",0,0,0,\"NA\",0,0,\"NA\",\"NA\",0,\"NA\",0,0,0,0,0,0,0,0,0,0,0,0,0,\"NA\",0,\"NA\",0,0,0,2,\"NA\",-0.70710678,0,3,-2,-2,0,\"NA\",0,1,-1,1,-1,0,0,0,0,1,-1,0,0,0,0,0,0,0,0,0,0,0,0,0,0,0,0,0,0,0,0,0,0,0,\"NA\",0,\"NA\",0,\"NA\",0,\"NA\",0,0,0,0,0,\"NA\",0,0,0,0,0,\"NA\",\"NA\",3.46410162,-6,2,0,\"NA\",0,-2,0,0,1,-1,0,0,0,0,0,0,\"NA\",0,\"NA\",0,\"NA\",0,\"NA\",0,2,1,-3,1,0,-1,0,0,0,0,2,\"NA\",-1.41421356,4,-3,2,-2,2,-2,-1,0,2,-1,\"NA\",\"NA\",-0.57735027,-5.55111512e-17,\"NA\",0,1,-1,0,0,1,-1,\"NA\",\"NA\",0,0,0,0,1,-1,\"NA\",0,0,1,0,\"NA\",\"NA\",\"NA\",0.5,-2,0,0,1,-1,0,0,0,\"NA\",\"NA\",\"NA\",0,0,0,0,0,0,0,1,-1,0,0,2,\"NA\",\"NA\",\"NA\",\"NA\",\"NA\",\"NA\",\"NA\",\"NA\",\"NA\",\"NA\",\"NA\",\"NA\",\"NA\",\"NA\",\"NA\",\"NA\",-0.48507125,\"NA\",\"NA\",\"NA\",-1.38777878e-17,0,0,1,-1,0,0,\"NA\",\"NA\",0,0,1,-1,0,\"NA\",0,0,3,-1,-1,1,-2,\"NA\",\"NA\",0,2,\"NA\",\"NA\",\"NA\",\"NA\",\"NA\"]}]}"]
