"currency","model","dataset","species","estimate","lower_pi","upper_pi","confidence_level","old_cast_id","forecast_id","origin","newmoonnumber","forecast_date","forecast_month","forecast_year","forecast_group","historic_start_newmoonnumber","historic_end_newmoonnumber","forecast_start_newmoonnumber","forecast_end_newmoonnumber","lead_time_newmoons","max_lag","lag_buffer"
"abundance","jags_RW","controls","PB",0.293,0.215,0.378,0.95,2138,"2138.08",,552,2022-02-17,1,2022,82,217,552,552,564,0,,
"abundance","jags_RW","controls","PB",0.293,0.214,0.378,0.95,2138,"2138.08",,553,2022-02-17,3,2022,82,217,552,552,564,1,,
"abundance","jags_RW","controls","PB",0.293,0.215,0.38,0.95,2138,"2138.08",,554,2022-02-17,4,2022,82,217,552,552,564,2,,
"abundance","jags_RW","controls","PB",0.293,0.214,0.38,0.95,2138,"2138.08",,555,2022-02-17,4,2022,82,217,552,552,564,3,,
"abundance","jags_RW","controls","PB",0.293,0.212,0.38,0.95,2138,"2138.08",,556,2022-02-17,5,2022,82,217,552,552,564,4,,
"abundance","jags_RW","controls","PB",0.293,0.211,0.38,0.95,2138,"2138.08",,557,2022-02-17,6,2022,82,217,552,552,564,5,,
"abundance","jags_RW","controls","PB",0.293,0.211,0.382,0.95,2138,"2138.08",,558,2022-02-17,7,2022,82,217,552,552,564,6,,
"abundance","jags_RW","controls","PB",0.293,0.21,0.382,0.95,2138,"2138.08",,559,2022-02-17,8,2022,82,217,552,552,564,7,,
"abundance","jags_RW","controls","PB",0.293,0.212,0.385,0.95,2138,"2138.08",,560,2022-02-17,9,2022,82,217,552,552,564,8,,
"abundance","jags_RW","controls","PB",0.293,0.212,0.386,0.95,2138,"2138.08",,561,2022-02-17,10,2022,82,217,552,552,564,9,,
"abundance","jags_RW","controls","PB",0.293,0.212,0.386,0.95,2138,"2138.08",,562,2022-02-17,11,2022,82,217,552,552,564,10,,
"abundance","jags_RW","controls","PB",0.293,0.212,0.387,0.95,2138,"2138.08",,563,2022-02-17,12,2022,82,217,552,552,564,11,,
"abundance","jags_RW","controls","PB",0.293,0.21,0.387,0.95,2138,"2138.08",,564,2022-02-17,1,2023,82,217,552,552,564,12,,
