"currency","model","confidence_level","dataset","species","estimate","lower_pi","upper_pi","old_cast_id","forecast_id","origin","newmoonnumber","forecast_date","forecast_month","forecast_year","forecast_group","historic_start_newmoonnumber","historic_end_newmoonnumber","forecast_start_newmoonnumber","forecast_end_newmoonnumber","lead_time_newmoons","max_lag","lag_buffer"
"abundance","nbGARCH",0.95,"controls","PP",57.5380602485167,10,155,2791,"2791.14",,559,2022-08-18,8,2022,108,217,558,559,570,1,,
"abundance","nbGARCH",0.95,"controls","PP",50.9037679995838,3,174,2791,"2791.14",,560,2022-08-18,9,2022,108,217,558,559,570,2,,
"abundance","nbGARCH",0.95,"controls","PP",46.1455791756133,2,165,2791,"2791.14",,561,2022-08-18,10,2022,108,217,558,559,570,3,,
"abundance","nbGARCH",0.95,"controls","PP",42.4512567692799,1,154,2791,"2791.14",,562,2022-08-18,11,2022,108,217,558,559,570,4,,
"abundance","nbGARCH",0.95,"controls","PP",38.9201616174781,1,149,2791,"2791.14",,563,2022-08-18,12,2022,108,217,558,559,570,5,,
"abundance","nbGARCH",0.95,"controls","PP",34.3185805690176,0,125,2791,"2791.14",,564,2022-08-18,1,2023,108,217,558,559,570,6,,
"abundance","nbGARCH",0.95,"controls","PP",30.0863377973665,0,125,2791,"2791.14",,565,2022-08-18,2,2023,108,217,558,559,570,7,,
"abundance","nbGARCH",0.95,"controls","PP",27.2980728798285,0,100,2791,"2791.14",,566,2022-08-18,3,2023,108,217,558,559,570,8,,
"abundance","nbGARCH",0.95,"controls","PP",29.4083206383531,0,103,2791,"2791.14",,567,2022-08-18,4,2023,108,217,558,559,570,9,,
"abundance","nbGARCH",0.95,"controls","PP",32.3338085771355,0,102,2791,"2791.14",,568,2022-08-18,5,2023,108,217,558,559,570,10,,
"abundance","nbGARCH",0.95,"controls","PP",35.86413826924,0,117,2791,"2791.14",,569,2022-08-18,6,2023,108,217,558,559,570,11,,
"abundance","nbGARCH",0.95,"controls","PP",39.9825007681587,0,133,2791,"2791.14",,570,2022-08-18,7,2023,108,217,558,559,570,12,,
