["{\"type\":\"list\",\"attributes\":{\"names\":{\"type\":\"character\",\"attributes\":{},\"value\":[\"method\",\"model\",\"level\",\"mean\",\"lower\",\"upper\",\"x\",\"series\",\"fitted\",\"residuals\"]},\"class\":{\"type\":\"character\",\"attributes\":{},\"value\":[\"forecast\"]}},\"value\":[{\"type\":\"character\",\"attributes\":{},\"value\":[\"ARIMA(0,1,0)\"]},{\"type\":\"list\",\"attributes\":{\"names\":{\"type\":\"character\",\"attributes\":{},\"value\":[\"coef\",\"sigma2\",\"var.coef\",\"mask\",\"loglik\",\"aic\",\"arma\",\"residuals\",\"call\",\"series\",\"code\",\"n.cond\",\"nobs\",\"model\",\"aicc\",\"bic\",\"x\",\"fitted\"]},\"class\":{\"type\":\"character\",\"attributes\":{},\"value\":[\"forecast_ARIMA\",\"ARIMA\",\"Arima\"]}},\"value\":[{\"type\":\"double\",\"attributes\":{},\"value\":[]},{\"type\":\"double\",\"attributes\":{},\"value\":[3.83375501]},{\"type\":\"double\",\"attributes\":{},\"value\":[]},{\"type\":\"logical\",\"attributes\":{},\"value\":[]},{\"type\":\"double\",\"attributes\":{},\"value\":[-603.14197483]},{\"type\":\"double\",\"attributes\":{},\"value\":[1208.28394965]},{\"type\":\"integer\",\"attributes\":{},\"value\":[0,0,0,0,1,1,0]},{\"type\":\"double\",\"attributes\":{\"tsp\":{\"type\":\"double\",\"attributes\":{},\"value\":[1,360,1]},\"class\":{\"type\":\"character\",\"attributes\":{},\"value\":[\"ts\"]}},\"value\":[0,0,0,0,0,0,0,0,1,1,-1,0,3,-4,0,1,-1,0,0,2,-2,4,2,-4,-1,\"NA\",3.53553391,-2,4,-1,-2,1,-3,\"NA\",2.82842712,-3,3,2,1,-4,\"NA\",-2.12132034,-3,2,1,-1,3,-3,0,0,2,\"NA\",-0.70710678,-2,1,0,\"NA\",\"NA\",-1.15470054,1,4,-4,-1,2,\"NA\",\"NA\",1.15470054,-4,3,\"NA\",2.12132034,-2,\"NA\",1.41421356,0,\"NA\",\"NA\",-1.73205081,1,-4,\"NA\",\"NA\",1.73205081,2,2,-2,\"NA\",\"NA\",-1.73205081,2,-1,-3,2,-1,\"NA\",-0.70710678,2,3,-1,-4,1,0,4,6,-3,-1,-2,1,2,2,-7,-1,0,-2,1,\"NA\",0,\"NA\",\"NA\",0,-1,0,\"NA\",1.41421356,-1,\"NA\",\"NA\",0,\"NA\",0.70710678,0,0,3,0,3,-3,1,-3,-2,1,-1,1,\"NA\",-1.41421356,\"NA\",0,0,1,0,\"NA\",0.70710678,0,0,5,-5,0,\"NA\",3.53553391,-1,3,-3,-3,0,-1,2,-1,1,-1,-2,2,0,3,-5,0,2,-1,0,1,-1,-1,0,0,0,1,0,-1,1,-1,-1,0,0,\"NA\",0.70710678,\"NA\",-0.70710678,\"NA\",0,\"NA\",1.41421356,-2,1,-1,1,\"NA\",-0.70710678,0,0,1,1,\"NA\",\"NA\",-1.15470054,-1.11022302e-16,0,0,\"NA\",0.70710678,0,1,-1,3,-2,-2,3,-3,0,0,2,\"NA\",-1.41421356,\"NA\",0,\"NA\",0,\"NA\",1.41421356,-2,1,-1,2,-2,1,1,0,0,3,-2,\"NA\",0.70710678,-3,0,1,-1,1,-1,-1,3,3,1,\"NA\",\"NA\",-4.04145188,4.4408921e-16,\"NA\",0,0,0,0,1,0,1,\"NA\",\"NA\",0.57735027,-3,2,1,0,-2,\"NA\",2.82842712,0,-1,1,\"NA\",\"NA\",\"NA\",-1,-1,0,2,0,-2,1,-1,-1,\"NA\",\"NA\",\"NA\",0,2,-1,-2,2,-1,2,2,-1,-1,-1,4,\"NA\",\"NA\",\"NA\",\"NA\",\"NA\",\"NA\",\"NA\",\"NA\",\"NA\",\"NA\",\"NA\",\"NA\",\"NA\",\"NA\",\"NA\",\"NA\",-1.45521375,\"NA\",\"NA\",\"NA\",1.94289029e-16,0,1,1,-1,-1,1,\"NA\",\"NA\",-0.57735027,-5.55111512e-17,0,1,5,\"NA\",-1.41421356,0,5,-5,4,3,-4,\"NA\",\"NA\",1.73205081,1,\"NA\",\"NA\",\"NA\"]},{\"type\":\"language\",\"attributes\":{},\"value\":[\"Arima(y = c(0L, 0L, 0L, 0L, 0L, 0L, 0L, 0L, 1L, 2L, 1L, 1L, 4L, \",\"0L, 0L, 1L, 0L, 0L, 0L, 2L, 0L, 4L, 6L, 2L, 1L, NA, 6L, 4L, 8L, \",\"7L, 5L, 6L, 3L, NA, 7L, 4L, 7L, 9L, 10L, 6L, NA, 3L, 0L, 2L, \",\"3L, 2L, 5L, 2L, 2L, 2L, 4L, NA, 3L, 1L, 2L, 2L, NA, NA, 0L, 1L, \",\"5L, 1L, 0L, 2L, NA, NA, 4L, 0L, 3L, NA, 6L, 4L, NA, 6L, 6L, NA, \",\"NA, 3L, 4L, 0L, NA, NA, 3L, 5L, 7L, 5L, NA, NA, 2L, 4L, 3L, 0L, \",\"2L, 1L, NA, 0L, 2L, 5L, 4L, 0L, 1L, 1L, 5L, 11L, 8L, 7L, 5L, \",\"6L, 8L, 10L, 3L, 2L, 2L, 0L, 1L, NA, 1L, NA, NA, 1L, 0L, 0L, \",\"NA, 2L, 1L, NA, NA, 1L, NA, 2L, 2L, 2L, 5L, 5L, 8L, 5L, 6L, 3L, \",\"1L, 2L, 1L, 2L, NA, 0L, NA, 0L, 0L, 1L, 1L, NA, 2L, 2L, 2L, 7L, \",\"2L, 2L, NA, 7L, 6L, 9L, 6L, 3L, 3L, 2L, 4L, 3L, 4L, 3L, 1L, 3L, \",\"3L, 6L, 1L, 1L, 3L, 2L, 2L, 3L, 2L, 1L, 1L, 1L, 1L, 2L, 2L, 1L, \",\"2L, 1L, 0L, 0L, 0L, NA, 1L, NA, 0L, NA, 0L, NA, 2L, 0L, 1L, 0L, \",\"1L, NA, 0L, 0L, 0L, 1L, 2L, NA, NA, 0L, 0L, 0L, 0L, NA, 1L, 1L, \",\"2L, 1L, 4L, 2L, 0L, 3L, 0L, 0L, 0L, 2L, NA, 0L, NA, 0L, NA, 0L, \",\"NA, 2L, 0L, 1L, 0L, 2L, 0L, 1L, 2L, 2L, 2L, 5L, 3L, NA, 4L, 1L, \",\"1L, 2L, 1L, 2L, 1L, 0L, 3L, 6L, 7L, NA, NA, 0L, 0L, NA, 0L, 0L, \",\"0L, 0L, 1L, 1L, 2L, NA, NA, 3L, 0L, 2L, 3L, 3L, 1L, NA, 5L, 5L, \",\"4L, 5L, NA, NA, NA, 3L, 2L, 2L, 4L, 4L, 2L, 3L, 2L, 1L, NA, NA, \",\"NA, 1L, 3L, 2L, 0L, 2L, 1L, 3L, 5L, 4L, 3L, 2L, 6L, NA, NA, NA, \",\"NA, NA, NA, NA, NA, NA, NA, NA, NA, NA, NA, NA, NA, 0L, NA, NA, \",\"NA, 0L, 0L, 1L, 2L, 1L, 0L, 1L, NA, NA, 0L, 0L, 0L, 1L, 6L, NA, \",\"4L, 4L, 9L, 4L, 8L, 11L, 7L, NA, NA, 10L, 11L, NA, NA, NA), order = c(0, \",\"1, 0))\"]},{\"type\":\"character\",\"attributes\":{},\"value\":[\"c(0L, 0L, 0L, 0L, 0L, 0L, 0L, 0L, 1L, 2L, 1L, 1L, 4L, 0L, 0L, \",\"1L, 0L, 0L, 0L, 2L, 0L, 4L, 6L, 2L, 1L, NA, 6L, 4L, 8L, 7L, 5L, \",\"6L, 3L, NA, 7L, 4L, 7L, 9L, 10L, 6L, NA, 3L, 0L, 2L, 3L, 2L, \",\"5L, 2L, 2L, 2L, 4L, NA, 3L, 1L, 2L, 2L, NA, NA, 0L, 1L, 5L, 1L, \",\"0L, 2L, NA, NA, 4L, 0L, 3L, NA, 6L, 4L, NA, 6L, 6L, NA, NA, 3L, \",\"4L, 0L, NA, NA, 3L, 5L, 7L, 5L, NA, NA, 2L, 4L, 3L, 0L, 2L, 1L, \",\"NA, 0L, 2L, 5L, 4L, 0L, 1L, 1L, 5L, 11L, 8L, 7L, 5L, 6L, 8L, \",\"10L, 3L, 2L, 2L, 0L, 1L, NA, 1L, NA, NA, 1L, 0L, 0L, NA, 2L, \",\"1L, NA, NA, 1L, NA, 2L, 2L, 2L, 5L, 5L, 8L, 5L, 6L, 3L, 1L, 2L, \",\"1L, 2L, NA, 0L, NA, 0L, 0L, 1L, 1L, NA, 2L, 2L, 2L, 7L, 2L, 2L, \",\"NA, 7L, 6L, 9L, 6L, 3L, 3L, 2L, 4L, 3L, 4L, 3L, 1L, 3L, 3L, 6L, \",\"1L, 1L, 3L, 2L, 2L, 3L, 2L, 1L, 1L, 1L, 1L, 2L, 2L, 1L, 2L, 1L, \",\"0L, 0L, 0L, NA, 1L, NA, 0L, NA, 0L, NA, 2L, 0L, 1L, 0L, 1L, NA, \",\"0L, 0L, 0L, 1L, 2L, NA, NA, 0L, 0L, 0L, 0L, NA, 1L, 1L, 2L, 1L, \",\"4L, 2L, 0L, 3L, 0L, 0L, 0L, 2L, NA, 0L, NA, 0L, NA, 0L, NA, 2L, \",\"0L, 1L, 0L, 2L, 0L, 1L, 2L, 2L, 2L, 5L, 3L, NA, 4L, 1L, 1L, 2L, \",\"1L, 2L, 1L, 0L, 3L, 6L, 7L, NA, NA, 0L, 0L, NA, 0L, 0L, 0L, 0L, \",\"1L, 1L, 2L, NA, NA, 3L, 0L, 2L, 3L, 3L, 1L, NA, 5L, 5L, 4L, 5L, \",\"NA, NA, NA, 3L, 2L, 2L, 4L, 4L, 2L, 3L, 2L, 1L, NA, NA, NA, 1L, \",\"3L, 2L, 0L, 2L, 1L, 3L, 5L, 4L, 3L, 2L, 6L, NA, NA, NA, NA, NA, \",\"NA, NA, NA, NA, NA, NA, NA, NA, NA, NA, NA, 0L, NA, NA, NA, 0L, \",\"0L, 1L, 2L, 1L, 0L, 1L, NA, NA, 0L, 0L, 0L, 1L, 6L, NA, 4L, 4L, \",\"9L, 4L, 8L, 11L, 7L, NA, NA, 10L, 11L, NA, NA, NA)\"]},{\"type\":\"double\",\"attributes\":{},\"value\":[0]},{\"type\":\"double\",\"attributes\":{},\"value\":[0]},{\"type\":\"integer\",\"attributes\":{},\"value\":[279]},{\"type\":\"list\",\"attributes\":{\"names\":{\"type\":\"character\",\"attributes\":{},\"value\":[\"phi\",\"theta\",\"Delta\",\"Z\",\"a\",\"P\",\"T\",\"V\",\"h\",\"Pn\"]}},\"value\":[{\"type\":\"double\",\"attributes\":{},\"value\":[]},{\"type\":\"double\",\"attributes\":{},\"value\":[]},{\"type\":\"double\",\"attributes\":{},\"value\":[1]},{\"type\":\"double\",\"attributes\":{},\"value\":[1,1]},{\"type\":\"double\",\"attributes\":{},\"value\":[0,11]},{\"type\":\"double\",\"attributes\":{\"dim\":{\"type\":\"integer\",\"attributes\":{},\"value\":[2,2]}},\"value\":[1,0,0,2]},{\"type\":\"double\",\"attributes\":{\"dim\":{\"type\":\"integer\",\"attributes\":{},\"value\":[2,2]}},\"value\":[0,1,0,1]},{\"type\":\"double\",\"attributes\":{\"dim\":{\"type\":\"integer\",\"attributes\":{},\"value\":[2,2]}},\"value\":[1,0,0,0]},{\"type\":\"double\",\"attributes\":{},\"value\":[0]},{\"type\":\"double\",\"attributes\":{\"dim\":{\"type\":\"integer\",\"attributes\":{},\"value\":[2,2]}},\"value\":[1,0,0,2]}]},{\"type\":\"double\",\"attributes\":{},\"value\":[1208.29839009]},{\"type\":\"double\",\"attributes\":{},\"value\":[1211.91516144]},{\"type\":\"integer\",\"attributes\":{\"tsp\":{\"type\":\"double\",\"attributes\":{},\"value\":[1,360,1]},\"class\":{\"type\":\"character\",\"attributes\":{},\"value\":[\"ts\"]}},\"value\":[0,0,0,0,0,0,0,0,1,2,1,1,4,0,0,1,0,0,0,2,0,4,6,2,1,\"NA\",6,4,8,7,5,6,3,\"NA\",7,4,7,9,10,6,\"NA\",3,0,2,3,2,5,2,2,2,4,\"NA\",3,1,2,2,\"NA\",\"NA\",0,1,5,1,0,2,\"NA\",\"NA\",4,0,3,\"NA\",6,4,\"NA\",6,6,\"NA\",\"NA\",3,4,0,\"NA\",\"NA\",3,5,7,5,\"NA\",\"NA\",2,4,3,0,2,1,\"NA\",0,2,5,4,0,1,1,5,11,8,7,5,6,8,10,3,2,2,0,1,\"NA\",1,\"NA\",\"NA\",1,0,0,\"NA\",2,1,\"NA\",\"NA\",1,\"NA\",2,2,2,5,5,8,5,6,3,1,2,1,2,\"NA\",0,\"NA\",0,0,1,1,\"NA\",2,2,2,7,2,2,\"NA\",7,6,9,6,3,3,2,4,3,4,3,1,3,3,6,1,1,3,2,2,3,2,1,1,1,1,2,2,1,2,1,0,0,0,\"NA\",1,\"NA\",0,\"NA\",0,\"NA\",2,0,1,0,1,\"NA\",0,0,0,1,2,\"NA\",\"NA\",0,0,0,0,\"NA\",1,1,2,1,4,2,0,3,0,0,0,2,\"NA\",0,\"NA\",0,\"NA\",0,\"NA\",2,0,1,0,2,0,1,2,2,2,5,3,\"NA\",4,1,1,2,1,2,1,0,3,6,7,\"NA\",\"NA\",0,0,\"NA\",0,0,0,0,1,1,2,\"NA\",\"NA\",3,0,2,3,3,1,\"NA\",5,5,4,5,\"NA\",\"NA\",\"NA\",3,2,2,4,4,2,3,2,1,\"NA\",\"NA\",\"NA\",1,3,2,0,2,1,3,5,4,3,2,6,\"NA\",\"NA\",\"NA\",\"NA\",\"NA\",\"NA\",\"NA\",\"NA\",\"NA\",\"NA\",\"NA\",\"NA\",\"NA\",\"NA\",\"NA\",\"NA\",0,\"NA\",\"NA\",\"NA\",0,0,1,2,1,0,1,\"NA\",\"NA\",0,0,0,1,6,\"NA\",4,4,9,4,8,11,7,\"NA\",\"NA\",10,11,\"NA\",\"NA\",\"NA\"]},{\"type\":\"double\",\"attributes\":{\"tsp\":{\"type\":\"double\",\"attributes\":{},\"value\":[1,360,1]},\"class\":{\"type\":\"character\",\"attributes\":{},\"value\":[\"ts\"]}},\"value\":[0,0,0,0,0,0,0,0,0,1,2,1,1,4,0,0,1,0,0,0,2,0,4,6,2,\"NA\",2.46446609,6,4,8,7,5,6,\"NA\",4.17157288,7,4,7,9,10,\"NA\",5.12132034,3,0,2,3,2,5,2,2,2,\"NA\",3.70710678,3,1,2,\"NA\",\"NA\",1.15470054,1.11022302e-16,1,5,1,0,\"NA\",\"NA\",2.84529946,4,0,\"NA\",3.87867966,6,\"NA\",4.58578644,6,\"NA\",\"NA\",4.73205081,3,4,\"NA\",\"NA\",1.26794919,3,5,7,\"NA\",\"NA\",3.73205081,2,4,3,0,2,\"NA\",0.70710678,0,2,5,4,0,1,1,5,11,8,7,5,6,8,10,3,2,2,0,\"NA\",1,\"NA\",\"NA\",1,1,0,\"NA\",0.58578644,2,\"NA\",\"NA\",1,\"NA\",1.29289322,2,2,2,5,5,8,5,6,3,1,2,1,\"NA\",1.41421356,\"NA\",0,0,0,1,\"NA\",1.29289322,2,2,2,7,2,\"NA\",3.46446609,7,6,9,6,3,3,2,4,3,4,3,1,3,3,6,1,1,3,2,2,3,2,1,1,1,1,2,2,1,2,1,0,0,\"NA\",0.29289322,\"NA\",0.70710678,\"NA\",0,\"NA\",0.58578644,2,0,1,0,\"NA\",0.70710678,0,0,0,1,\"NA\",\"NA\",1.15470054,1.11022302e-16,0,0,\"NA\",0.29289322,1,1,2,1,4,2,0,3,0,0,0,\"NA\",1.41421356,\"NA\",0,\"NA\",0,\"NA\",0.58578644,2,0,1,0,2,0,1,2,2,2,5,\"NA\",3.29289322,4,1,1,2,1,2,1,0,3,6,\"NA\",\"NA\",4.04145188,-4.4408921e-16,\"NA\",0,0,0,0,0,1,1,\"NA\",\"NA\",2.42264973,3,0,2,3,3,\"NA\",2.17157288,5,5,4,\"NA\",\"NA\",\"NA\",4,3,2,2,4,4,2,3,2,\"NA\",\"NA\",\"NA\",1,1,3,2,0,2,1,3,5,4,3,2,\"NA\",\"NA\",\"NA\",\"NA\",\"NA\",\"NA\",\"NA\",\"NA\",\"NA\",\"NA\",\"NA\",\"NA\",\"NA\",\"NA\",\"NA\",\"NA\",1.45521375,\"NA\",\"NA\",\"NA\",-1.94289029e-16,0,0,1,2,1,0,\"NA\",\"NA\",0.57735027,5.55111512e-17,0,0,1,\"NA\",5.41421356,4,4,9,4,8,11,\"NA\",\"NA\",8.26794919,10,\"NA\",\"NA\",\"NA\"]}]},{\"type\":\"double\",\"attributes\":{},\"value\":[95]},{\"type\":\"double\",\"attributes\":{\"tsp\":{\"type\":\"double\",\"attributes\":{},\"value\":[361,373,1]},\"class\":{\"type\":\"character\",\"attributes\":{},\"value\":[\"ts\"]}},\"value\":[11,11,11,11,11,11,11,11,11,11,11,11,11]},{\"type\":\"double\",\"attributes\":{\"dim\":{\"type\":\"integer\",\"attributes\":{},\"value\":[13,1]},\"dimnames\":{\"type\":\"list\",\"attributes\":{},\"value\":[{\"type\":\"NULL\"},{\"type\":\"character\",\"attributes\":{},\"value\":[\"95%\"]}]},\"tsp\":{\"type\":\"double\",\"attributes\":{},\"value\":[361,373,1]},\"class\":{\"type\":\"character\",\"attributes\":{},\"value\":[\"ts\"]}},\"value\":[3.32479004,2.41885439,1.59982596,0.84665159,0.14561398,-0.51281494,-1.1355725,-1.72789582,-2.29385361,-2.83668153,-3.35900302,-3.86298018,-4.35041992]},{\"type\":\"double\",\"attributes\":{\"dim\":{\"type\":\"integer\",\"attributes\":{},\"value\":[13,1]},\"dimnames\":{\"type\":\"list\",\"attributes\":{},\"value\":[{\"type\":\"NULL\"},{\"type\":\"character\",\"attributes\":{},\"value\":[\"95%\"]}]},\"tsp\":{\"type\":\"double\",\"attributes\":{},\"value\":[361,373,1]},\"class\":{\"type\":\"character\",\"attributes\":{},\"value\":[\"ts\"]}},\"value\":[18.67520996,19.58114561,20.40017404,21.15334841,21.85438602,22.51281494,23.1355725,23.72789582,24.29385361,24.83668153,25.35900302,25.86298018,26.35041992]},{\"type\":\"integer\",\"attributes\":{\"tsp\":{\"type\":\"double\",\"attributes\":{},\"value\":[1,360,1]},\"class\":{\"type\":\"character\",\"attributes\":{},\"value\":[\"ts\"]}},\"value\":[0,0,0,0,0,0,0,0,1,2,1,1,4,0,0,1,0,0,0,2,0,4,6,2,1,\"NA\",6,4,8,7,5,6,3,\"NA\",7,4,7,9,10,6,\"NA\",3,0,2,3,2,5,2,2,2,4,\"NA\",3,1,2,2,\"NA\",\"NA\",0,1,5,1,0,2,\"NA\",\"NA\",4,0,3,\"NA\",6,4,\"NA\",6,6,\"NA\",\"NA\",3,4,0,\"NA\",\"NA\",3,5,7,5,\"NA\",\"NA\",2,4,3,0,2,1,\"NA\",0,2,5,4,0,1,1,5,11,8,7,5,6,8,10,3,2,2,0,1,\"NA\",1,\"NA\",\"NA\",1,0,0,\"NA\",2,1,\"NA\",\"NA\",1,\"NA\",2,2,2,5,5,8,5,6,3,1,2,1,2,\"NA\",0,\"NA\",0,0,1,1,\"NA\",2,2,2,7,2,2,\"NA\",7,6,9,6,3,3,2,4,3,4,3,1,3,3,6,1,1,3,2,2,3,2,1,1,1,1,2,2,1,2,1,0,0,0,\"NA\",1,\"NA\",0,\"NA\",0,\"NA\",2,0,1,0,1,\"NA\",0,0,0,1,2,\"NA\",\"NA\",0,0,0,0,\"NA\",1,1,2,1,4,2,0,3,0,0,0,2,\"NA\",0,\"NA\",0,\"NA\",0,\"NA\",2,0,1,0,2,0,1,2,2,2,5,3,\"NA\",4,1,1,2,1,2,1,0,3,6,7,\"NA\",\"NA\",0,0,\"NA\",0,0,0,0,1,1,2,\"NA\",\"NA\",3,0,2,3,3,1,\"NA\",5,5,4,5,\"NA\",\"NA\",\"NA\",3,2,2,4,4,2,3,2,1,\"NA\",\"NA\",\"NA\",1,3,2,0,2,1,3,5,4,3,2,6,\"NA\",\"NA\",\"NA\",\"NA\",\"NA\",\"NA\",\"NA\",\"NA\",\"NA\",\"NA\",\"NA\",\"NA\",\"NA\",\"NA\",\"NA\",\"NA\",0,\"NA\",\"NA\",\"NA\",0,0,1,2,1,0,1,\"NA\",\"NA\",0,0,0,1,6,\"NA\",4,4,9,4,8,11,7,\"NA\",\"NA\",10,11,\"NA\",\"NA\",\"NA\"]},{\"type\":\"character\",\"attributes\":{},\"value\":[\"c(0L, 0L, 0L, 0L, 0L, 0L, 0L, 0L, 1L, 2L, 1L, 1L, 4L, 0L, 0L, \",\"1L, 0L, 0L, 0L, 2L, 0L, 4L, 6L, 2L, 1L, NA, 6L, 4L, 8L, 7L, 5L, \",\"6L, 3L, NA, 7L, 4L, 7L, 9L, 10L, 6L, NA, 3L, 0L, 2L, 3L, 2L, \",\"5L, 2L, 2L, 2L, 4L, NA, 3L, 1L, 2L, 2L, NA, NA, 0L, 1L, 5L, 1L, \",\"0L, 2L, NA, NA, 4L, 0L, 3L, NA, 6L, 4L, NA, 6L, 6L, NA, NA, 3L, \",\"4L, 0L, NA, NA, 3L, 5L, 7L, 5L, NA, NA, 2L, 4L, 3L, 0L, 2L, 1L, \",\"NA, 0L, 2L, 5L, 4L, 0L, 1L, 1L, 5L, 11L, 8L, 7L, 5L, 6L, 8L, \",\"10L, 3L, 2L, 2L, 0L, 1L, NA, 1L, NA, NA, 1L, 0L, 0L, NA, 2L, \",\"1L, NA, NA, 1L, NA, 2L, 2L, 2L, 5L, 5L, 8L, 5L, 6L, 3L, 1L, 2L, \",\"1L, 2L, NA, 0L, NA, 0L, 0L, 1L, 1L, NA, 2L, 2L, 2L, 7L, 2L, 2L, \",\"NA, 7L, 6L, 9L, 6L, 3L, 3L, 2L, 4L, 3L, 4L, 3L, 1L, 3L, 3L, 6L, \",\"1L, 1L, 3L, 2L, 2L, 3L, 2L, 1L, 1L, 1L, 1L, 2L, 2L, 1L, 2L, 1L, \",\"0L, 0L, 0L, NA, 1L, NA, 0L, NA, 0L, NA, 2L, 0L, 1L, 0L, 1L, NA, \",\"0L, 0L, 0L, 1L, 2L, NA, NA, 0L, 0L, 0L, 0L, NA, 1L, 1L, 2L, 1L, \",\"4L, 2L, 0L, 3L, 0L, 0L, 0L, 2L, NA, 0L, NA, 0L, NA, 0L, NA, 2L, \",\"0L, 1L, 0L, 2L, 0L, 1L, 2L, 2L, 2L, 5L, 3L, NA, 4L, 1L, 1L, 2L, \",\"1L, 2L, 1L, 0L, 3L, 6L, 7L, NA, NA, 0L, 0L, NA, 0L, 0L, 0L, 0L, \",\"1L, 1L, 2L, NA, NA, 3L, 0L, 2L, 3L, 3L, 1L, NA, 5L, 5L, 4L, 5L, \",\"NA, NA, NA, 3L, 2L, 2L, 4L, 4L, 2L, 3L, 2L, 1L, NA, NA, NA, 1L, \",\"3L, 2L, 0L, 2L, 1L, 3L, 5L, 4L, 3L, 2L, 6L, NA, NA, NA, NA, NA, \",\"NA, NA, NA, NA, NA, NA, NA, NA, NA, NA, NA, 0L, NA, NA, NA, 0L, \",\"0L, 1L, 2L, 1L, 0L, 1L, NA, NA, 0L, 0L, 0L, 1L, 6L, NA, 4L, 4L, \",\"9L, 4L, 8L, 11L, 7L, NA, NA, 10L, 11L, NA, NA, NA)\"]},{\"type\":\"double\",\"attributes\":{\"tsp\":{\"type\":\"double\",\"attributes\":{},\"value\":[1,360,1]},\"class\":{\"type\":\"character\",\"attributes\":{},\"value\":[\"ts\"]}},\"value\":[0,0,0,0,0,0,0,0,0,1,2,1,1,4,0,0,1,0,0,0,2,0,4,6,2,\"NA\",2.46446609,6,4,8,7,5,6,\"NA\",4.17157288,7,4,7,9,10,\"NA\",5.12132034,3,0,2,3,2,5,2,2,2,\"NA\",3.70710678,3,1,2,\"NA\",\"NA\",1.15470054,1.11022302e-16,1,5,1,0,\"NA\",\"NA\",2.84529946,4,0,\"NA\",3.87867966,6,\"NA\",4.58578644,6,\"NA\",\"NA\",4.73205081,3,4,\"NA\",\"NA\",1.26794919,3,5,7,\"NA\",\"NA\",3.73205081,2,4,3,0,2,\"NA\",0.70710678,0,2,5,4,0,1,1,5,11,8,7,5,6,8,10,3,2,2,0,\"NA\",1,\"NA\",\"NA\",1,1,0,\"NA\",0.58578644,2,\"NA\",\"NA\",1,\"NA\",1.29289322,2,2,2,5,5,8,5,6,3,1,2,1,\"NA\",1.41421356,\"NA\",0,0,0,1,\"NA\",1.29289322,2,2,2,7,2,\"NA\",3.46446609,7,6,9,6,3,3,2,4,3,4,3,1,3,3,6,1,1,3,2,2,3,2,1,1,1,1,2,2,1,2,1,0,0,\"NA\",0.29289322,\"NA\",0.70710678,\"NA\",0,\"NA\",0.58578644,2,0,1,0,\"NA\",0.70710678,0,0,0,1,\"NA\",\"NA\",1.15470054,1.11022302e-16,0,0,\"NA\",0.29289322,1,1,2,1,4,2,0,3,0,0,0,\"NA\",1.41421356,\"NA\",0,\"NA\",0,\"NA\",0.58578644,2,0,1,0,2,0,1,2,2,2,5,\"NA\",3.29289322,4,1,1,2,1,2,1,0,3,6,\"NA\",\"NA\",4.04145188,-4.4408921e-16,\"NA\",0,0,0,0,0,1,1,\"NA\",\"NA\",2.42264973,3,0,2,3,3,\"NA\",2.17157288,5,5,4,\"NA\",\"NA\",\"NA\",4,3,2,2,4,4,2,3,2,\"NA\",\"NA\",\"NA\",1,1,3,2,0,2,1,3,5,4,3,2,\"NA\",\"NA\",\"NA\",\"NA\",\"NA\",\"NA\",\"NA\",\"NA\",\"NA\",\"NA\",\"NA\",\"NA\",\"NA\",\"NA\",\"NA\",\"NA\",1.45521375,\"NA\",\"NA\",\"NA\",-1.94289029e-16,0,0,1,2,1,0,\"NA\",\"NA\",0.57735027,5.55111512e-17,0,0,1,\"NA\",5.41421356,4,4,9,4,8,11,\"NA\",\"NA\",8.26794919,10,\"NA\",\"NA\",\"NA\"]},{\"type\":\"double\",\"attributes\":{\"tsp\":{\"type\":\"double\",\"attributes\":{},\"value\":[1,360,1]},\"class\":{\"type\":\"character\",\"attributes\":{},\"value\":[\"ts\"]}},\"value\":[0,0,0,0,0,0,0,0,1,1,-1,0,3,-4,0,1,-1,0,0,2,-2,4,2,-4,-1,\"NA\",3.53553391,-2,4,-1,-2,1,-3,\"NA\",2.82842712,-3,3,2,1,-4,\"NA\",-2.12132034,-3,2,1,-1,3,-3,0,0,2,\"NA\",-0.70710678,-2,1,0,\"NA\",\"NA\",-1.15470054,1,4,-4,-1,2,\"NA\",\"NA\",1.15470054,-4,3,\"NA\",2.12132034,-2,\"NA\",1.41421356,0,\"NA\",\"NA\",-1.73205081,1,-4,\"NA\",\"NA\",1.73205081,2,2,-2,\"NA\",\"NA\",-1.73205081,2,-1,-3,2,-1,\"NA\",-0.70710678,2,3,-1,-4,1,0,4,6,-3,-1,-2,1,2,2,-7,-1,0,-2,1,\"NA\",0,\"NA\",\"NA\",0,-1,0,\"NA\",1.41421356,-1,\"NA\",\"NA\",0,\"NA\",0.70710678,0,0,3,0,3,-3,1,-3,-2,1,-1,1,\"NA\",-1.41421356,\"NA\",0,0,1,0,\"NA\",0.70710678,0,0,5,-5,0,\"NA\",3.53553391,-1,3,-3,-3,0,-1,2,-1,1,-1,-2,2,0,3,-5,0,2,-1,0,1,-1,-1,0,0,0,1,0,-1,1,-1,-1,0,0,\"NA\",0.70710678,\"NA\",-0.70710678,\"NA\",0,\"NA\",1.41421356,-2,1,-1,1,\"NA\",-0.70710678,0,0,1,1,\"NA\",\"NA\",-1.15470054,-1.11022302e-16,0,0,\"NA\",0.70710678,0,1,-1,3,-2,-2,3,-3,0,0,2,\"NA\",-1.41421356,\"NA\",0,\"NA\",0,\"NA\",1.41421356,-2,1,-1,2,-2,1,1,0,0,3,-2,\"NA\",0.70710678,-3,0,1,-1,1,-1,-1,3,3,1,\"NA\",\"NA\",-4.04145188,4.4408921e-16,\"NA\",0,0,0,0,1,0,1,\"NA\",\"NA\",0.57735027,-3,2,1,0,-2,\"NA\",2.82842712,0,-1,1,\"NA\",\"NA\",\"NA\",-1,-1,0,2,0,-2,1,-1,-1,\"NA\",\"NA\",\"NA\",0,2,-1,-2,2,-1,2,2,-1,-1,-1,4,\"NA\",\"NA\",\"NA\",\"NA\",\"NA\",\"NA\",\"NA\",\"NA\",\"NA\",\"NA\",\"NA\",\"NA\",\"NA\",\"NA\",\"NA\",\"NA\",-1.45521375,\"NA\",\"NA\",\"NA\",1.94289029e-16,0,1,1,-1,-1,1,\"NA\",\"NA\",-0.57735027,-5.55111512e-17,0,1,5,\"NA\",-1.41421356,0,5,-5,4,3,-4,\"NA\",\"NA\",1.73205081,1,\"NA\",\"NA\",\"NA\"]}]}"]
