["{\"type\":\"list\",\"attributes\":{\"names\":{\"type\":\"character\",\"attributes\":{},\"value\":[\"Point.Forecast\",\"Lo.95\",\"Hi.95\",\"moon\",\"model\",\"dataset\",\"species\",\"forecast_id\"]}},\"value\":[{\"type\":\"double\",\"attributes\":{},\"value\":[0.19939016,0.11816448,0.25467071,0.20257624,0.14805856,0.17800715,0.17172334,0.18162569,0.18525239,0.17594094,0.17733172,0.17786967,0.17809616]},{\"type\":\"double\",\"attributes\":{},\"value\":[-2.57670216,-3.18909302,-3.23548215,-3.50258291,-3.72087521,-3.93855944,-4.19384108,-4.38123984,-4.56692506,-4.75433646,-4.92947277,-5.10513409,-5.27246046]},{\"type\":\"double\",\"attributes\":{},\"value\":[2.97548248,3.42542197,3.74482356,3.9077354,4.01699232,4.29457374,4.53728776,4.74449122,4.93742984,5.10621835,5.28413622,5.46087342,5.62865278]},{\"type\":\"integer\",\"attributes\":{},\"value\":[524,525,526,527,528,529,530,531,532,533,534,535,536]},{\"type\":\"character\",\"attributes\":{},\"value\":[\"AutoArima\"]},{\"type\":\"character\",\"attributes\":{},\"value\":[\"exclosures\"]},{\"type\":\"character\",\"attributes\":{},\"value\":[\"PB\"]},{\"type\":\"character\",\"attributes\":{},\"value\":[\"24.07\"]}]}"]
