["{\"type\":\"list\",\"attributes\":{\"names\":{\"type\":\"character\",\"attributes\":{},\"value\":[\"Point.Forecast\",\"Lo.95\",\"Hi.95\",\"moon\",\"model\",\"dataset\",\"species\",\"forecast_id\"]}},\"value\":[{\"type\":\"double\",\"attributes\":{},\"value\":[0.342,0.389,0.436,0.495,0.563,0.631,0.713,0.81,0.917,1.018,1.14,1.28,1.404]},{\"type\":\"double\",\"attributes\":{},\"value\":[0.002,0,0,0,0,0,0,0,0,0,0,0,0]},{\"type\":\"double\",\"attributes\":{},\"value\":[0.922,1.188,1.425,1.677,2.002,2.333,2.652,3.032,3.468,3.854,4.226,4.703,5.138]},{\"type\":\"integer\",\"attributes\":{},\"value\":[524,525,526,527,528,529,530,531,532,533,534,535,536]},{\"type\":\"character\",\"attributes\":{},\"value\":[\"jags_RW\"]},{\"type\":\"character\",\"attributes\":{},\"value\":[\"controls\"]},{\"type\":\"character\",\"attributes\":{},\"value\":[\"OL\"]},{\"type\":\"character\",\"attributes\":{},\"value\":[\"29.06\"]}]}"]
