"currency","model","dataset","species","estimate","lower_pi","upper_pi","confidence_level","old_cast_id","forecast_id","origin","newmoonnumber","forecast_date","forecast_month","forecast_year","forecast_group","historic_start_newmoonnumber","historic_end_newmoonnumber","forecast_start_newmoonnumber","forecast_end_newmoonnumber","lead_time_newmoons","max_lag","lag_buffer"
"abundance","jags_RW","controls","PB",0.338,0.215,0.452,0.95,29,"29.08",,524,2019-11-21,10,2019,2,217,524,524,536,0,,
"abundance","jags_RW","controls","PB",0.338,0.216,0.454,0.95,29,"29.08",,525,2019-11-21,11,2019,2,217,524,524,536,1,,
"abundance","jags_RW","controls","PB",0.339,0.216,0.455,0.95,29,"29.08",,526,2019-11-21,12,2019,2,217,524,524,536,2,,
"abundance","jags_RW","controls","PB",0.339,0.218,0.457,0.95,29,"29.08",,527,2019-11-21,1,2020,2,217,524,524,536,3,,
"abundance","jags_RW","controls","PB",0.339,0.218,0.458,0.95,29,"29.08",,528,2019-11-21,2,2020,2,217,524,524,536,4,,
"abundance","jags_RW","controls","PB",0.339,0.219,0.46,0.95,29,"29.08",,529,2019-11-21,3,2020,2,217,524,524,536,5,,
"abundance","jags_RW","controls","PB",0.339,0.212,0.454,0.95,29,"29.08",,530,2019-11-21,4,2020,2,217,524,524,536,6,,
"abundance","jags_RW","controls","PB",0.339,0.213,0.456,0.95,29,"29.08",,531,2019-11-21,5,2020,2,217,524,524,536,7,,
"abundance","jags_RW","controls","PB",0.339,0.215,0.458,0.95,29,"29.08",,532,2019-11-21,6,2020,2,217,524,524,536,8,,
"abundance","jags_RW","controls","PB",0.339,0.214,0.458,0.95,29,"29.08",,533,2019-11-21,7,2020,2,217,524,524,536,9,,
"abundance","jags_RW","controls","PB",0.339,0.216,0.46,0.95,29,"29.08",,534,2019-11-21,8,2020,2,217,524,524,536,10,,
"abundance","jags_RW","controls","PB",0.339,0.215,0.461,0.95,29,"29.08",,535,2019-11-21,9,2020,2,217,524,524,536,11,,
"abundance","jags_RW","controls","PB",0.339,0.217,0.464,0.95,29,"29.08",,536,2019-11-21,10,2020,2,217,524,524,536,12,,
