["{\"type\":\"list\",\"attributes\":{\"names\":{\"type\":\"character\",\"attributes\":{},\"value\":[\"method\",\"model\",\"level\",\"mean\",\"lower\",\"upper\",\"x\",\"series\",\"fitted\",\"residuals\"]},\"class\":{\"type\":\"character\",\"attributes\":{},\"value\":[\"forecast\"]}},\"value\":[{\"type\":\"character\",\"attributes\":{},\"value\":[\"ARIMA(0,1,0)\"]},{\"type\":\"list\",\"attributes\":{\"names\":{\"type\":\"character\",\"attributes\":{},\"value\":[\"coef\",\"sigma2\",\"var.coef\",\"mask\",\"loglik\",\"aic\",\"arma\",\"residuals\",\"call\",\"series\",\"code\",\"n.cond\",\"nobs\",\"model\",\"aicc\",\"bic\",\"x\",\"fitted\"]},\"class\":{\"type\":\"character\",\"attributes\":{},\"value\":[\"forecast_ARIMA\",\"ARIMA\",\"Arima\"]}},\"value\":[{\"type\":\"double\",\"attributes\":{},\"value\":[]},{\"type\":\"double\",\"attributes\":{},\"value\":[39.17750989]},{\"type\":\"double\",\"attributes\":{},\"value\":[]},{\"type\":\"logical\",\"attributes\":{},\"value\":[]},{\"type\":\"double\",\"attributes\":{},\"value\":[-941.08108845]},{\"type\":\"double\",\"attributes\":{},\"value\":[1884.16217691]},{\"type\":\"integer\",\"attributes\":{},\"value\":[0,0,0,0,1,1,0]},{\"type\":\"double\",\"attributes\":{\"tsp\":{\"type\":\"double\",\"attributes\":{},\"value\":[1,365,1]},\"class\":{\"type\":\"character\",\"attributes\":{},\"value\":[\"ts\"]}},\"value\":[0.002,4,1,-1,1,-6,5,-1,0,7,-8,9,-6,-3,4,12,5,-22,0,-2,-1,2,-2,8,8,\"NA\",16.26345597,-6,0,-24,-2,2,-4,\"NA\",0.70710678,-1,1,0,-4,1,\"NA\",-1.41421356,-1,0,1,-1,0,0,3,-1,4,\"NA\",0.70710678,-6,1,-1,\"NA\",\"NA\",-0.57735027,-5.55111512e-17,0,3,0,-3,\"NA\",\"NA\",1.15470054,-1,-1,\"NA\",0,1,\"NA\",2.82842712,-5,\"NA\",\"NA\",0.57735027,-1,0,\"NA\",\"NA\",0,0,0,2,\"NA\",\"NA\",4.04145188,-7,-2,2,0,0,\"NA\",-1.41421356,0,2,-2,1,8,-4,3,-2,-3,-1,0,1,2,-2,-2,0,0,-1,0,\"NA\",0,\"NA\",\"NA\",0,0,0,\"NA\",0,1,\"NA\",\"NA\",-0.57735027,\"NA\",0.70710678,-2.22044605e-16,0,0,-1,2,1,-2,2,-1,-1,-1,0,\"NA\",0,\"NA\",0,0,0,2,\"NA\",0.70710678,11,-1,-10,9,-6,\"NA\",-3.53553391,8,32,11,-15,-6,0,-9,-2,-13,-6,-1,0,0,0,1,-1,2,4,1,-6,0,-1,0,0,0,0,0,0,0,0,0,0,0,\"NA\",0,\"NA\",0,\"NA\",0,\"NA\",0,0,0,0,0,\"NA\",0,0,0,0,0,\"NA\",\"NA\",0.57735027,2,-3,1,\"NA\",-0.70710678,0,1,-1,0,0,0,1,-1,2,-2,0,\"NA\",0,\"NA\",0,\"NA\",0,\"NA\",0.70710678,3,2,3,-6,2,-3,1,-3,0,0,7,\"NA\",7.07106781,15,32,17,-49,-12,-11,-6,-2,11,5,\"NA\",\"NA\",9.23760431,-10,\"NA\",-13.43502884,-2,-2,0,0,0,0,\"NA\",\"NA\",6.35085296,-1,0,-9,0,-1,\"NA\",0,0,1,0,\"NA\",\"NA\",\"NA\",-0.5,0,0,0,0,0,0,0,0,\"NA\",\"NA\",\"NA\",1.5,1,-4,0,0,0,0,0,0,2,1,-1,\"NA\",\"NA\",\"NA\",\"NA\",\"NA\",\"NA\",\"NA\",\"NA\",\"NA\",\"NA\",\"NA\",\"NA\",\"NA\",\"NA\",\"NA\",\"NA\",-0.48507125,\"NA\",\"NA\",\"NA\",-1.38777878e-17,0,0,0,0,1,-1,\"NA\",\"NA\",0,0,0,0,0,\"NA\",4.94974747,8,16,9,7,-26,-12,\"NA\",\"NA\",-2.30940108,7,\"NA\",0,\"NA\",-3.53553391,0,-5,\"NA\",\"NA\"]},{\"type\":\"language\",\"attributes\":{},\"value\":[\"Arima(y = c(2L, 6L, 7L, 6L, 7L, 1L, 6L, 5L, 5L, 12L, 4L, 13L, \",\"7L, 4L, 8L, 20L, 25L, 3L, 3L, 1L, 0L, 2L, 0L, 8L, 16L, NA, 39L, \",\"33L, 33L, 9L, 7L, 9L, 5L, NA, 6L, 5L, 6L, 6L, 2L, 3L, NA, 1L, \",\"0L, 0L, 1L, 0L, 0L, 0L, 3L, 2L, 6L, NA, 7L, 1L, 2L, 1L, NA, NA, \",\"0L, 0L, 0L, 3L, 3L, 0L, NA, NA, 2L, 1L, 0L, NA, 0L, 1L, NA, 5L, \",\"0L, NA, NA, 1L, 0L, 0L, NA, NA, 0L, 0L, 0L, 2L, NA, NA, 9L, 2L, \",\"0L, 2L, 2L, 2L, NA, 0L, 0L, 2L, 0L, 1L, 9L, 5L, 8L, 6L, 3L, 2L, \",\"2L, 3L, 5L, 3L, 1L, 1L, 1L, 0L, 0L, NA, 0L, NA, NA, 0L, 0L, 0L, \",\"NA, 0L, 1L, NA, NA, 0L, NA, 1L, 1L, 1L, 1L, 0L, 2L, 3L, 1L, 3L, \",\"2L, 1L, 0L, 0L, NA, 0L, NA, 0L, 0L, 0L, 2L, NA, 3L, 14L, 13L, \",\"3L, 12L, 6L, NA, 1L, 9L, 41L, 52L, 37L, 31L, 31L, 22L, 20L, 7L, \",\"1L, 0L, 0L, 0L, 0L, 1L, 0L, 2L, 6L, 7L, 1L, 1L, 0L, 0L, 0L, 0L, \",\"0L, 0L, 0L, 0L, 0L, 0L, 0L, 0L, NA, 0L, NA, 0L, NA, 0L, NA, 0L, \",\"0L, 0L, 0L, 0L, NA, 0L, 0L, 0L, 0L, 0L, NA, NA, 1L, 3L, 0L, 1L, \",\"NA, 0L, 0L, 1L, 0L, 0L, 0L, 0L, 1L, 0L, 2L, 0L, 0L, NA, 0L, NA, \",\"0L, NA, 0L, NA, 1L, 4L, 6L, 9L, 3L, 5L, 2L, 3L, 0L, 0L, 0L, 7L, \",\"NA, 17L, 32L, 64L, 81L, 32L, 20L, 9L, 3L, 1L, 12L, 17L, NA, NA, \",\"33L, 23L, NA, 4L, 2L, 0L, 0L, 0L, 0L, 0L, NA, NA, 11L, 10L, 10L, \",\"1L, 1L, 0L, NA, 0L, 0L, 1L, 1L, NA, NA, NA, 0L, 0L, 0L, 0L, 0L, \",\"0L, 0L, 0L, 0L, NA, NA, NA, 3L, 4L, 0L, 0L, 0L, 0L, 0L, 0L, 0L, \",\"2L, 3L, 2L, NA, NA, NA, NA, NA, NA, NA, NA, NA, NA, NA, NA, NA, \",\"NA, NA, NA, 0L, NA, NA, NA, 0L, 0L, 0L, 0L, 0L, 1L, 0L, NA, NA, \",\"0L, 0L, 0L, 0L, 0L, NA, 7L, 15L, 31L, 40L, 47L, 21L, 9L, NA, \",\"NA, 5L, 12L, NA, 12L, NA, 7L, 7L, 2L, NA, NA), order = c(0, 1, \",\"0))\"]},{\"type\":\"character\",\"attributes\":{},\"value\":[\"c(2L, 6L, 7L, 6L, 7L, 1L, 6L, 5L, 5L, 12L, 4L, 13L, 7L, 4L, 8L, \",\"20L, 25L, 3L, 3L, 1L, 0L, 2L, 0L, 8L, 16L, NA, 39L, 33L, 33L, \",\"9L, 7L, 9L, 5L, NA, 6L, 5L, 6L, 6L, 2L, 3L, NA, 1L, 0L, 0L, 1L, \",\"0L, 0L, 0L, 3L, 2L, 6L, NA, 7L, 1L, 2L, 1L, NA, NA, 0L, 0L, 0L, \",\"3L, 3L, 0L, NA, NA, 2L, 1L, 0L, NA, 0L, 1L, NA, 5L, 0L, NA, NA, \",\"1L, 0L, 0L, NA, NA, 0L, 0L, 0L, 2L, NA, NA, 9L, 2L, 0L, 2L, 2L, \",\"2L, NA, 0L, 0L, 2L, 0L, 1L, 9L, 5L, 8L, 6L, 3L, 2L, 2L, 3L, 5L, \",\"3L, 1L, 1L, 1L, 0L, 0L, NA, 0L, NA, NA, 0L, 0L, 0L, NA, 0L, 1L, \",\"NA, NA, 0L, NA, 1L, 1L, 1L, 1L, 0L, 2L, 3L, 1L, 3L, 2L, 1L, 0L, \",\"0L, NA, 0L, NA, 0L, 0L, 0L, 2L, NA, 3L, 14L, 13L, 3L, 12L, 6L, \",\"NA, 1L, 9L, 41L, 52L, 37L, 31L, 31L, 22L, 20L, 7L, 1L, 0L, 0L, \",\"0L, 0L, 1L, 0L, 2L, 6L, 7L, 1L, 1L, 0L, 0L, 0L, 0L, 0L, 0L, 0L, \",\"0L, 0L, 0L, 0L, 0L, NA, 0L, NA, 0L, NA, 0L, NA, 0L, 0L, 0L, 0L, \",\"0L, NA, 0L, 0L, 0L, 0L, 0L, NA, NA, 1L, 3L, 0L, 1L, NA, 0L, 0L, \",\"1L, 0L, 0L, 0L, 0L, 1L, 0L, 2L, 0L, 0L, NA, 0L, NA, 0L, NA, 0L, \",\"NA, 1L, 4L, 6L, 9L, 3L, 5L, 2L, 3L, 0L, 0L, 0L, 7L, NA, 17L, \",\"32L, 64L, 81L, 32L, 20L, 9L, 3L, 1L, 12L, 17L, NA, NA, 33L, 23L, \",\"NA, 4L, 2L, 0L, 0L, 0L, 0L, 0L, NA, NA, 11L, 10L, 10L, 1L, 1L, \",\"0L, NA, 0L, 0L, 1L, 1L, NA, NA, NA, 0L, 0L, 0L, 0L, 0L, 0L, 0L, \",\"0L, 0L, NA, NA, NA, 3L, 4L, 0L, 0L, 0L, 0L, 0L, 0L, 0L, 2L, 3L, \",\"2L, NA, NA, NA, NA, NA, NA, NA, NA, NA, NA, NA, NA, NA, NA, NA, \",\"NA, 0L, NA, NA, NA, 0L, 0L, 0L, 0L, 0L, 1L, 0L, NA, NA, 0L, 0L, \",\"0L, 0L, 0L, NA, 7L, 15L, 31L, 40L, 47L, 21L, 9L, NA, NA, 5L, \",\"12L, NA, 12L, NA, 7L, 7L, 2L, NA, NA)\"]},{\"type\":\"double\",\"attributes\":{},\"value\":[0]},{\"type\":\"double\",\"attributes\":{},\"value\":[0]},{\"type\":\"integer\",\"attributes\":{},\"value\":[283]},{\"type\":\"list\",\"attributes\":{\"names\":{\"type\":\"character\",\"attributes\":{},\"value\":[\"phi\",\"theta\",\"Delta\",\"Z\",\"a\",\"P\",\"T\",\"V\",\"h\",\"Pn\"]}},\"value\":[{\"type\":\"double\",\"attributes\":{},\"value\":[]},{\"type\":\"double\",\"attributes\":{},\"value\":[]},{\"type\":\"double\",\"attributes\":{},\"value\":[1]},{\"type\":\"double\",\"attributes\":{},\"value\":[1,1]},{\"type\":\"double\",\"attributes\":{},\"value\":[0,2]},{\"type\":\"double\",\"attributes\":{\"dim\":{\"type\":\"integer\",\"attributes\":{},\"value\":[2,2]}},\"value\":[1,0,0,1]},{\"type\":\"double\",\"attributes\":{\"dim\":{\"type\":\"integer\",\"attributes\":{},\"value\":[2,2]}},\"value\":[0,1,0,1]},{\"type\":\"double\",\"attributes\":{\"dim\":{\"type\":\"integer\",\"attributes\":{},\"value\":[2,2]}},\"value\":[1,0,0,0]},{\"type\":\"double\",\"attributes\":{},\"value\":[0]},{\"type\":\"double\",\"attributes\":{\"dim\":{\"type\":\"integer\",\"attributes\":{},\"value\":[2,2]}},\"value\":[1,0,0,1]}]},{\"type\":\"double\",\"attributes\":{},\"value\":[1884.17641178]},{\"type\":\"double\",\"attributes\":{},\"value\":[1887.8076238]},{\"type\":\"integer\",\"attributes\":{\"tsp\":{\"type\":\"double\",\"attributes\":{},\"value\":[1,365,1]},\"class\":{\"type\":\"character\",\"attributes\":{},\"value\":[\"ts\"]}},\"value\":[2,6,7,6,7,1,6,5,5,12,4,13,7,4,8,20,25,3,3,1,0,2,0,8,16,\"NA\",39,33,33,9,7,9,5,\"NA\",6,5,6,6,2,3,\"NA\",1,0,0,1,0,0,0,3,2,6,\"NA\",7,1,2,1,\"NA\",\"NA\",0,0,0,3,3,0,\"NA\",\"NA\",2,1,0,\"NA\",0,1,\"NA\",5,0,\"NA\",\"NA\",1,0,0,\"NA\",\"NA\",0,0,0,2,\"NA\",\"NA\",9,2,0,2,2,2,\"NA\",0,0,2,0,1,9,5,8,6,3,2,2,3,5,3,1,1,1,0,0,\"NA\",0,\"NA\",\"NA\",0,0,0,\"NA\",0,1,\"NA\",\"NA\",0,\"NA\",1,1,1,1,0,2,3,1,3,2,1,0,0,\"NA\",0,\"NA\",0,0,0,2,\"NA\",3,14,13,3,12,6,\"NA\",1,9,41,52,37,31,31,22,20,7,1,0,0,0,0,1,0,2,6,7,1,1,0,0,0,0,0,0,0,0,0,0,0,0,\"NA\",0,\"NA\",0,\"NA\",0,\"NA\",0,0,0,0,0,\"NA\",0,0,0,0,0,\"NA\",\"NA\",1,3,0,1,\"NA\",0,0,1,0,0,0,0,1,0,2,0,0,\"NA\",0,\"NA\",0,\"NA\",0,\"NA\",1,4,6,9,3,5,2,3,0,0,0,7,\"NA\",17,32,64,81,32,20,9,3,1,12,17,\"NA\",\"NA\",33,23,\"NA\",4,2,0,0,0,0,0,\"NA\",\"NA\",11,10,10,1,1,0,\"NA\",0,0,1,1,\"NA\",\"NA\",\"NA\",0,0,0,0,0,0,0,0,0,\"NA\",\"NA\",\"NA\",3,4,0,0,0,0,0,0,0,2,3,2,\"NA\",\"NA\",\"NA\",\"NA\",\"NA\",\"NA\",\"NA\",\"NA\",\"NA\",\"NA\",\"NA\",\"NA\",\"NA\",\"NA\",\"NA\",\"NA\",0,\"NA\",\"NA\",\"NA\",0,0,0,0,0,1,0,\"NA\",\"NA\",0,0,0,0,0,\"NA\",7,15,31,40,47,21,9,\"NA\",\"NA\",5,12,\"NA\",12,\"NA\",7,7,2,\"NA\",\"NA\"]},{\"type\":\"double\",\"attributes\":{\"tsp\":{\"type\":\"double\",\"attributes\":{},\"value\":[1,365,1]},\"class\":{\"type\":\"character\",\"attributes\":{},\"value\":[\"ts\"]}},\"value\":[1.998,2,6,7,6,7,1,6,5,5,12,4,13,7,4,8,20,25,3,3,1,0,2,0,8,\"NA\",22.73654403,39,33,33,9,7,9,\"NA\",5.29289322,6,5,6,6,2,\"NA\",2.41421356,1,0,0,1,0,0,0,3,2,\"NA\",6.29289322,7,1,2,\"NA\",\"NA\",0.57735027,5.55111512e-17,0,0,3,3,\"NA\",\"NA\",0.84529946,2,1,\"NA\",0,0,\"NA\",2.17157288,5,\"NA\",\"NA\",0.42264973,1,0,\"NA\",\"NA\",0,0,0,0,\"NA\",\"NA\",4.95854812,9,2,0,2,2,\"NA\",1.41421356,0,0,2,0,1,9,5,8,6,3,2,2,3,5,3,1,1,1,0,\"NA\",0,\"NA\",\"NA\",0,0,0,\"NA\",0,0,\"NA\",\"NA\",0.57735027,\"NA\",0.29289322,1,1,1,1,0,2,3,1,3,2,1,0,\"NA\",0,\"NA\",0,0,0,0,\"NA\",2.29289322,3,14,13,3,12,\"NA\",4.53553391,1,9,41,52,37,31,31,22,20,7,1,0,0,0,0,1,0,2,6,7,1,1,0,0,0,0,0,0,0,0,0,0,0,\"NA\",0,\"NA\",0,\"NA\",0,\"NA\",0,0,0,0,0,\"NA\",0,0,0,0,0,\"NA\",\"NA\",0.42264973,1,3,0,\"NA\",0.70710678,0,0,1,0,0,0,0,1,0,2,0,\"NA\",0,\"NA\",0,\"NA\",0,\"NA\",0.29289322,1,4,6,9,3,5,2,3,0,0,0,\"NA\",9.92893219,17,32,64,81,32,20,9,3,1,12,\"NA\",\"NA\",23.76239569,33,\"NA\",17.43502884,4,2,0,0,0,0,\"NA\",\"NA\",4.64914704,11,10,10,1,1,\"NA\",0,0,0,1,\"NA\",\"NA\",\"NA\",0.5,0,0,0,0,0,0,0,0,\"NA\",\"NA\",\"NA\",1.5,3,4,0,0,0,0,0,0,0,2,3,\"NA\",\"NA\",\"NA\",\"NA\",\"NA\",\"NA\",\"NA\",\"NA\",\"NA\",\"NA\",\"NA\",\"NA\",\"NA\",\"NA\",\"NA\",\"NA\",0.48507125,\"NA\",\"NA\",\"NA\",1.38777878e-17,0,0,0,0,0,1,\"NA\",\"NA\",0,0,0,0,0,\"NA\",2.05025253,7,15,31,40,47,21,\"NA\",\"NA\",7.30940108,5,\"NA\",12,\"NA\",10.53553391,7,7,\"NA\",\"NA\"]}]},{\"type\":\"double\",\"attributes\":{},\"value\":[95]},{\"type\":\"double\",\"attributes\":{\"tsp\":{\"type\":\"double\",\"attributes\":{},\"value\":[366,378,1]},\"class\":{\"type\":\"character\",\"attributes\":{},\"value\":[\"ts\"]}},\"value\":[2,2,2,2,2,2,2,2,2,2,2,2,2]},{\"type\":\"double\",\"attributes\":{\"dim\":{\"type\":\"integer\",\"attributes\":{},\"value\":[13,1]},\"dimnames\":{\"type\":\"list\",\"attributes\":{},\"value\":[{\"type\":\"NULL\"},{\"type\":\"character\",\"attributes\":{},\"value\":[\"95%\"]}]},\"tsp\":{\"type\":\"double\",\"attributes\":{},\"value\":[366,378,1]},\"class\":{\"type\":\"character\",\"attributes\":{},\"value\":[\"ts\"]}},\"value\":[-19.24844401,-22.53558974,-25.43162326,-28.0498377,-30.45753436,-32.69856377,-34.8033846,-36.79417365,-38.68767258,-40.49688802,-42.23216343,-43.90188529,-45.51296522]},{\"type\":\"double\",\"attributes\":{\"dim\":{\"type\":\"integer\",\"attributes\":{},\"value\":[13,1]},\"dimnames\":{\"type\":\"list\",\"attributes\":{},\"value\":[{\"type\":\"NULL\"},{\"type\":\"character\",\"attributes\":{},\"value\":[\"95%\"]}]},\"tsp\":{\"type\":\"double\",\"attributes\":{},\"value\":[366,378,1]},\"class\":{\"type\":\"character\",\"attributes\":{},\"value\":[\"ts\"]}},\"value\":[23.24844401,26.53558974,29.43162326,32.0498377,34.45753436,36.69856377,38.8033846,40.79417365,42.68767258,44.49688802,46.23216343,47.90188529,49.51296522]},{\"type\":\"integer\",\"attributes\":{\"tsp\":{\"type\":\"double\",\"attributes\":{},\"value\":[1,365,1]},\"class\":{\"type\":\"character\",\"attributes\":{},\"value\":[\"ts\"]}},\"value\":[2,6,7,6,7,1,6,5,5,12,4,13,7,4,8,20,25,3,3,1,0,2,0,8,16,\"NA\",39,33,33,9,7,9,5,\"NA\",6,5,6,6,2,3,\"NA\",1,0,0,1,0,0,0,3,2,6,\"NA\",7,1,2,1,\"NA\",\"NA\",0,0,0,3,3,0,\"NA\",\"NA\",2,1,0,\"NA\",0,1,\"NA\",5,0,\"NA\",\"NA\",1,0,0,\"NA\",\"NA\",0,0,0,2,\"NA\",\"NA\",9,2,0,2,2,2,\"NA\",0,0,2,0,1,9,5,8,6,3,2,2,3,5,3,1,1,1,0,0,\"NA\",0,\"NA\",\"NA\",0,0,0,\"NA\",0,1,\"NA\",\"NA\",0,\"NA\",1,1,1,1,0,2,3,1,3,2,1,0,0,\"NA\",0,\"NA\",0,0,0,2,\"NA\",3,14,13,3,12,6,\"NA\",1,9,41,52,37,31,31,22,20,7,1,0,0,0,0,1,0,2,6,7,1,1,0,0,0,0,0,0,0,0,0,0,0,0,\"NA\",0,\"NA\",0,\"NA\",0,\"NA\",0,0,0,0,0,\"NA\",0,0,0,0,0,\"NA\",\"NA\",1,3,0,1,\"NA\",0,0,1,0,0,0,0,1,0,2,0,0,\"NA\",0,\"NA\",0,\"NA\",0,\"NA\",1,4,6,9,3,5,2,3,0,0,0,7,\"NA\",17,32,64,81,32,20,9,3,1,12,17,\"NA\",\"NA\",33,23,\"NA\",4,2,0,0,0,0,0,\"NA\",\"NA\",11,10,10,1,1,0,\"NA\",0,0,1,1,\"NA\",\"NA\",\"NA\",0,0,0,0,0,0,0,0,0,\"NA\",\"NA\",\"NA\",3,4,0,0,0,0,0,0,0,2,3,2,\"NA\",\"NA\",\"NA\",\"NA\",\"NA\",\"NA\",\"NA\",\"NA\",\"NA\",\"NA\",\"NA\",\"NA\",\"NA\",\"NA\",\"NA\",\"NA\",0,\"NA\",\"NA\",\"NA\",0,0,0,0,0,1,0,\"NA\",\"NA\",0,0,0,0,0,\"NA\",7,15,31,40,47,21,9,\"NA\",\"NA\",5,12,\"NA\",12,\"NA\",7,7,2,\"NA\",\"NA\"]},{\"type\":\"character\",\"attributes\":{},\"value\":[\"c(2L, 6L, 7L, 6L, 7L, 1L, 6L, 5L, 5L, 12L, 4L, 13L, 7L, 4L, 8L, \",\"20L, 25L, 3L, 3L, 1L, 0L, 2L, 0L, 8L, 16L, NA, 39L, 33L, 33L, \",\"9L, 7L, 9L, 5L, NA, 6L, 5L, 6L, 6L, 2L, 3L, NA, 1L, 0L, 0L, 1L, \",\"0L, 0L, 0L, 3L, 2L, 6L, NA, 7L, 1L, 2L, 1L, NA, NA, 0L, 0L, 0L, \",\"3L, 3L, 0L, NA, NA, 2L, 1L, 0L, NA, 0L, 1L, NA, 5L, 0L, NA, NA, \",\"1L, 0L, 0L, NA, NA, 0L, 0L, 0L, 2L, NA, NA, 9L, 2L, 0L, 2L, 2L, \",\"2L, NA, 0L, 0L, 2L, 0L, 1L, 9L, 5L, 8L, 6L, 3L, 2L, 2L, 3L, 5L, \",\"3L, 1L, 1L, 1L, 0L, 0L, NA, 0L, NA, NA, 0L, 0L, 0L, NA, 0L, 1L, \",\"NA, NA, 0L, NA, 1L, 1L, 1L, 1L, 0L, 2L, 3L, 1L, 3L, 2L, 1L, 0L, \",\"0L, NA, 0L, NA, 0L, 0L, 0L, 2L, NA, 3L, 14L, 13L, 3L, 12L, 6L, \",\"NA, 1L, 9L, 41L, 52L, 37L, 31L, 31L, 22L, 20L, 7L, 1L, 0L, 0L, \",\"0L, 0L, 1L, 0L, 2L, 6L, 7L, 1L, 1L, 0L, 0L, 0L, 0L, 0L, 0L, 0L, \",\"0L, 0L, 0L, 0L, 0L, NA, 0L, NA, 0L, NA, 0L, NA, 0L, 0L, 0L, 0L, \",\"0L, NA, 0L, 0L, 0L, 0L, 0L, NA, NA, 1L, 3L, 0L, 1L, NA, 0L, 0L, \",\"1L, 0L, 0L, 0L, 0L, 1L, 0L, 2L, 0L, 0L, NA, 0L, NA, 0L, NA, 0L, \",\"NA, 1L, 4L, 6L, 9L, 3L, 5L, 2L, 3L, 0L, 0L, 0L, 7L, NA, 17L, \",\"32L, 64L, 81L, 32L, 20L, 9L, 3L, 1L, 12L, 17L, NA, NA, 33L, 23L, \",\"NA, 4L, 2L, 0L, 0L, 0L, 0L, 0L, NA, NA, 11L, 10L, 10L, 1L, 1L, \",\"0L, NA, 0L, 0L, 1L, 1L, NA, NA, NA, 0L, 0L, 0L, 0L, 0L, 0L, 0L, \",\"0L, 0L, NA, NA, NA, 3L, 4L, 0L, 0L, 0L, 0L, 0L, 0L, 0L, 2L, 3L, \",\"2L, NA, NA, NA, NA, NA, NA, NA, NA, NA, NA, NA, NA, NA, NA, NA, \",\"NA, 0L, NA, NA, NA, 0L, 0L, 0L, 0L, 0L, 1L, 0L, NA, NA, 0L, 0L, \",\"0L, 0L, 0L, NA, 7L, 15L, 31L, 40L, 47L, 21L, 9L, NA, NA, 5L, \",\"12L, NA, 12L, NA, 7L, 7L, 2L, NA, NA)\"]},{\"type\":\"double\",\"attributes\":{\"tsp\":{\"type\":\"double\",\"attributes\":{},\"value\":[1,365,1]},\"class\":{\"type\":\"character\",\"attributes\":{},\"value\":[\"ts\"]}},\"value\":[1.998,2,6,7,6,7,1,6,5,5,12,4,13,7,4,8,20,25,3,3,1,0,2,0,8,\"NA\",22.73654403,39,33,33,9,7,9,\"NA\",5.29289322,6,5,6,6,2,\"NA\",2.41421356,1,0,0,1,0,0,0,3,2,\"NA\",6.29289322,7,1,2,\"NA\",\"NA\",0.57735027,5.55111512e-17,0,0,3,3,\"NA\",\"NA\",0.84529946,2,1,\"NA\",0,0,\"NA\",2.17157288,5,\"NA\",\"NA\",0.42264973,1,0,\"NA\",\"NA\",0,0,0,0,\"NA\",\"NA\",4.95854812,9,2,0,2,2,\"NA\",1.41421356,0,0,2,0,1,9,5,8,6,3,2,2,3,5,3,1,1,1,0,\"NA\",0,\"NA\",\"NA\",0,0,0,\"NA\",0,0,\"NA\",\"NA\",0.57735027,\"NA\",0.29289322,1,1,1,1,0,2,3,1,3,2,1,0,\"NA\",0,\"NA\",0,0,0,0,\"NA\",2.29289322,3,14,13,3,12,\"NA\",4.53553391,1,9,41,52,37,31,31,22,20,7,1,0,0,0,0,1,0,2,6,7,1,1,0,0,0,0,0,0,0,0,0,0,0,\"NA\",0,\"NA\",0,\"NA\",0,\"NA\",0,0,0,0,0,\"NA\",0,0,0,0,0,\"NA\",\"NA\",0.42264973,1,3,0,\"NA\",0.70710678,0,0,1,0,0,0,0,1,0,2,0,\"NA\",0,\"NA\",0,\"NA\",0,\"NA\",0.29289322,1,4,6,9,3,5,2,3,0,0,0,\"NA\",9.92893219,17,32,64,81,32,20,9,3,1,12,\"NA\",\"NA\",23.76239569,33,\"NA\",17.43502884,4,2,0,0,0,0,\"NA\",\"NA\",4.64914704,11,10,10,1,1,\"NA\",0,0,0,1,\"NA\",\"NA\",\"NA\",0.5,0,0,0,0,0,0,0,0,\"NA\",\"NA\",\"NA\",1.5,3,4,0,0,0,0,0,0,0,2,3,\"NA\",\"NA\",\"NA\",\"NA\",\"NA\",\"NA\",\"NA\",\"NA\",\"NA\",\"NA\",\"NA\",\"NA\",\"NA\",\"NA\",\"NA\",\"NA\",0.48507125,\"NA\",\"NA\",\"NA\",1.38777878e-17,0,0,0,0,0,1,\"NA\",\"NA\",0,0,0,0,0,\"NA\",2.05025253,7,15,31,40,47,21,\"NA\",\"NA\",7.30940108,5,\"NA\",12,\"NA\",10.53553391,7,7,\"NA\",\"NA\"]},{\"type\":\"double\",\"attributes\":{\"tsp\":{\"type\":\"double\",\"attributes\":{},\"value\":[1,365,1]},\"class\":{\"type\":\"character\",\"attributes\":{},\"value\":[\"ts\"]}},\"value\":[0.002,4,1,-1,1,-6,5,-1,0,7,-8,9,-6,-3,4,12,5,-22,0,-2,-1,2,-2,8,8,\"NA\",16.26345597,-6,0,-24,-2,2,-4,\"NA\",0.70710678,-1,1,0,-4,1,\"NA\",-1.41421356,-1,0,1,-1,0,0,3,-1,4,\"NA\",0.70710678,-6,1,-1,\"NA\",\"NA\",-0.57735027,-5.55111512e-17,0,3,0,-3,\"NA\",\"NA\",1.15470054,-1,-1,\"NA\",0,1,\"NA\",2.82842712,-5,\"NA\",\"NA\",0.57735027,-1,0,\"NA\",\"NA\",0,0,0,2,\"NA\",\"NA\",4.04145188,-7,-2,2,0,0,\"NA\",-1.41421356,0,2,-2,1,8,-4,3,-2,-3,-1,0,1,2,-2,-2,0,0,-1,0,\"NA\",0,\"NA\",\"NA\",0,0,0,\"NA\",0,1,\"NA\",\"NA\",-0.57735027,\"NA\",0.70710678,-2.22044605e-16,0,0,-1,2,1,-2,2,-1,-1,-1,0,\"NA\",0,\"NA\",0,0,0,2,\"NA\",0.70710678,11,-1,-10,9,-6,\"NA\",-3.53553391,8,32,11,-15,-6,0,-9,-2,-13,-6,-1,0,0,0,1,-1,2,4,1,-6,0,-1,0,0,0,0,0,0,0,0,0,0,0,\"NA\",0,\"NA\",0,\"NA\",0,\"NA\",0,0,0,0,0,\"NA\",0,0,0,0,0,\"NA\",\"NA\",0.57735027,2,-3,1,\"NA\",-0.70710678,0,1,-1,0,0,0,1,-1,2,-2,0,\"NA\",0,\"NA\",0,\"NA\",0,\"NA\",0.70710678,3,2,3,-6,2,-3,1,-3,0,0,7,\"NA\",7.07106781,15,32,17,-49,-12,-11,-6,-2,11,5,\"NA\",\"NA\",9.23760431,-10,\"NA\",-13.43502884,-2,-2,0,0,0,0,\"NA\",\"NA\",6.35085296,-1,0,-9,0,-1,\"NA\",0,0,1,0,\"NA\",\"NA\",\"NA\",-0.5,0,0,0,0,0,0,0,0,\"NA\",\"NA\",\"NA\",1.5,1,-4,0,0,0,0,0,0,2,1,-1,\"NA\",\"NA\",\"NA\",\"NA\",\"NA\",\"NA\",\"NA\",\"NA\",\"NA\",\"NA\",\"NA\",\"NA\",\"NA\",\"NA\",\"NA\",\"NA\",-0.48507125,\"NA\",\"NA\",\"NA\",-1.38777878e-17,0,0,0,0,1,-1,\"NA\",\"NA\",0,0,0,0,0,\"NA\",4.94974747,8,16,9,7,-26,-12,\"NA\",\"NA\",-2.30940108,7,\"NA\",0,\"NA\",-3.53553391,0,-5,\"NA\",\"NA\"]}]}"]
