"currency","model","dataset","species","estimate","lower_pi","upper_pi","confidence_level","old_cast_id","forecast_id","origin","newmoonnumber","forecast_date","forecast_month","forecast_year","forecast_group","historic_start_newmoonnumber","historic_end_newmoonnumber","forecast_start_newmoonnumber","forecast_end_newmoonnumber","lead_time_newmoons","max_lag","lag_buffer"
"abundance","jags_RW","controls","SF",0.009,0,0.027,0.95,2138,"2138.17",,552,2022-02-17,1,2022,82,217,552,552,564,0,,
"abundance","jags_RW","controls","SF",0.014,0,0.042,0.95,2138,"2138.17",,553,2022-02-17,3,2022,82,217,552,552,564,1,,
"abundance","jags_RW","controls","SF",0.019,0,0.062,0.95,2138,"2138.17",,554,2022-02-17,4,2022,82,217,552,552,564,2,,
"abundance","jags_RW","controls","SF",0.028,0,0.082,0.95,2138,"2138.17",,555,2022-02-17,4,2022,82,217,552,552,564,3,,
"abundance","jags_RW","controls","SF",0.042,0,0.1,0.95,2138,"2138.17",,556,2022-02-17,5,2022,82,217,552,552,564,4,,
"abundance","jags_RW","controls","SF",0.058,0,0.126,0.95,2138,"2138.17",,557,2022-02-17,6,2022,82,217,552,552,564,5,,
"abundance","jags_RW","controls","SF",0.082,0,0.15,0.95,2138,"2138.17",,558,2022-02-17,7,2022,82,217,552,552,564,6,,
"abundance","jags_RW","controls","SF",0.099,0,0.172,0.95,2138,"2138.17",,559,2022-02-17,8,2022,82,217,552,552,564,7,,
"abundance","jags_RW","controls","SF",0.124,0,0.201,0.95,2138,"2138.17",,560,2022-02-17,9,2022,82,217,552,552,564,8,,
"abundance","jags_RW","controls","SF",0.144,0,0.228,0.95,2138,"2138.17",,561,2022-02-17,10,2022,82,217,552,552,564,9,,
"abundance","jags_RW","controls","SF",0.16,0,0.279,0.95,2138,"2138.17",,562,2022-02-17,11,2022,82,217,552,552,564,10,,
"abundance","jags_RW","controls","SF",0.189,0,0.322,0.95,2138,"2138.17",,563,2022-02-17,12,2022,82,217,552,552,564,11,,
"abundance","jags_RW","controls","SF",0.233,0,0.351,0.95,2138,"2138.17",,564,2022-02-17,1,2023,82,217,552,552,564,12,,
