["{\"type\":\"list\",\"attributes\":{\"names\":{\"type\":\"character\",\"attributes\":{},\"value\":[\"method\",\"model\",\"level\",\"mean\",\"lower\",\"upper\",\"x\",\"series\",\"fitted\",\"residuals\"]},\"class\":{\"type\":\"character\",\"attributes\":{},\"value\":[\"forecast\"]}},\"value\":[{\"type\":\"character\",\"attributes\":{},\"value\":[\"ARIMA(0,1,0)\"]},{\"type\":\"list\",\"attributes\":{\"names\":{\"type\":\"character\",\"attributes\":{},\"value\":[\"coef\",\"sigma2\",\"var.coef\",\"mask\",\"loglik\",\"aic\",\"arma\",\"residuals\",\"call\",\"series\",\"code\",\"n.cond\",\"nobs\",\"model\",\"aicc\",\"bic\",\"x\",\"fitted\"]},\"class\":{\"type\":\"character\",\"attributes\":{},\"value\":[\"forecast_ARIMA\",\"ARIMA\",\"Arima\"]}},\"value\":[{\"type\":\"double\",\"attributes\":{},\"value\":[]},{\"type\":\"double\",\"attributes\":{},\"value\":[2016.22478567]},{\"type\":\"double\",\"attributes\":{},\"value\":[]},{\"type\":\"logical\",\"attributes\":{},\"value\":[]},{\"type\":\"double\",\"attributes\":{},\"value\":[-1498.71550467]},{\"type\":\"double\",\"attributes\":{},\"value\":[2999.43100935]},{\"type\":\"integer\",\"attributes\":{},\"value\":[0,0,0,0,1,1,0]},{\"type\":\"double\",\"attributes\":{\"tsp\":{\"type\":\"double\",\"attributes\":{},\"value\":[1,364,1]},\"class\":{\"type\":\"character\",\"attributes\":{},\"value\":[\"ts\"]}},\"value\":[0.03999998,11,1,6,-4,3,8,35,17,44,-5,-38,-27,32,27,-6,81,-101,24,-47,4,42,-17,-12,10,\"NA\",74.24621202,21,13,-16,29,25,-85,\"NA\",-27.57716447,-13,-10,-39,7,-6,\"NA\",-8.48528137,44,-11,11,6,-3,-21,-11,-24,31,\"NA\",-4.94974747,12,-8,-10,\"NA\",\"NA\",-50.80682369,45,38,-14,20,14,\"NA\",\"NA\",3.46410162,31,18,\"NA\",-10.60660172,-42,\"NA\",-15.55634919,-18,\"NA\",\"NA\",-9.23760431,18,15,\"NA\",\"NA\",64.66323015,-8,-4,-15,\"NA\",\"NA\",-13.27905619,-16,38,46,-13,29,\"NA\",-120.2081528,127,4,-21,-39,80,31,23,43,-17,-8,-7,-54,-56,-51,-11,-16,-7,-12,-8,\"NA\",19.09188309,\"NA\",\"NA\",10.39230485,-8,26,\"NA\",-26.1629509,-11,\"NA\",\"NA\",5.19615242,\"NA\",24.74873734,29,58,18,-4,-30,-84,8,-2,-4,5,29,3,\"NA\",51.61879503,\"NA\",-101.11626971,89,91,9,\"NA\",-21.92031022,94,-29,81,118,33,\"NA\",-38.18376618,-78,36,-134,-68,-4,3,32,49,-19,-20,-163,0,13,-31,-11,-23,3,8,23,43,13,0,-37,-41,-37,-18,-8,-4,-4,8,2,10,5,\"NA\",9.19238816,\"NA\",48.08326112,\"NA\",-48.08326112,\"NA\",-16.26345597,-11,11,50,16,\"NA\",20.50609665,35,-19,36,7,\"NA\",\"NA\",-65.24058042,19,29,55,\"NA\",76.36753237,89,-46,-71,-43,-87,-12,-38,9,44,48,7,\"NA\",21.92031022,\"NA\",-19.09188309,\"NA\",-21.21320344,\"NA\",-48.7903679,39,25,59,9,20,56,-96,95,-68,-50,-22,\"NA\",7.77817459,102,70,53,-84,82,-6,9,-109,2,-59,\"NA\",\"NA\",-45.61067127,5,\"NA\",23.33452378,-45,0,6,-13,-41,-13,\"NA\",\"NA\",20.20725942,6,36,6,28,-24,\"NA\",38.89087297,63,-98,-51,\"NA\",\"NA\",\"NA\",-23,23,14,-3,-3,-37,1,-22,-29,\"NA\",\"NA\",\"NA\",10,15,-17,12,3,17,3,28,-47,-9,-17,16,\"NA\",\"NA\",\"NA\",\"NA\",\"NA\",\"NA\",\"NA\",\"NA\",\"NA\",\"NA\",\"NA\",\"NA\",\"NA\",\"NA\",\"NA\",\"NA\",21.343135,\"NA\",\"NA\",\"NA\",0.5,15,15,-44,-29,38,137,\"NA\",\"NA\",90.06664199,-34,-49,-27,-73,\"NA\",-68.58935778,-24,94,61,177,-57,59,\"NA\",\"NA\",-62.35382907,-99,\"NA\",-79.19595949,\"NA\",-30.40559159,-17,9,\"NA\"]},{\"type\":\"language\",\"attributes\":{},\"value\":[\"Arima(y = c(40L, 51L, 52L, 58L, 54L, 57L, 65L, 100L, 117L, 161L, \",\"156L, 118L, 91L, 123L, 150L, 144L, 225L, 124L, 148L, 101L, 105L, \",\"147L, 130L, 118L, 128L, NA, 233L, 254L, 267L, 251L, 280L, 305L, \",\"220L, NA, 181L, 168L, 158L, 119L, 126L, 120L, NA, 108L, 152L, \",\"141L, 152L, 158L, 155L, 134L, 123L, 99L, 130L, NA, 123L, 135L, \",\"127L, 117L, NA, NA, 29L, 74L, 112L, 98L, 118L, 132L, NA, NA, \",\"138L, 169L, 187L, NA, 172L, 130L, NA, 108L, 90L, NA, NA, 74L, \",\"92L, 107L, NA, NA, 219L, 211L, 207L, 192L, NA, NA, 169L, 153L, \",\"191L, 237L, 224L, 253L, NA, 83L, 210L, 214L, 193L, 154L, 234L, \",\"265L, 288L, 331L, 314L, 306L, 299L, 245L, 189L, 138L, 127L, 111L, \",\"104L, 92L, 84L, NA, 111L, NA, NA, 129L, 121L, 147L, NA, 110L, \",\"99L, NA, NA, 108L, NA, 143L, 172L, 230L, 248L, 244L, 214L, 130L, \",\"138L, 136L, 132L, 137L, 166L, 169L, NA, 242L, NA, 99L, 188L, \",\"279L, 288L, NA, 257L, 351L, 322L, 403L, 521L, 554L, NA, 500L, \",\"422L, 458L, 324L, 256L, 252L, 255L, 287L, 336L, 317L, 297L, 134L, \",\"134L, 147L, 116L, 105L, 82L, 85L, 93L, 116L, 159L, 172L, 172L, \",\"135L, 94L, 57L, 39L, 31L, 27L, 23L, 31L, 33L, 43L, 48L, NA, 61L, \",\"NA, 129L, NA, 61L, NA, 38L, 27L, 38L, 88L, 104L, NA, 133L, 168L, \",\"149L, 185L, 192L, NA, NA, 79L, 98L, 127L, 182L, NA, 290L, 379L, \",\"333L, 262L, 219L, 132L, 120L, 82L, 91L, 135L, 183L, 190L, NA, \",\"221L, NA, 194L, NA, 164L, NA, 95L, 134L, 159L, 218L, 227L, 247L, \",\"303L, 207L, 302L, 234L, 184L, 162L, NA, 173L, 275L, 345L, 398L, \",\"314L, 396L, 390L, 399L, 290L, 292L, 233L, NA, NA, 154L, 159L, \",\"NA, 192L, 147L, 147L, 153L, 140L, 99L, 86L, NA, NA, 121L, 127L, \",\"163L, 169L, 197L, 173L, NA, 228L, 291L, 193L, 142L, NA, NA, NA, \",\"96L, 119L, 133L, 130L, 127L, 90L, 91L, 69L, 40L, NA, NA, NA, \",\"60L, 75L, 58L, 70L, 73L, 90L, 93L, 121L, 74L, 65L, 48L, 64L, \",\"NA, NA, NA, NA, NA, NA, NA, NA, NA, NA, NA, NA, NA, NA, NA, NA, \",\"152L, NA, NA, NA, 153L, 168L, 183L, 139L, 110L, 148L, 285L, NA, \",\"NA, 441L, 407L, 358L, 331L, 258L, NA, 161L, 137L, 231L, 292L, \",\"469L, 412L, 471L, NA, NA, 363L, 264L, NA, 152L, NA, 109L, 92L, \",\"101L, NA), order = c(0, 1, 0))\"]},{\"type\":\"character\",\"attributes\":{},\"value\":[\"c(40L, 51L, 52L, 58L, 54L, 57L, 65L, 100L, 117L, 161L, 156L, \",\"118L, 91L, 123L, 150L, 144L, 225L, 124L, 148L, 101L, 105L, 147L, \",\"130L, 118L, 128L, NA, 233L, 254L, 267L, 251L, 280L, 305L, 220L, \",\"NA, 181L, 168L, 158L, 119L, 126L, 120L, NA, 108L, 152L, 141L, \",\"152L, 158L, 155L, 134L, 123L, 99L, 130L, NA, 123L, 135L, 127L, \",\"117L, NA, NA, 29L, 74L, 112L, 98L, 118L, 132L, NA, NA, 138L, \",\"169L, 187L, NA, 172L, 130L, NA, 108L, 90L, NA, NA, 74L, 92L, \",\"107L, NA, NA, 219L, 211L, 207L, 192L, NA, NA, 169L, 153L, 191L, \",\"237L, 224L, 253L, NA, 83L, 210L, 214L, 193L, 154L, 234L, 265L, \",\"288L, 331L, 314L, 306L, 299L, 245L, 189L, 138L, 127L, 111L, 104L, \",\"92L, 84L, NA, 111L, NA, NA, 129L, 121L, 147L, NA, 110L, 99L, \",\"NA, NA, 108L, NA, 143L, 172L, 230L, 248L, 244L, 214L, 130L, 138L, \",\"136L, 132L, 137L, 166L, 169L, NA, 242L, NA, 99L, 188L, 279L, \",\"288L, NA, 257L, 351L, 322L, 403L, 521L, 554L, NA, 500L, 422L, \",\"458L, 324L, 256L, 252L, 255L, 287L, 336L, 317L, 297L, 134L, 134L, \",\"147L, 116L, 105L, 82L, 85L, 93L, 116L, 159L, 172L, 172L, 135L, \",\"94L, 57L, 39L, 31L, 27L, 23L, 31L, 33L, 43L, 48L, NA, 61L, NA, \",\"129L, NA, 61L, NA, 38L, 27L, 38L, 88L, 104L, NA, 133L, 168L, \",\"149L, 185L, 192L, NA, NA, 79L, 98L, 127L, 182L, NA, 290L, 379L, \",\"333L, 262L, 219L, 132L, 120L, 82L, 91L, 135L, 183L, 190L, NA, \",\"221L, NA, 194L, NA, 164L, NA, 95L, 134L, 159L, 218L, 227L, 247L, \",\"303L, 207L, 302L, 234L, 184L, 162L, NA, 173L, 275L, 345L, 398L, \",\"314L, 396L, 390L, 399L, 290L, 292L, 233L, NA, NA, 154L, 159L, \",\"NA, 192L, 147L, 147L, 153L, 140L, 99L, 86L, NA, NA, 121L, 127L, \",\"163L, 169L, 197L, 173L, NA, 228L, 291L, 193L, 142L, NA, NA, NA, \",\"96L, 119L, 133L, 130L, 127L, 90L, 91L, 69L, 40L, NA, NA, NA, \",\"60L, 75L, 58L, 70L, 73L, 90L, 93L, 121L, 74L, 65L, 48L, 64L, \",\"NA, NA, NA, NA, NA, NA, NA, NA, NA, NA, NA, NA, NA, NA, NA, NA, \",\"152L, NA, NA, NA, 153L, 168L, 183L, 139L, 110L, 148L, 285L, NA, \",\"NA, 441L, 407L, 358L, 331L, 258L, NA, 161L, 137L, 231L, 292L, \",\"469L, 412L, 471L, NA, NA, 363L, 264L, NA, 152L, NA, 109L, 92L, \",\"101L, NA)\"]},{\"type\":\"double\",\"attributes\":{},\"value\":[0]},{\"type\":\"double\",\"attributes\":{},\"value\":[0]},{\"type\":\"integer\",\"attributes\":{},\"value\":[283]},{\"type\":\"list\",\"attributes\":{\"names\":{\"type\":\"character\",\"attributes\":{},\"value\":[\"phi\",\"theta\",\"Delta\",\"Z\",\"a\",\"P\",\"T\",\"V\",\"h\",\"Pn\"]}},\"value\":[{\"type\":\"double\",\"attributes\":{},\"value\":[]},{\"type\":\"double\",\"attributes\":{},\"value\":[]},{\"type\":\"double\",\"attributes\":{},\"value\":[1]},{\"type\":\"double\",\"attributes\":{},\"value\":[1,1]},{\"type\":\"double\",\"attributes\":{},\"value\":[0,101]},{\"type\":\"double\",\"attributes\":{\"dim\":{\"type\":\"integer\",\"attributes\":{},\"value\":[2,2]}},\"value\":[1,0,0,0]},{\"type\":\"double\",\"attributes\":{\"dim\":{\"type\":\"integer\",\"attributes\":{},\"value\":[2,2]}},\"value\":[0,1,0,1]},{\"type\":\"double\",\"attributes\":{\"dim\":{\"type\":\"integer\",\"attributes\":{},\"value\":[2,2]}},\"value\":[1,0,0,0]},{\"type\":\"double\",\"attributes\":{},\"value\":[0]},{\"type\":\"double\",\"attributes\":{\"dim\":{\"type\":\"integer\",\"attributes\":{},\"value\":[2,2]}},\"value\":[1,0,0,0]}]},{\"type\":\"double\",\"attributes\":{},\"value\":[2999.44524422]},{\"type\":\"double\",\"attributes\":{},\"value\":[3003.07645624]},{\"type\":\"integer\",\"attributes\":{\"tsp\":{\"type\":\"double\",\"attributes\":{},\"value\":[1,364,1]},\"class\":{\"type\":\"character\",\"attributes\":{},\"value\":[\"ts\"]}},\"value\":[40,51,52,58,54,57,65,100,117,161,156,118,91,123,150,144,225,124,148,101,105,147,130,118,128,\"NA\",233,254,267,251,280,305,220,\"NA\",181,168,158,119,126,120,\"NA\",108,152,141,152,158,155,134,123,99,130,\"NA\",123,135,127,117,\"NA\",\"NA\",29,74,112,98,118,132,\"NA\",\"NA\",138,169,187,\"NA\",172,130,\"NA\",108,90,\"NA\",\"NA\",74,92,107,\"NA\",\"NA\",219,211,207,192,\"NA\",\"NA\",169,153,191,237,224,253,\"NA\",83,210,214,193,154,234,265,288,331,314,306,299,245,189,138,127,111,104,92,84,\"NA\",111,\"NA\",\"NA\",129,121,147,\"NA\",110,99,\"NA\",\"NA\",108,\"NA\",143,172,230,248,244,214,130,138,136,132,137,166,169,\"NA\",242,\"NA\",99,188,279,288,\"NA\",257,351,322,403,521,554,\"NA\",500,422,458,324,256,252,255,287,336,317,297,134,134,147,116,105,82,85,93,116,159,172,172,135,94,57,39,31,27,23,31,33,43,48,\"NA\",61,\"NA\",129,\"NA\",61,\"NA\",38,27,38,88,104,\"NA\",133,168,149,185,192,\"NA\",\"NA\",79,98,127,182,\"NA\",290,379,333,262,219,132,120,82,91,135,183,190,\"NA\",221,\"NA\",194,\"NA\",164,\"NA\",95,134,159,218,227,247,303,207,302,234,184,162,\"NA\",173,275,345,398,314,396,390,399,290,292,233,\"NA\",\"NA\",154,159,\"NA\",192,147,147,153,140,99,86,\"NA\",\"NA\",121,127,163,169,197,173,\"NA\",228,291,193,142,\"NA\",\"NA\",\"NA\",96,119,133,130,127,90,91,69,40,\"NA\",\"NA\",\"NA\",60,75,58,70,73,90,93,121,74,65,48,64,\"NA\",\"NA\",\"NA\",\"NA\",\"NA\",\"NA\",\"NA\",\"NA\",\"NA\",\"NA\",\"NA\",\"NA\",\"NA\",\"NA\",\"NA\",\"NA\",152,\"NA\",\"NA\",\"NA\",153,168,183,139,110,148,285,\"NA\",\"NA\",441,407,358,331,258,\"NA\",161,137,231,292,469,412,471,\"NA\",\"NA\",363,264,\"NA\",152,\"NA\",109,92,101,\"NA\"]},{\"type\":\"double\",\"attributes\":{\"tsp\":{\"type\":\"double\",\"attributes\":{},\"value\":[1,364,1]},\"class\":{\"type\":\"character\",\"attributes\":{},\"value\":[\"ts\"]}},\"value\":[39.96000002,40,51,52,58,54,57,65,100,117,161,156,118,91,123,150,144,225,124,148,101,105,147,130,118,\"NA\",158.75378798,233,254,267,251,280,305,\"NA\",208.57716447,181,168,158,119,126,\"NA\",116.48528137,108,152,141,152,158,155,134,123,99,\"NA\",127.94974747,123,135,127,\"NA\",\"NA\",79.80682369,29,74,112,98,118,\"NA\",\"NA\",134.53589838,138,169,\"NA\",182.60660172,172,\"NA\",123.55634919,108,\"NA\",\"NA\",83.23760431,74,92,\"NA\",\"NA\",154.33676985,219,211,207,\"NA\",\"NA\",182.27905619,169,153,191,237,224,\"NA\",203.2081528,83,210,214,193,154,234,265,288,331,314,306,299,245,189,138,127,111,104,92,\"NA\",91.90811691,\"NA\",\"NA\",118.60769515,129,121,\"NA\",136.1629509,110,\"NA\",\"NA\",102.80384758,\"NA\",118.25126266,143,172,230,248,244,214,130,138,136,132,137,166,\"NA\",190.38120497,\"NA\",200.11626971,99,188,279,\"NA\",278.92031022,257,351,322,403,521,\"NA\",538.18376618,500,422,458,324,256,252,255,287,336,317,297,134,134,147,116,105,82,85,93,116,159,172,172,135,94,57,39,31,27,23,31,33,43,\"NA\",51.80761184,\"NA\",80.91673888,\"NA\",109.08326112,\"NA\",54.26345597,38,27,38,88,\"NA\",112.49390335,133,168,149,185,\"NA\",\"NA\",144.24058042,79,98,127,\"NA\",213.63246763,290,379,333,262,219,132,120,82,91,135,183,\"NA\",199.07968978,\"NA\",213.09188309,\"NA\",185.21320344,\"NA\",143.7903679,95,134,159,218,227,247,303,207,302,234,184,\"NA\",165.22182541,173,275,345,398,314,396,390,399,290,292,\"NA\",\"NA\",199.61067127,154,\"NA\",168.66547622,192,147,147,153,140,99,\"NA\",\"NA\",100.79274058,121,127,163,169,197,\"NA\",189.10912703,228,291,193,\"NA\",\"NA\",\"NA\",119,96,119,133,130,127,90,91,69,\"NA\",\"NA\",\"NA\",50,60,75,58,70,73,90,93,121,74,65,48,\"NA\",\"NA\",\"NA\",\"NA\",\"NA\",\"NA\",\"NA\",\"NA\",\"NA\",\"NA\",\"NA\",\"NA\",\"NA\",\"NA\",\"NA\",\"NA\",130.656865,\"NA\",\"NA\",\"NA\",152.5,153,168,183,139,110,148,\"NA\",\"NA\",350.93335801,441,407,358,331,\"NA\",229.58935778,161,137,231,292,469,412,\"NA\",\"NA\",425.35382907,363,\"NA\",231.19595949,\"NA\",139.40559159,109,92,\"NA\"]}]},{\"type\":\"double\",\"attributes\":{},\"value\":[95]},{\"type\":\"double\",\"attributes\":{\"tsp\":{\"type\":\"double\",\"attributes\":{},\"value\":[365,377,1]},\"class\":{\"type\":\"character\",\"attributes\":{},\"value\":[\"ts\"]}},\"value\":[101,101,101,101,101,101,101,101,101,101,101,101,101]},{\"type\":\"double\",\"attributes\":{\"dim\":{\"type\":\"integer\",\"attributes\":{},\"value\":[13,1]},\"dimnames\":{\"type\":\"list\",\"attributes\":{},\"value\":[{\"type\":\"NULL\"},{\"type\":\"character\",\"attributes\":{},\"value\":[\"95%\"]}]},\"tsp\":{\"type\":\"double\",\"attributes\":{},\"value\":[365,377,1]},\"class\":{\"type\":\"character\",\"attributes\":{},\"value\":[\"ts\"]}},\"value\":[-23.46079292,-51.43271782,-75.01414133,-95.78979251,-114.57241689,-131.8448226,-147.92158584,-163.021212,-177.30279351,-190.8864323,-203.86543564,-216.31400589,-228.29230605]},{\"type\":\"double\",\"attributes\":{\"dim\":{\"type\":\"integer\",\"attributes\":{},\"value\":[13,1]},\"dimnames\":{\"type\":\"list\",\"attributes\":{},\"value\":[{\"type\":\"NULL\"},{\"type\":\"character\",\"attributes\":{},\"value\":[\"95%\"]}]},\"tsp\":{\"type\":\"double\",\"attributes\":{},\"value\":[365,377,1]},\"class\":{\"type\":\"character\",\"attributes\":{},\"value\":[\"ts\"]}},\"value\":[225.46079292,253.43271782,277.01414133,297.78979251,316.57241689,333.8448226,349.92158584,365.021212,379.30279351,392.8864323,405.86543564,418.31400589,430.29230605]},{\"type\":\"integer\",\"attributes\":{\"tsp\":{\"type\":\"double\",\"attributes\":{},\"value\":[1,364,1]},\"class\":{\"type\":\"character\",\"attributes\":{},\"value\":[\"ts\"]}},\"value\":[40,51,52,58,54,57,65,100,117,161,156,118,91,123,150,144,225,124,148,101,105,147,130,118,128,\"NA\",233,254,267,251,280,305,220,\"NA\",181,168,158,119,126,120,\"NA\",108,152,141,152,158,155,134,123,99,130,\"NA\",123,135,127,117,\"NA\",\"NA\",29,74,112,98,118,132,\"NA\",\"NA\",138,169,187,\"NA\",172,130,\"NA\",108,90,\"NA\",\"NA\",74,92,107,\"NA\",\"NA\",219,211,207,192,\"NA\",\"NA\",169,153,191,237,224,253,\"NA\",83,210,214,193,154,234,265,288,331,314,306,299,245,189,138,127,111,104,92,84,\"NA\",111,\"NA\",\"NA\",129,121,147,\"NA\",110,99,\"NA\",\"NA\",108,\"NA\",143,172,230,248,244,214,130,138,136,132,137,166,169,\"NA\",242,\"NA\",99,188,279,288,\"NA\",257,351,322,403,521,554,\"NA\",500,422,458,324,256,252,255,287,336,317,297,134,134,147,116,105,82,85,93,116,159,172,172,135,94,57,39,31,27,23,31,33,43,48,\"NA\",61,\"NA\",129,\"NA\",61,\"NA\",38,27,38,88,104,\"NA\",133,168,149,185,192,\"NA\",\"NA\",79,98,127,182,\"NA\",290,379,333,262,219,132,120,82,91,135,183,190,\"NA\",221,\"NA\",194,\"NA\",164,\"NA\",95,134,159,218,227,247,303,207,302,234,184,162,\"NA\",173,275,345,398,314,396,390,399,290,292,233,\"NA\",\"NA\",154,159,\"NA\",192,147,147,153,140,99,86,\"NA\",\"NA\",121,127,163,169,197,173,\"NA\",228,291,193,142,\"NA\",\"NA\",\"NA\",96,119,133,130,127,90,91,69,40,\"NA\",\"NA\",\"NA\",60,75,58,70,73,90,93,121,74,65,48,64,\"NA\",\"NA\",\"NA\",\"NA\",\"NA\",\"NA\",\"NA\",\"NA\",\"NA\",\"NA\",\"NA\",\"NA\",\"NA\",\"NA\",\"NA\",\"NA\",152,\"NA\",\"NA\",\"NA\",153,168,183,139,110,148,285,\"NA\",\"NA\",441,407,358,331,258,\"NA\",161,137,231,292,469,412,471,\"NA\",\"NA\",363,264,\"NA\",152,\"NA\",109,92,101,\"NA\"]},{\"type\":\"character\",\"attributes\":{},\"value\":[\"c(40L, 51L, 52L, 58L, 54L, 57L, 65L, 100L, 117L, 161L, 156L, \",\"118L, 91L, 123L, 150L, 144L, 225L, 124L, 148L, 101L, 105L, 147L, \",\"130L, 118L, 128L, NA, 233L, 254L, 267L, 251L, 280L, 305L, 220L, \",\"NA, 181L, 168L, 158L, 119L, 126L, 120L, NA, 108L, 152L, 141L, \",\"152L, 158L, 155L, 134L, 123L, 99L, 130L, NA, 123L, 135L, 127L, \",\"117L, NA, NA, 29L, 74L, 112L, 98L, 118L, 132L, NA, NA, 138L, \",\"169L, 187L, NA, 172L, 130L, NA, 108L, 90L, NA, NA, 74L, 92L, \",\"107L, NA, NA, 219L, 211L, 207L, 192L, NA, NA, 169L, 153L, 191L, \",\"237L, 224L, 253L, NA, 83L, 210L, 214L, 193L, 154L, 234L, 265L, \",\"288L, 331L, 314L, 306L, 299L, 245L, 189L, 138L, 127L, 111L, 104L, \",\"92L, 84L, NA, 111L, NA, NA, 129L, 121L, 147L, NA, 110L, 99L, \",\"NA, NA, 108L, NA, 143L, 172L, 230L, 248L, 244L, 214L, 130L, 138L, \",\"136L, 132L, 137L, 166L, 169L, NA, 242L, NA, 99L, 188L, 279L, \",\"288L, NA, 257L, 351L, 322L, 403L, 521L, 554L, NA, 500L, 422L, \",\"458L, 324L, 256L, 252L, 255L, 287L, 336L, 317L, 297L, 134L, 134L, \",\"147L, 116L, 105L, 82L, 85L, 93L, 116L, 159L, 172L, 172L, 135L, \",\"94L, 57L, 39L, 31L, 27L, 23L, 31L, 33L, 43L, 48L, NA, 61L, NA, \",\"129L, NA, 61L, NA, 38L, 27L, 38L, 88L, 104L, NA, 133L, 168L, \",\"149L, 185L, 192L, NA, NA, 79L, 98L, 127L, 182L, NA, 290L, 379L, \",\"333L, 262L, 219L, 132L, 120L, 82L, 91L, 135L, 183L, 190L, NA, \",\"221L, NA, 194L, NA, 164L, NA, 95L, 134L, 159L, 218L, 227L, 247L, \",\"303L, 207L, 302L, 234L, 184L, 162L, NA, 173L, 275L, 345L, 398L, \",\"314L, 396L, 390L, 399L, 290L, 292L, 233L, NA, NA, 154L, 159L, \",\"NA, 192L, 147L, 147L, 153L, 140L, 99L, 86L, NA, NA, 121L, 127L, \",\"163L, 169L, 197L, 173L, NA, 228L, 291L, 193L, 142L, NA, NA, NA, \",\"96L, 119L, 133L, 130L, 127L, 90L, 91L, 69L, 40L, NA, NA, NA, \",\"60L, 75L, 58L, 70L, 73L, 90L, 93L, 121L, 74L, 65L, 48L, 64L, \",\"NA, NA, NA, NA, NA, NA, NA, NA, NA, NA, NA, NA, NA, NA, NA, NA, \",\"152L, NA, NA, NA, 153L, 168L, 183L, 139L, 110L, 148L, 285L, NA, \",\"NA, 441L, 407L, 358L, 331L, 258L, NA, 161L, 137L, 231L, 292L, \",\"469L, 412L, 471L, NA, NA, 363L, 264L, NA, 152L, NA, 109L, 92L, \",\"101L, NA)\"]},{\"type\":\"double\",\"attributes\":{\"tsp\":{\"type\":\"double\",\"attributes\":{},\"value\":[1,364,1]},\"class\":{\"type\":\"character\",\"attributes\":{},\"value\":[\"ts\"]}},\"value\":[39.96000002,40,51,52,58,54,57,65,100,117,161,156,118,91,123,150,144,225,124,148,101,105,147,130,118,\"NA\",158.75378798,233,254,267,251,280,305,\"NA\",208.57716447,181,168,158,119,126,\"NA\",116.48528137,108,152,141,152,158,155,134,123,99,\"NA\",127.94974747,123,135,127,\"NA\",\"NA\",79.80682369,29,74,112,98,118,\"NA\",\"NA\",134.53589838,138,169,\"NA\",182.60660172,172,\"NA\",123.55634919,108,\"NA\",\"NA\",83.23760431,74,92,\"NA\",\"NA\",154.33676985,219,211,207,\"NA\",\"NA\",182.27905619,169,153,191,237,224,\"NA\",203.2081528,83,210,214,193,154,234,265,288,331,314,306,299,245,189,138,127,111,104,92,\"NA\",91.90811691,\"NA\",\"NA\",118.60769515,129,121,\"NA\",136.1629509,110,\"NA\",\"NA\",102.80384758,\"NA\",118.25126266,143,172,230,248,244,214,130,138,136,132,137,166,\"NA\",190.38120497,\"NA\",200.11626971,99,188,279,\"NA\",278.92031022,257,351,322,403,521,\"NA\",538.18376618,500,422,458,324,256,252,255,287,336,317,297,134,134,147,116,105,82,85,93,116,159,172,172,135,94,57,39,31,27,23,31,33,43,\"NA\",51.80761184,\"NA\",80.91673888,\"NA\",109.08326112,\"NA\",54.26345597,38,27,38,88,\"NA\",112.49390335,133,168,149,185,\"NA\",\"NA\",144.24058042,79,98,127,\"NA\",213.63246763,290,379,333,262,219,132,120,82,91,135,183,\"NA\",199.07968978,\"NA\",213.09188309,\"NA\",185.21320344,\"NA\",143.7903679,95,134,159,218,227,247,303,207,302,234,184,\"NA\",165.22182541,173,275,345,398,314,396,390,399,290,292,\"NA\",\"NA\",199.61067127,154,\"NA\",168.66547622,192,147,147,153,140,99,\"NA\",\"NA\",100.79274058,121,127,163,169,197,\"NA\",189.10912703,228,291,193,\"NA\",\"NA\",\"NA\",119,96,119,133,130,127,90,91,69,\"NA\",\"NA\",\"NA\",50,60,75,58,70,73,90,93,121,74,65,48,\"NA\",\"NA\",\"NA\",\"NA\",\"NA\",\"NA\",\"NA\",\"NA\",\"NA\",\"NA\",\"NA\",\"NA\",\"NA\",\"NA\",\"NA\",\"NA\",130.656865,\"NA\",\"NA\",\"NA\",152.5,153,168,183,139,110,148,\"NA\",\"NA\",350.93335801,441,407,358,331,\"NA\",229.58935778,161,137,231,292,469,412,\"NA\",\"NA\",425.35382907,363,\"NA\",231.19595949,\"NA\",139.40559159,109,92,\"NA\"]},{\"type\":\"double\",\"attributes\":{\"tsp\":{\"type\":\"double\",\"attributes\":{},\"value\":[1,364,1]},\"class\":{\"type\":\"character\",\"attributes\":{},\"value\":[\"ts\"]}},\"value\":[0.03999998,11,1,6,-4,3,8,35,17,44,-5,-38,-27,32,27,-6,81,-101,24,-47,4,42,-17,-12,10,\"NA\",74.24621202,21,13,-16,29,25,-85,\"NA\",-27.57716447,-13,-10,-39,7,-6,\"NA\",-8.48528137,44,-11,11,6,-3,-21,-11,-24,31,\"NA\",-4.94974747,12,-8,-10,\"NA\",\"NA\",-50.80682369,45,38,-14,20,14,\"NA\",\"NA\",3.46410162,31,18,\"NA\",-10.60660172,-42,\"NA\",-15.55634919,-18,\"NA\",\"NA\",-9.23760431,18,15,\"NA\",\"NA\",64.66323015,-8,-4,-15,\"NA\",\"NA\",-13.27905619,-16,38,46,-13,29,\"NA\",-120.2081528,127,4,-21,-39,80,31,23,43,-17,-8,-7,-54,-56,-51,-11,-16,-7,-12,-8,\"NA\",19.09188309,\"NA\",\"NA\",10.39230485,-8,26,\"NA\",-26.1629509,-11,\"NA\",\"NA\",5.19615242,\"NA\",24.74873734,29,58,18,-4,-30,-84,8,-2,-4,5,29,3,\"NA\",51.61879503,\"NA\",-101.11626971,89,91,9,\"NA\",-21.92031022,94,-29,81,118,33,\"NA\",-38.18376618,-78,36,-134,-68,-4,3,32,49,-19,-20,-163,0,13,-31,-11,-23,3,8,23,43,13,0,-37,-41,-37,-18,-8,-4,-4,8,2,10,5,\"NA\",9.19238816,\"NA\",48.08326112,\"NA\",-48.08326112,\"NA\",-16.26345597,-11,11,50,16,\"NA\",20.50609665,35,-19,36,7,\"NA\",\"NA\",-65.24058042,19,29,55,\"NA\",76.36753237,89,-46,-71,-43,-87,-12,-38,9,44,48,7,\"NA\",21.92031022,\"NA\",-19.09188309,\"NA\",-21.21320344,\"NA\",-48.7903679,39,25,59,9,20,56,-96,95,-68,-50,-22,\"NA\",7.77817459,102,70,53,-84,82,-6,9,-109,2,-59,\"NA\",\"NA\",-45.61067127,5,\"NA\",23.33452378,-45,0,6,-13,-41,-13,\"NA\",\"NA\",20.20725942,6,36,6,28,-24,\"NA\",38.89087297,63,-98,-51,\"NA\",\"NA\",\"NA\",-23,23,14,-3,-3,-37,1,-22,-29,\"NA\",\"NA\",\"NA\",10,15,-17,12,3,17,3,28,-47,-9,-17,16,\"NA\",\"NA\",\"NA\",\"NA\",\"NA\",\"NA\",\"NA\",\"NA\",\"NA\",\"NA\",\"NA\",\"NA\",\"NA\",\"NA\",\"NA\",\"NA\",21.343135,\"NA\",\"NA\",\"NA\",0.5,15,15,-44,-29,38,137,\"NA\",\"NA\",90.06664199,-34,-49,-27,-73,\"NA\",-68.58935778,-24,94,61,177,-57,59,\"NA\",\"NA\",-62.35382907,-99,\"NA\",-79.19595949,\"NA\",-30.40559159,-17,9,\"NA\"]}]}"]
