["{\"type\":\"list\",\"attributes\":{\"names\":{\"type\":\"character\",\"attributes\":{},\"value\":[\"pred\",\"interval\",\"level\",\"global\",\"type\",\"method\",\"B\",\"estim\",\"B_estim\",\"warning_messages\",\"median\",\"mean\",\"lower\",\"upper\"]},\"class\":{\"type\":\"character\",\"attributes\":{},\"value\":[\"forecast\"]}},\"value\":[{\"type\":\"double\",\"attributes\":{},\"value\":[0.61074276,0.82161188,0.88728732,0.90707718,0.91302143,0.91444132,0.91475682,0.91480901,0.91478226,0.91477899,0.91479621,0.91469184,0.91466753]},{\"type\":\"double\",\"attributes\":{\"dim\":{\"type\":\"integer\",\"attributes\":{},\"value\":[13,2]},\"dimnames\":{\"type\":\"list\",\"attributes\":{},\"value\":[{\"type\":\"NULL\"},{\"type\":\"character\",\"attributes\":{},\"value\":[\"lower\",\"upper\"]}]}},\"value\":[0,0,0,0,0,0,0,0,0,0,0,0,0,3,4,5,5,6,5,6,5,6,6,6,5,5]},{\"type\":\"double\",\"attributes\":{},\"value\":[0.95]},{\"type\":\"logical\",\"attributes\":{},\"value\":[false]},{\"type\":\"character\",\"attributes\":{},\"value\":[\"quantiles\"]},{\"type\":\"character\",\"attributes\":{},\"value\":[\"bootstrap\"]},{\"type\":\"double\",\"attributes\":{},\"value\":[1000]},{\"type\":\"character\",\"attributes\":{},\"value\":[\"ignore\"]},{\"type\":\"double\",\"attributes\":{},\"value\":[0]},{\"type\":\"character\",\"attributes\":{},\"value\":[]},{\"type\":\"double\",\"attributes\":{},\"value\":[0,0,0,0,0,0,0,0,0,0,0,0,0]},{\"type\":\"double\",\"attributes\":{\"tsp\":{\"type\":\"double\",\"attributes\":{},\"value\":[1,13,1]},\"class\":{\"type\":\"character\",\"attributes\":{},\"value\":[\"ts\"]}},\"value\":[0.61074276,0.82161188,0.88728732,0.90707718,0.91302143,0.91444132,0.91475682,0.91480901,0.91478226,0.91477899,0.91479621,0.91469184,0.91466753]},{\"type\":\"double\",\"attributes\":{\"dim\":{\"type\":\"integer\",\"attributes\":{},\"value\":[13,1]},\"dimnames\":{\"type\":\"list\",\"attributes\":{},\"value\":[{\"type\":\"NULL\"},{\"type\":\"character\",\"attributes\":{},\"value\":[\"lower\"]}]},\"tsp\":{\"type\":\"double\",\"attributes\":{},\"value\":[1,13,1]},\"class\":{\"type\":\"character\",\"attributes\":{},\"value\":[\"ts\"]}},\"value\":[0,0,0,0,0,0,0,0,0,0,0,0,0]},{\"type\":\"double\",\"attributes\":{\"dim\":{\"type\":\"integer\",\"attributes\":{},\"value\":[13,1]},\"dimnames\":{\"type\":\"list\",\"attributes\":{},\"value\":[{\"type\":\"NULL\"},{\"type\":\"character\",\"attributes\":{},\"value\":[\"upper\"]}]},\"tsp\":{\"type\":\"double\",\"attributes\":{},\"value\":[1,13,1]},\"class\":{\"type\":\"character\",\"attributes\":{},\"value\":[\"ts\"]}},\"value\":[3,4,5,5,6,5,6,5,6,6,6,5,5]}]}"]
