["{\"type\":\"list\",\"attributes\":{\"names\":{\"type\":\"character\",\"attributes\":{},\"value\":[\"method\",\"model\",\"level\",\"mean\",\"lower\",\"upper\",\"x\",\"series\",\"fitted\",\"residuals\"]},\"class\":{\"type\":\"character\",\"attributes\":{},\"value\":[\"forecast\"]}},\"value\":[{\"type\":\"character\",\"attributes\":{},\"value\":[\"ARIMA(0,1,0)\"]},{\"type\":\"list\",\"attributes\":{\"names\":{\"type\":\"character\",\"attributes\":{},\"value\":[\"coef\",\"sigma2\",\"var.coef\",\"mask\",\"loglik\",\"aic\",\"arma\",\"residuals\",\"call\",\"series\",\"code\",\"n.cond\",\"nobs\",\"model\",\"aicc\",\"bic\",\"x\",\"fitted\"]},\"class\":{\"type\":\"character\",\"attributes\":{},\"value\":[\"forecast_ARIMA\",\"ARIMA\",\"Arima\"]}},\"value\":[{\"type\":\"double\",\"attributes\":{},\"value\":[]},{\"type\":\"double\",\"attributes\":{},\"value\":[2.98254002]},{\"type\":\"double\",\"attributes\":{},\"value\":[]},{\"type\":\"logical\",\"attributes\":{},\"value\":[]},{\"type\":\"double\",\"attributes\":{},\"value\":[-576.67223818]},{\"type\":\"double\",\"attributes\":{},\"value\":[1155.34447636]},{\"type\":\"integer\",\"attributes\":{},\"value\":[0,0,0,0,1,1,0]},{\"type\":\"double\",\"attributes\":{\"tsp\":{\"type\":\"double\",\"attributes\":{},\"value\":[1,365,1]},\"class\":{\"type\":\"character\",\"attributes\":{},\"value\":[\"ts\"]}},\"value\":[0.001,0,0,0,-1,1,-1,0,0,2,-2,3,1,-3,1,2,0,-3,0,-1,0,0,0,3,1,\"NA\",4.94974747,-7,2,-4,-1,1,-2,\"NA\",0,0,1,-1,0,1,\"NA\",-0.70710678,0,0,1,-1,0,0,0,0,3,\"NA\",-2.12132034,1,1,-2,\"NA\",\"NA\",0,0,0,0,0,0,\"NA\",\"NA\",0,0,0,\"NA\",0,0,\"NA\",0,0,\"NA\",\"NA\",0,0,0,\"NA\",\"NA\",0,0,0,0,\"NA\",\"NA\",1.73205081,-2,-1,0,0,0,\"NA\",0,0,0,0,0,1,0,-1,2,-2,0,1,-1,0,0,0,0,0,0,0,\"NA\",0,\"NA\",\"NA\",0,0,0,\"NA\",0,0,\"NA\",\"NA\",0,\"NA\",0,0,0,0,0,0,0,0,1,-1,0,0,0,\"NA\",0,\"NA\",0,0,0,0,\"NA\",0.70710678,6,-6,-1,1,-1,\"NA\",0,2,11,-2,-2,-3,6,-6,-4,-2,0,0,0,0,0,0,0,0,1,1,-2,0,0,0,0,0,0,0,0,0,0,0,0,0,\"NA\",0,\"NA\",0,\"NA\",0,\"NA\",0,0,0,0,0,\"NA\",0,0,0,0,0,\"NA\",\"NA\",0,0,0,1,\"NA\",-0.70710678,0,1,-1,0,0,0,1,-1,0,0,0,\"NA\",0,\"NA\",0,\"NA\",0,\"NA\",0,0,2,-1,0,0,-1,0,0,0,0,0,\"NA\",0.70710678,6,7,0,-7,-5,0,-2,0,5,0,\"NA\",\"NA\",0.57735027,1,\"NA\",-4.24264069,0,-1,0,0,0,0,\"NA\",\"NA\",1.15470054,-1,1,-2,0,0,\"NA\",0,0,0,0,\"NA\",\"NA\",\"NA\",0,0,0,0,0,0,0,0,0,\"NA\",\"NA\",\"NA\",0,0,0,0,0,0,0,0,0,1,0,0,\"NA\",\"NA\",\"NA\",\"NA\",\"NA\",\"NA\",\"NA\",\"NA\",\"NA\",\"NA\",\"NA\",\"NA\",\"NA\",\"NA\",\"NA\",\"NA\",-0.24253563,\"NA\",\"NA\",\"NA\",-6.9388939e-18,0,0,0,0,0,0,\"NA\",\"NA\",0,0,0,0,0,\"NA\",2.82842712,-2,1,3,2,-7,0,\"NA\",\"NA\",0.57735027,-1,\"NA\",2.12132034,\"NA\",-2.12132034,2,-3,\"NA\",\"NA\"]},{\"type\":\"language\",\"attributes\":{},\"value\":[\"Arima(y = c(1L, 1L, 1L, 1L, 0L, 1L, 0L, 0L, 0L, 2L, 0L, 3L, 4L, \",\"1L, 2L, 4L, 4L, 1L, 1L, 0L, 0L, 0L, 0L, 3L, 4L, NA, 11L, 4L, \",\"6L, 2L, 1L, 2L, 0L, NA, 0L, 0L, 1L, 0L, 0L, 1L, NA, 0L, 0L, 0L, \",\"1L, 0L, 0L, 0L, 0L, 0L, 3L, NA, 0L, 1L, 2L, 0L, NA, NA, 0L, 0L, \",\"0L, 0L, 0L, 0L, NA, NA, 0L, 0L, 0L, NA, 0L, 0L, NA, 0L, 0L, NA, \",\"NA, 0L, 0L, 0L, NA, NA, 0L, 0L, 0L, 0L, NA, NA, 3L, 1L, 0L, 0L, \",\"0L, 0L, NA, 0L, 0L, 0L, 0L, 0L, 1L, 1L, 0L, 2L, 0L, 0L, 1L, 0L, \",\"0L, 0L, 0L, 0L, 0L, 0L, 0L, NA, 0L, NA, NA, 0L, 0L, 0L, NA, 0L, \",\"0L, NA, NA, 0L, NA, 0L, 0L, 0L, 0L, 0L, 0L, 0L, 0L, 1L, 0L, 0L, \",\"0L, 0L, NA, 0L, NA, 0L, 0L, 0L, 0L, NA, 1L, 7L, 1L, 0L, 1L, 0L, \",\"NA, 0L, 2L, 13L, 11L, 9L, 6L, 12L, 6L, 2L, 0L, 0L, 0L, 0L, 0L, \",\"0L, 0L, 0L, 0L, 1L, 2L, 0L, 0L, 0L, 0L, 0L, 0L, 0L, 0L, 0L, 0L, \",\"0L, 0L, 0L, 0L, NA, 0L, NA, 0L, NA, 0L, NA, 0L, 0L, 0L, 0L, 0L, \",\"NA, 0L, 0L, 0L, 0L, 0L, NA, NA, 0L, 0L, 0L, 1L, NA, 0L, 0L, 1L, \",\"0L, 0L, 0L, 0L, 1L, 0L, 0L, 0L, 0L, NA, 0L, NA, 0L, NA, 0L, NA, \",\"0L, 0L, 2L, 1L, 1L, 1L, 0L, 0L, 0L, 0L, 0L, 0L, NA, 1L, 7L, 14L, \",\"14L, 7L, 2L, 2L, 0L, 0L, 5L, 5L, NA, NA, 6L, 7L, NA, 1L, 1L, \",\"0L, 0L, 0L, 0L, 0L, NA, NA, 2L, 1L, 2L, 0L, 0L, 0L, NA, 0L, 0L, \",\"0L, 0L, NA, NA, NA, 0L, 0L, 0L, 0L, 0L, 0L, 0L, 0L, 0L, NA, NA, \",\"NA, 0L, 0L, 0L, 0L, 0L, 0L, 0L, 0L, 0L, 1L, 1L, 1L, NA, NA, NA, \",\"NA, NA, NA, NA, NA, NA, NA, NA, NA, NA, NA, NA, NA, 0L, NA, NA, \",\"NA, 0L, 0L, 0L, 0L, 0L, 0L, 0L, NA, NA, 0L, 0L, 0L, 0L, 0L, NA, \",\"4L, 2L, 3L, 6L, 8L, 1L, 1L, NA, NA, 2L, 1L, NA, 4L, NA, 1L, 3L, \",\"0L, NA, NA), order = c(0, 1, 0))\"]},{\"type\":\"character\",\"attributes\":{},\"value\":[\"c(1L, 1L, 1L, 1L, 0L, 1L, 0L, 0L, 0L, 2L, 0L, 3L, 4L, 1L, 2L, \",\"4L, 4L, 1L, 1L, 0L, 0L, 0L, 0L, 3L, 4L, NA, 11L, 4L, 6L, 2L, \",\"1L, 2L, 0L, NA, 0L, 0L, 1L, 0L, 0L, 1L, NA, 0L, 0L, 0L, 1L, 0L, \",\"0L, 0L, 0L, 0L, 3L, NA, 0L, 1L, 2L, 0L, NA, NA, 0L, 0L, 0L, 0L, \",\"0L, 0L, NA, NA, 0L, 0L, 0L, NA, 0L, 0L, NA, 0L, 0L, NA, NA, 0L, \",\"0L, 0L, NA, NA, 0L, 0L, 0L, 0L, NA, NA, 3L, 1L, 0L, 0L, 0L, 0L, \",\"NA, 0L, 0L, 0L, 0L, 0L, 1L, 1L, 0L, 2L, 0L, 0L, 1L, 0L, 0L, 0L, \",\"0L, 0L, 0L, 0L, 0L, NA, 0L, NA, NA, 0L, 0L, 0L, NA, 0L, 0L, NA, \",\"NA, 0L, NA, 0L, 0L, 0L, 0L, 0L, 0L, 0L, 0L, 1L, 0L, 0L, 0L, 0L, \",\"NA, 0L, NA, 0L, 0L, 0L, 0L, NA, 1L, 7L, 1L, 0L, 1L, 0L, NA, 0L, \",\"2L, 13L, 11L, 9L, 6L, 12L, 6L, 2L, 0L, 0L, 0L, 0L, 0L, 0L, 0L, \",\"0L, 0L, 1L, 2L, 0L, 0L, 0L, 0L, 0L, 0L, 0L, 0L, 0L, 0L, 0L, 0L, \",\"0L, 0L, NA, 0L, NA, 0L, NA, 0L, NA, 0L, 0L, 0L, 0L, 0L, NA, 0L, \",\"0L, 0L, 0L, 0L, NA, NA, 0L, 0L, 0L, 1L, NA, 0L, 0L, 1L, 0L, 0L, \",\"0L, 0L, 1L, 0L, 0L, 0L, 0L, NA, 0L, NA, 0L, NA, 0L, NA, 0L, 0L, \",\"2L, 1L, 1L, 1L, 0L, 0L, 0L, 0L, 0L, 0L, NA, 1L, 7L, 14L, 14L, \",\"7L, 2L, 2L, 0L, 0L, 5L, 5L, NA, NA, 6L, 7L, NA, 1L, 1L, 0L, 0L, \",\"0L, 0L, 0L, NA, NA, 2L, 1L, 2L, 0L, 0L, 0L, NA, 0L, 0L, 0L, 0L, \",\"NA, NA, NA, 0L, 0L, 0L, 0L, 0L, 0L, 0L, 0L, 0L, NA, NA, NA, 0L, \",\"0L, 0L, 0L, 0L, 0L, 0L, 0L, 0L, 1L, 1L, 1L, NA, NA, NA, NA, NA, \",\"NA, NA, NA, NA, NA, NA, NA, NA, NA, NA, NA, 0L, NA, NA, NA, 0L, \",\"0L, 0L, 0L, 0L, 0L, 0L, NA, NA, 0L, 0L, 0L, 0L, 0L, NA, 4L, 2L, \",\"3L, 6L, 8L, 1L, 1L, NA, NA, 2L, 1L, NA, 4L, NA, 1L, 3L, 0L, NA, \",\"NA)\"]},{\"type\":\"double\",\"attributes\":{},\"value\":[0]},{\"type\":\"double\",\"attributes\":{},\"value\":[0]},{\"type\":\"integer\",\"attributes\":{},\"value\":[283]},{\"type\":\"list\",\"attributes\":{\"names\":{\"type\":\"character\",\"attributes\":{},\"value\":[\"phi\",\"theta\",\"Delta\",\"Z\",\"a\",\"P\",\"T\",\"V\",\"h\",\"Pn\"]}},\"value\":[{\"type\":\"double\",\"attributes\":{},\"value\":[]},{\"type\":\"double\",\"attributes\":{},\"value\":[]},{\"type\":\"double\",\"attributes\":{},\"value\":[1]},{\"type\":\"double\",\"attributes\":{},\"value\":[1,1]},{\"type\":\"double\",\"attributes\":{},\"value\":[0,0]},{\"type\":\"double\",\"attributes\":{\"dim\":{\"type\":\"integer\",\"attributes\":{},\"value\":[2,2]}},\"value\":[1,0,0,1]},{\"type\":\"double\",\"attributes\":{\"dim\":{\"type\":\"integer\",\"attributes\":{},\"value\":[2,2]}},\"value\":[0,1,0,1]},{\"type\":\"double\",\"attributes\":{\"dim\":{\"type\":\"integer\",\"attributes\":{},\"value\":[2,2]}},\"value\":[1,0,0,0]},{\"type\":\"double\",\"attributes\":{},\"value\":[0]},{\"type\":\"double\",\"attributes\":{\"dim\":{\"type\":\"integer\",\"attributes\":{},\"value\":[2,2]}},\"value\":[1,0,0,1]}]},{\"type\":\"double\",\"attributes\":{},\"value\":[1155.35871123]},{\"type\":\"double\",\"attributes\":{},\"value\":[1158.98992325]},{\"type\":\"integer\",\"attributes\":{\"tsp\":{\"type\":\"double\",\"attributes\":{},\"value\":[1,365,1]},\"class\":{\"type\":\"character\",\"attributes\":{},\"value\":[\"ts\"]}},\"value\":[1,1,1,1,0,1,0,0,0,2,0,3,4,1,2,4,4,1,1,0,0,0,0,3,4,\"NA\",11,4,6,2,1,2,0,\"NA\",0,0,1,0,0,1,\"NA\",0,0,0,1,0,0,0,0,0,3,\"NA\",0,1,2,0,\"NA\",\"NA\",0,0,0,0,0,0,\"NA\",\"NA\",0,0,0,\"NA\",0,0,\"NA\",0,0,\"NA\",\"NA\",0,0,0,\"NA\",\"NA\",0,0,0,0,\"NA\",\"NA\",3,1,0,0,0,0,\"NA\",0,0,0,0,0,1,1,0,2,0,0,1,0,0,0,0,0,0,0,0,\"NA\",0,\"NA\",\"NA\",0,0,0,\"NA\",0,0,\"NA\",\"NA\",0,\"NA\",0,0,0,0,0,0,0,0,1,0,0,0,0,\"NA\",0,\"NA\",0,0,0,0,\"NA\",1,7,1,0,1,0,\"NA\",0,2,13,11,9,6,12,6,2,0,0,0,0,0,0,0,0,0,1,2,0,0,0,0,0,0,0,0,0,0,0,0,0,0,\"NA\",0,\"NA\",0,\"NA\",0,\"NA\",0,0,0,0,0,\"NA\",0,0,0,0,0,\"NA\",\"NA\",0,0,0,1,\"NA\",0,0,1,0,0,0,0,1,0,0,0,0,\"NA\",0,\"NA\",0,\"NA\",0,\"NA\",0,0,2,1,1,1,0,0,0,0,0,0,\"NA\",1,7,14,14,7,2,2,0,0,5,5,\"NA\",\"NA\",6,7,\"NA\",1,1,0,0,0,0,0,\"NA\",\"NA\",2,1,2,0,0,0,\"NA\",0,0,0,0,\"NA\",\"NA\",\"NA\",0,0,0,0,0,0,0,0,0,\"NA\",\"NA\",\"NA\",0,0,0,0,0,0,0,0,0,1,1,1,\"NA\",\"NA\",\"NA\",\"NA\",\"NA\",\"NA\",\"NA\",\"NA\",\"NA\",\"NA\",\"NA\",\"NA\",\"NA\",\"NA\",\"NA\",\"NA\",0,\"NA\",\"NA\",\"NA\",0,0,0,0,0,0,0,\"NA\",\"NA\",0,0,0,0,0,\"NA\",4,2,3,6,8,1,1,\"NA\",\"NA\",2,1,\"NA\",4,\"NA\",1,3,0,\"NA\",\"NA\"]},{\"type\":\"double\",\"attributes\":{\"tsp\":{\"type\":\"double\",\"attributes\":{},\"value\":[1,365,1]},\"class\":{\"type\":\"character\",\"attributes\":{},\"value\":[\"ts\"]}},\"value\":[0.999,1,1,1,1,0,1,0,0,0,2,0,3,4,1,2,4,4,1,1,0,0,0,0,3,\"NA\",6.05025253,11,4,6,2,1,2,\"NA\",0,0,0,1,0,0,\"NA\",0.70710678,0,0,0,1,0,0,0,0,0,\"NA\",2.12132034,0,1,2,\"NA\",\"NA\",0,0,0,0,0,0,\"NA\",\"NA\",0,0,0,\"NA\",0,0,\"NA\",0,0,\"NA\",\"NA\",0,0,0,\"NA\",\"NA\",0,0,0,0,\"NA\",\"NA\",1.26794919,3,1,0,0,0,\"NA\",0,0,0,0,0,0,1,1,0,2,0,0,1,0,0,0,0,0,0,0,\"NA\",0,\"NA\",\"NA\",0,0,0,\"NA\",0,0,\"NA\",\"NA\",0,\"NA\",0,0,0,0,0,0,0,0,0,1,0,0,0,\"NA\",0,\"NA\",0,0,0,0,\"NA\",0.29289322,1,7,1,0,1,\"NA\",0,0,2,13,11,9,6,12,6,2,0,0,0,0,0,0,0,0,0,1,2,0,0,0,0,0,0,0,0,0,0,0,0,0,\"NA\",0,\"NA\",0,\"NA\",0,\"NA\",0,0,0,0,0,\"NA\",0,0,0,0,0,\"NA\",\"NA\",0,0,0,0,\"NA\",0.70710678,0,0,1,0,0,0,0,1,0,0,0,\"NA\",0,\"NA\",0,\"NA\",0,\"NA\",0,0,0,2,1,1,1,0,0,0,0,0,\"NA\",0.29289322,1,7,14,14,7,2,2,0,0,5,\"NA\",\"NA\",5.42264973,6,\"NA\",5.24264069,1,1,0,0,0,0,\"NA\",\"NA\",0.84529946,2,1,2,0,0,\"NA\",0,0,0,0,\"NA\",\"NA\",\"NA\",0,0,0,0,0,0,0,0,0,\"NA\",\"NA\",\"NA\",0,0,0,0,0,0,0,0,0,0,1,1,\"NA\",\"NA\",\"NA\",\"NA\",\"NA\",\"NA\",\"NA\",\"NA\",\"NA\",\"NA\",\"NA\",\"NA\",\"NA\",\"NA\",\"NA\",\"NA\",0.24253563,\"NA\",\"NA\",\"NA\",6.9388939e-18,0,0,0,0,0,0,\"NA\",\"NA\",0,0,0,0,0,\"NA\",1.17157288,4,2,3,6,8,1,\"NA\",\"NA\",1.42264973,2,\"NA\",1.87867966,\"NA\",3.12132034,1,3,\"NA\",\"NA\"]}]},{\"type\":\"double\",\"attributes\":{},\"value\":[95]},{\"type\":\"double\",\"attributes\":{\"tsp\":{\"type\":\"double\",\"attributes\":{},\"value\":[366,378,1]},\"class\":{\"type\":\"character\",\"attributes\":{},\"value\":[\"ts\"]}},\"value\":[0,0,0,0,0,0,0,0,0,0,0,0,0]},{\"type\":\"double\",\"attributes\":{\"dim\":{\"type\":\"integer\",\"attributes\":{},\"value\":[13,1]},\"dimnames\":{\"type\":\"list\",\"attributes\":{},\"value\":[{\"type\":\"NULL\"},{\"type\":\"character\",\"attributes\":{},\"value\":[\"95%\"]}]},\"tsp\":{\"type\":\"double\",\"attributes\":{},\"value\":[366,378,1]},\"class\":{\"type\":\"character\",\"attributes\":{},\"value\":[\"ts\"]}},\"value\":[-5.86275652,-6.7697281,-7.56878612,-8.29118978,-8.9555085,-9.5738413,-10.15459216,-10.70387998,-11.22632403,-11.72551303,-12.2043009,-12.66500158,-13.1095221]},{\"type\":\"double\",\"attributes\":{\"dim\":{\"type\":\"integer\",\"attributes\":{},\"value\":[13,1]},\"dimnames\":{\"type\":\"list\",\"attributes\":{},\"value\":[{\"type\":\"NULL\"},{\"type\":\"character\",\"attributes\":{},\"value\":[\"95%\"]}]},\"tsp\":{\"type\":\"double\",\"attributes\":{},\"value\":[366,378,1]},\"class\":{\"type\":\"character\",\"attributes\":{},\"value\":[\"ts\"]}},\"value\":[5.86275652,6.7697281,7.56878612,8.29118978,8.9555085,9.5738413,10.15459216,10.70387998,11.22632403,11.72551303,12.2043009,12.66500158,13.1095221]},{\"type\":\"integer\",\"attributes\":{\"tsp\":{\"type\":\"double\",\"attributes\":{},\"value\":[1,365,1]},\"class\":{\"type\":\"character\",\"attributes\":{},\"value\":[\"ts\"]}},\"value\":[1,1,1,1,0,1,0,0,0,2,0,3,4,1,2,4,4,1,1,0,0,0,0,3,4,\"NA\",11,4,6,2,1,2,0,\"NA\",0,0,1,0,0,1,\"NA\",0,0,0,1,0,0,0,0,0,3,\"NA\",0,1,2,0,\"NA\",\"NA\",0,0,0,0,0,0,\"NA\",\"NA\",0,0,0,\"NA\",0,0,\"NA\",0,0,\"NA\",\"NA\",0,0,0,\"NA\",\"NA\",0,0,0,0,\"NA\",\"NA\",3,1,0,0,0,0,\"NA\",0,0,0,0,0,1,1,0,2,0,0,1,0,0,0,0,0,0,0,0,\"NA\",0,\"NA\",\"NA\",0,0,0,\"NA\",0,0,\"NA\",\"NA\",0,\"NA\",0,0,0,0,0,0,0,0,1,0,0,0,0,\"NA\",0,\"NA\",0,0,0,0,\"NA\",1,7,1,0,1,0,\"NA\",0,2,13,11,9,6,12,6,2,0,0,0,0,0,0,0,0,0,1,2,0,0,0,0,0,0,0,0,0,0,0,0,0,0,\"NA\",0,\"NA\",0,\"NA\",0,\"NA\",0,0,0,0,0,\"NA\",0,0,0,0,0,\"NA\",\"NA\",0,0,0,1,\"NA\",0,0,1,0,0,0,0,1,0,0,0,0,\"NA\",0,\"NA\",0,\"NA\",0,\"NA\",0,0,2,1,1,1,0,0,0,0,0,0,\"NA\",1,7,14,14,7,2,2,0,0,5,5,\"NA\",\"NA\",6,7,\"NA\",1,1,0,0,0,0,0,\"NA\",\"NA\",2,1,2,0,0,0,\"NA\",0,0,0,0,\"NA\",\"NA\",\"NA\",0,0,0,0,0,0,0,0,0,\"NA\",\"NA\",\"NA\",0,0,0,0,0,0,0,0,0,1,1,1,\"NA\",\"NA\",\"NA\",\"NA\",\"NA\",\"NA\",\"NA\",\"NA\",\"NA\",\"NA\",\"NA\",\"NA\",\"NA\",\"NA\",\"NA\",\"NA\",0,\"NA\",\"NA\",\"NA\",0,0,0,0,0,0,0,\"NA\",\"NA\",0,0,0,0,0,\"NA\",4,2,3,6,8,1,1,\"NA\",\"NA\",2,1,\"NA\",4,\"NA\",1,3,0,\"NA\",\"NA\"]},{\"type\":\"character\",\"attributes\":{},\"value\":[\"c(1L, 1L, 1L, 1L, 0L, 1L, 0L, 0L, 0L, 2L, 0L, 3L, 4L, 1L, 2L, \",\"4L, 4L, 1L, 1L, 0L, 0L, 0L, 0L, 3L, 4L, NA, 11L, 4L, 6L, 2L, \",\"1L, 2L, 0L, NA, 0L, 0L, 1L, 0L, 0L, 1L, NA, 0L, 0L, 0L, 1L, 0L, \",\"0L, 0L, 0L, 0L, 3L, NA, 0L, 1L, 2L, 0L, NA, NA, 0L, 0L, 0L, 0L, \",\"0L, 0L, NA, NA, 0L, 0L, 0L, NA, 0L, 0L, NA, 0L, 0L, NA, NA, 0L, \",\"0L, 0L, NA, NA, 0L, 0L, 0L, 0L, NA, NA, 3L, 1L, 0L, 0L, 0L, 0L, \",\"NA, 0L, 0L, 0L, 0L, 0L, 1L, 1L, 0L, 2L, 0L, 0L, 1L, 0L, 0L, 0L, \",\"0L, 0L, 0L, 0L, 0L, NA, 0L, NA, NA, 0L, 0L, 0L, NA, 0L, 0L, NA, \",\"NA, 0L, NA, 0L, 0L, 0L, 0L, 0L, 0L, 0L, 0L, 1L, 0L, 0L, 0L, 0L, \",\"NA, 0L, NA, 0L, 0L, 0L, 0L, NA, 1L, 7L, 1L, 0L, 1L, 0L, NA, 0L, \",\"2L, 13L, 11L, 9L, 6L, 12L, 6L, 2L, 0L, 0L, 0L, 0L, 0L, 0L, 0L, \",\"0L, 0L, 1L, 2L, 0L, 0L, 0L, 0L, 0L, 0L, 0L, 0L, 0L, 0L, 0L, 0L, \",\"0L, 0L, NA, 0L, NA, 0L, NA, 0L, NA, 0L, 0L, 0L, 0L, 0L, NA, 0L, \",\"0L, 0L, 0L, 0L, NA, NA, 0L, 0L, 0L, 1L, NA, 0L, 0L, 1L, 0L, 0L, \",\"0L, 0L, 1L, 0L, 0L, 0L, 0L, NA, 0L, NA, 0L, NA, 0L, NA, 0L, 0L, \",\"2L, 1L, 1L, 1L, 0L, 0L, 0L, 0L, 0L, 0L, NA, 1L, 7L, 14L, 14L, \",\"7L, 2L, 2L, 0L, 0L, 5L, 5L, NA, NA, 6L, 7L, NA, 1L, 1L, 0L, 0L, \",\"0L, 0L, 0L, NA, NA, 2L, 1L, 2L, 0L, 0L, 0L, NA, 0L, 0L, 0L, 0L, \",\"NA, NA, NA, 0L, 0L, 0L, 0L, 0L, 0L, 0L, 0L, 0L, NA, NA, NA, 0L, \",\"0L, 0L, 0L, 0L, 0L, 0L, 0L, 0L, 1L, 1L, 1L, NA, NA, NA, NA, NA, \",\"NA, NA, NA, NA, NA, NA, NA, NA, NA, NA, NA, 0L, NA, NA, NA, 0L, \",\"0L, 0L, 0L, 0L, 0L, 0L, NA, NA, 0L, 0L, 0L, 0L, 0L, NA, 4L, 2L, \",\"3L, 6L, 8L, 1L, 1L, NA, NA, 2L, 1L, NA, 4L, NA, 1L, 3L, 0L, NA, \",\"NA)\"]},{\"type\":\"double\",\"attributes\":{\"tsp\":{\"type\":\"double\",\"attributes\":{},\"value\":[1,365,1]},\"class\":{\"type\":\"character\",\"attributes\":{},\"value\":[\"ts\"]}},\"value\":[0.999,1,1,1,1,0,1,0,0,0,2,0,3,4,1,2,4,4,1,1,0,0,0,0,3,\"NA\",6.05025253,11,4,6,2,1,2,\"NA\",0,0,0,1,0,0,\"NA\",0.70710678,0,0,0,1,0,0,0,0,0,\"NA\",2.12132034,0,1,2,\"NA\",\"NA\",0,0,0,0,0,0,\"NA\",\"NA\",0,0,0,\"NA\",0,0,\"NA\",0,0,\"NA\",\"NA\",0,0,0,\"NA\",\"NA\",0,0,0,0,\"NA\",\"NA\",1.26794919,3,1,0,0,0,\"NA\",0,0,0,0,0,0,1,1,0,2,0,0,1,0,0,0,0,0,0,0,\"NA\",0,\"NA\",\"NA\",0,0,0,\"NA\",0,0,\"NA\",\"NA\",0,\"NA\",0,0,0,0,0,0,0,0,0,1,0,0,0,\"NA\",0,\"NA\",0,0,0,0,\"NA\",0.29289322,1,7,1,0,1,\"NA\",0,0,2,13,11,9,6,12,6,2,0,0,0,0,0,0,0,0,0,1,2,0,0,0,0,0,0,0,0,0,0,0,0,0,\"NA\",0,\"NA\",0,\"NA\",0,\"NA\",0,0,0,0,0,\"NA\",0,0,0,0,0,\"NA\",\"NA\",0,0,0,0,\"NA\",0.70710678,0,0,1,0,0,0,0,1,0,0,0,\"NA\",0,\"NA\",0,\"NA\",0,\"NA\",0,0,0,2,1,1,1,0,0,0,0,0,\"NA\",0.29289322,1,7,14,14,7,2,2,0,0,5,\"NA\",\"NA\",5.42264973,6,\"NA\",5.24264069,1,1,0,0,0,0,\"NA\",\"NA\",0.84529946,2,1,2,0,0,\"NA\",0,0,0,0,\"NA\",\"NA\",\"NA\",0,0,0,0,0,0,0,0,0,\"NA\",\"NA\",\"NA\",0,0,0,0,0,0,0,0,0,0,1,1,\"NA\",\"NA\",\"NA\",\"NA\",\"NA\",\"NA\",\"NA\",\"NA\",\"NA\",\"NA\",\"NA\",\"NA\",\"NA\",\"NA\",\"NA\",\"NA\",0.24253563,\"NA\",\"NA\",\"NA\",6.9388939e-18,0,0,0,0,0,0,\"NA\",\"NA\",0,0,0,0,0,\"NA\",1.17157288,4,2,3,6,8,1,\"NA\",\"NA\",1.42264973,2,\"NA\",1.87867966,\"NA\",3.12132034,1,3,\"NA\",\"NA\"]},{\"type\":\"double\",\"attributes\":{\"tsp\":{\"type\":\"double\",\"attributes\":{},\"value\":[1,365,1]},\"class\":{\"type\":\"character\",\"attributes\":{},\"value\":[\"ts\"]}},\"value\":[0.001,0,0,0,-1,1,-1,0,0,2,-2,3,1,-3,1,2,0,-3,0,-1,0,0,0,3,1,\"NA\",4.94974747,-7,2,-4,-1,1,-2,\"NA\",0,0,1,-1,0,1,\"NA\",-0.70710678,0,0,1,-1,0,0,0,0,3,\"NA\",-2.12132034,1,1,-2,\"NA\",\"NA\",0,0,0,0,0,0,\"NA\",\"NA\",0,0,0,\"NA\",0,0,\"NA\",0,0,\"NA\",\"NA\",0,0,0,\"NA\",\"NA\",0,0,0,0,\"NA\",\"NA\",1.73205081,-2,-1,0,0,0,\"NA\",0,0,0,0,0,1,0,-1,2,-2,0,1,-1,0,0,0,0,0,0,0,\"NA\",0,\"NA\",\"NA\",0,0,0,\"NA\",0,0,\"NA\",\"NA\",0,\"NA\",0,0,0,0,0,0,0,0,1,-1,0,0,0,\"NA\",0,\"NA\",0,0,0,0,\"NA\",0.70710678,6,-6,-1,1,-1,\"NA\",0,2,11,-2,-2,-3,6,-6,-4,-2,0,0,0,0,0,0,0,0,1,1,-2,0,0,0,0,0,0,0,0,0,0,0,0,0,\"NA\",0,\"NA\",0,\"NA\",0,\"NA\",0,0,0,0,0,\"NA\",0,0,0,0,0,\"NA\",\"NA\",0,0,0,1,\"NA\",-0.70710678,0,1,-1,0,0,0,1,-1,0,0,0,\"NA\",0,\"NA\",0,\"NA\",0,\"NA\",0,0,2,-1,0,0,-1,0,0,0,0,0,\"NA\",0.70710678,6,7,0,-7,-5,0,-2,0,5,0,\"NA\",\"NA\",0.57735027,1,\"NA\",-4.24264069,0,-1,0,0,0,0,\"NA\",\"NA\",1.15470054,-1,1,-2,0,0,\"NA\",0,0,0,0,\"NA\",\"NA\",\"NA\",0,0,0,0,0,0,0,0,0,\"NA\",\"NA\",\"NA\",0,0,0,0,0,0,0,0,0,1,0,0,\"NA\",\"NA\",\"NA\",\"NA\",\"NA\",\"NA\",\"NA\",\"NA\",\"NA\",\"NA\",\"NA\",\"NA\",\"NA\",\"NA\",\"NA\",\"NA\",-0.24253563,\"NA\",\"NA\",\"NA\",-6.9388939e-18,0,0,0,0,0,0,\"NA\",\"NA\",0,0,0,0,0,\"NA\",2.82842712,-2,1,3,2,-7,0,\"NA\",\"NA\",0.57735027,-1,\"NA\",2.12132034,\"NA\",-2.12132034,2,-3,\"NA\",\"NA\"]}]}"]
