["{\"type\":\"list\",\"attributes\":{\"names\":{\"type\":\"character\",\"attributes\":{},\"value\":[\"Point.Forecast\",\"Lo.95\",\"Hi.95\",\"moon\",\"model\",\"dataset\",\"species\",\"forecast_id\"]}},\"value\":[{\"type\":\"double\",\"attributes\":{},\"value\":[0.19485885,0.33987051,0.33987051,0.33987051,0.33987051,0.33987051,0.33987051,0.33987051,0.33987051,0.33987051,0.33987051,0.33987051,0.33987051,0.33987051]},{\"type\":\"double\",\"attributes\":{},\"value\":[-1.47368336,-1.78711884,-1.78711884,-1.78711884,-1.78711884,-1.78711884,-1.78711884,-1.78711884,-1.78711884,-1.78711884,-1.78711884,-1.78711884,-1.78711884,-1.78711884]},{\"type\":\"double\",\"attributes\":{},\"value\":[1.86340105,2.46685986,2.46685986,2.46685986,2.46685986,2.46685986,2.46685986,2.46685986,2.46685986,2.46685986,2.46685986,2.46685986,2.46685986,2.46685986]},{\"type\":\"integer\",\"attributes\":{},\"value\":[524,525,526,527,528,529,530,531,532,533,534,535,536,537]},{\"type\":\"character\",\"attributes\":{},\"value\":[\"AutoArima\"]},{\"type\":\"character\",\"attributes\":{},\"value\":[\"exclosures\"]},{\"type\":\"character\",\"attributes\":{},\"value\":[\"total\"]},{\"type\":\"character\",\"attributes\":{},\"value\":[\"114.21\"]}]}"]
