["{\"type\":\"list\",\"attributes\":{\"names\":{\"type\":\"character\",\"attributes\":{},\"value\":[\"Point.Forecast\",\"Lo.95\",\"Hi.95\",\"moon\",\"model\",\"dataset\",\"species\",\"forecast_id\"]}},\"value\":[{\"type\":\"double\",\"attributes\":{},\"value\":[0,0,0,0,0,0,0,0,0,0,0,0,0,0]},{\"type\":\"double\",\"attributes\":{},\"value\":[-0.65526285,-0.92668161,-1.13494855,-1.3105257,-1.46521228,-1.60505963,-1.73366255,-1.85336322,-1.96578856,-2.07212308,-2.17326102,-2.2698971,-2.36258381,-2.45176909]},{\"type\":\"double\",\"attributes\":{},\"value\":[0.65526285,0.92668161,1.13494855,1.3105257,1.46521228,1.60505963,1.73366255,1.85336322,1.96578856,2.07212308,2.17326102,2.2698971,2.36258381,2.45176909]},{\"type\":\"integer\",\"attributes\":{},\"value\":[524,525,526,527,528,529,530,531,532,533,534,535,536,537]},{\"type\":\"character\",\"attributes\":{},\"value\":[\"NaiveArima\"]},{\"type\":\"character\",\"attributes\":{},\"value\":[\"exclosures\"]},{\"type\":\"character\",\"attributes\":{},\"value\":[\"SF\"]},{\"type\":\"character\",\"attributes\":{},\"value\":[\"123.18\"]}]}"]
