["{\"type\":\"list\",\"attributes\":{\"names\":{\"type\":\"character\",\"attributes\":{},\"value\":[\"Point.Forecast\",\"Lo.95\",\"Hi.95\",\"moon\",\"model\",\"dataset\",\"species\",\"forecast_id\"]}},\"value\":[{\"type\":\"double\",\"attributes\":{},\"value\":[0,0,0,0,0,0,0,0,0,0,0,0,0,0]},{\"type\":\"double\",\"attributes\":{},\"value\":[-1.75043444,-2.47548812,-3.03184138,-3.50086888,-3.9140904,-4.2876712,-4.63121421,-4.95097625,-5.25130332,-5.53535972,-5.80553426,-6.06368277,-6.31128112,-6.54952595]},{\"type\":\"double\",\"attributes\":{},\"value\":[1.75043444,2.47548812,3.03184138,3.50086888,3.9140904,4.2876712,4.63121421,4.95097625,5.25130332,5.53535972,5.80553426,6.06368277,6.31128112,6.54952595]},{\"type\":\"integer\",\"attributes\":{},\"value\":[524,525,526,527,528,529,530,531,532,533,534,535,536,537]},{\"type\":\"character\",\"attributes\":{},\"value\":[\"NaiveArima\"]},{\"type\":\"character\",\"attributes\":{},\"value\":[\"exclosures\"]},{\"type\":\"character\",\"attributes\":{},\"value\":[\"PP\"]},{\"type\":\"character\",\"attributes\":{},\"value\":[\"123.14\"]}]}"]
