"currency","model","dataset","species","estimate","lower_pi","upper_pi","confidence_level","old_cast_id","forecast_id","origin","newmoonnumber","forecast_date","forecast_month","forecast_year","forecast_group","historic_start_newmoonnumber","historic_end_newmoonnumber","forecast_start_newmoonnumber","forecast_end_newmoonnumber","lead_time_newmoons","max_lag","lag_buffer"
"abundance","jags_RW","controls","SF",0.009,0,0.037,0.95,119,"119.17",,524,2019-12-05,10,2019,6,217,525,524,537,-1,,
"abundance","jags_RW","controls","SF",0.015,0,0.062,0.95,119,"119.17",,525,2019-12-05,11,2019,6,217,525,524,537,0,,
"abundance","jags_RW","controls","SF",0.025,0,0.084,0.95,119,"119.17",,526,2019-12-05,12,2019,6,217,525,524,537,1,,
"abundance","jags_RW","controls","SF",0.036,0,0.117,0.95,119,"119.17",,527,2019-12-05,1,2020,6,217,525,524,537,2,,
"abundance","jags_RW","controls","SF",0.044,0,0.15,0.95,119,"119.17",,528,2019-12-05,2,2020,6,217,525,524,537,3,,
"abundance","jags_RW","controls","SF",0.061,0,0.179,0.95,119,"119.17",,529,2019-12-05,3,2020,6,217,525,524,537,4,,
"abundance","jags_RW","controls","SF",0.082,0,0.221,0.95,119,"119.17",,530,2019-12-05,4,2020,6,217,525,524,537,5,,
"abundance","jags_RW","controls","SF",0.113,0,0.266,0.95,119,"119.17",,531,2019-12-05,5,2020,6,217,525,524,537,6,,
"abundance","jags_RW","controls","SF",0.144,0,0.305,0.95,119,"119.17",,532,2019-12-05,6,2020,6,217,525,524,537,7,,
"abundance","jags_RW","controls","SF",0.194,0,0.35,0.95,119,"119.17",,533,2019-12-05,7,2020,6,217,525,524,537,8,,
"abundance","jags_RW","controls","SF",0.26,0,0.418,0.95,119,"119.17",,534,2019-12-05,8,2020,6,217,525,524,537,9,,
"abundance","jags_RW","controls","SF",0.322,0,0.519,0.95,119,"119.17",,535,2019-12-05,9,2020,6,217,525,524,537,10,,
"abundance","jags_RW","controls","SF",0.362,0,0.567,0.95,119,"119.17",,536,2019-12-05,10,2020,6,217,525,524,537,11,,
"abundance","jags_RW","controls","SF",0.422,0,0.663,0.95,119,"119.17",,537,2019-12-05,11,2020,6,217,525,524,537,12,,
