["{\"type\":\"list\",\"attributes\":{\"names\":{\"type\":\"character\",\"attributes\":{},\"value\":[\"Point.Forecast\",\"Lo.95\",\"Hi.95\",\"moon\",\"model\",\"dataset\",\"species\",\"forecast_id\"]}},\"value\":[{\"type\":\"double\",\"attributes\":{},\"value\":[0.01656021,0.01628143,0.01600182,0.01581694,0.01581694,0.01581694,0.01581694,0.01581694,0.01581694,0.01581694,0.01581694,0.01581694,0.01581694,0.01581694]},{\"type\":\"double\",\"attributes\":{},\"value\":[-0.20676457,-0.20707499,-0.20738643,-0.20758522,-0.20758522,-0.20758522,-0.20758522,-0.20758522,-0.20758522,-0.20758522,-0.20758522,-0.20758522,-0.20758522,-0.20758522]},{\"type\":\"double\",\"attributes\":{},\"value\":[0.23988498,0.23963785,0.23939007,0.2392191,0.2392191,0.2392191,0.2392191,0.2392191,0.2392191,0.2392191,0.2392191,0.2392191,0.2392191,0.2392191]},{\"type\":\"integer\",\"attributes\":{},\"value\":[524,525,526,527,528,529,530,531,532,533,534,535,536,537]},{\"type\":\"character\",\"attributes\":{},\"value\":[\"AutoArima\"]},{\"type\":\"character\",\"attributes\":{},\"value\":[\"controls\"]},{\"type\":\"character\",\"attributes\":{},\"value\":[\"PM\"]},{\"type\":\"character\",\"attributes\":{},\"value\":[\"113.13\"]}]}"]
