["{\"type\":\"list\",\"attributes\":{\"names\":{\"type\":\"character\",\"attributes\":{},\"value\":[\"Point.Forecast\",\"Lo.95\",\"Hi.95\",\"moon\",\"model\",\"dataset\",\"species\",\"forecast_id\"]}},\"value\":[{\"type\":\"double\",\"attributes\":{},\"value\":[0.37352563,0.37352563,0.37352563,0.37352563,0.37352563,0.37352563,0.37352563,0.37352563,0.37352563,0.37352563,0.37352563,0.37352563,0.37352563,0.37352563]},{\"type\":\"double\",\"attributes\":{},\"value\":[-1.04094734,-1.13611493,-1.22562899,-1.31039134,-1.39108685,-1.46825016,-1.54230811,-1.61360793,-1.68243659,-1.7490345,-1.81360545,-1.87632397,-1.93734089,-1.99678762]},{\"type\":\"double\",\"attributes\":{},\"value\":[1.7879986,1.8831662,1.97268025,2.0574426,2.13813812,2.21530143,2.28935938,2.3606592,2.42948785,2.49608576,2.56065672,2.62337523,2.68439216,2.74383889]},{\"type\":\"integer\",\"attributes\":{},\"value\":[524,525,526,527,528,529,530,531,532,533,534,535,536,537]},{\"type\":\"character\",\"attributes\":{},\"value\":[\"ESSS\"]},{\"type\":\"character\",\"attributes\":{},\"value\":[\"controls\"]},{\"type\":\"character\",\"attributes\":{},\"value\":[\"PE\"]},{\"type\":\"character\",\"attributes\":{},\"value\":[\"116.09\"]}]}"]
