["{\"type\":\"list\",\"attributes\":{\"names\":{\"type\":\"character\",\"attributes\":{},\"value\":[\"Point.Forecast\",\"Lo.95\",\"Hi.95\",\"moon\",\"model\",\"dataset\",\"species\",\"forecast_id\"]}},\"value\":[{\"type\":\"double\",\"attributes\":{},\"value\":[1,1,1,1,1,1,1,1,1,1,1,1,1,1,1]},{\"type\":\"double\",\"attributes\":{},\"value\":[-0.54109476,-1.17943711,-1.66925442,-2.08218952,-2.44599264,-2.77489581,-3.07735348,-3.35887422,-3.62328428,-3.87336953,-4.11123308,-4.33850885,-4.55649618,-4.76624859,-4.96863434]},{\"type\":\"double\",\"attributes\":{},\"value\":[2.54109476,3.17943711,3.66925442,4.08218952,4.44599264,4.77489581,5.07735348,5.35887422,5.62328428,5.87336953,6.11123308,6.33850885,6.55649618,6.76624859,6.96863434]},{\"type\":\"integer\",\"attributes\":{},\"value\":[524,525,526,527,528,529,530,531,532,533,534,535,536,537,538]},{\"type\":\"character\",\"attributes\":{},\"value\":[\"AutoArima\"]},{\"type\":\"character\",\"attributes\":{},\"value\":[\"controls\"]},{\"type\":\"character\",\"attributes\":{},\"value\":[\"OL\"]},{\"type\":\"character\",\"attributes\":{},\"value\":[\"248.06\"]}]}"]
