["{\"type\":\"list\",\"attributes\":{\"names\":{\"type\":\"character\",\"attributes\":{},\"value\":[\"Point.Forecast\",\"Lo.95\",\"Hi.95\",\"moon\",\"model\",\"dataset\",\"species\",\"forecast_id\"]}},\"value\":[{\"type\":\"double\",\"attributes\":{},\"value\":[0,0,0,0,0,0,0,0,0,0,0,0,0,0,0]},{\"type\":\"double\",\"attributes\":{},\"value\":[-1.50327327,-2.12594944,-2.60374568,-3.00654654,-3.36142122,-3.68225245,-3.97728722,-4.25189889,-4.5098198,-4.75376747,-4.98579339,-5.20749136,-5.42012885,-5.62473353,-5.82215233]},{\"type\":\"double\",\"attributes\":{},\"value\":[1.50327327,2.12594944,2.60374568,3.00654654,3.36142122,3.68225245,3.97728722,4.25189889,4.5098198,4.75376747,4.98579339,5.20749136,5.42012885,5.62473353,5.82215233]},{\"type\":\"integer\",\"attributes\":{},\"value\":[524,525,526,527,528,529,530,531,532,533,534,535,536,537,538]},{\"type\":\"character\",\"attributes\":{},\"value\":[\"NaiveArima\"]},{\"type\":\"character\",\"attributes\":{},\"value\":[\"controls\"]},{\"type\":\"character\",\"attributes\":{},\"value\":[\"BA\"]},{\"type\":\"character\",\"attributes\":{},\"value\":[\"254.01\"]}]}"]
