["{\"type\":\"list\",\"attributes\":{\"names\":{\"type\":\"character\",\"attributes\":{},\"value\":[\"Point.Forecast\",\"Lo.95\",\"Hi.95\",\"moon\",\"model\",\"dataset\",\"species\",\"forecast_id\"]}},\"value\":[{\"type\":\"double\",\"attributes\":{},\"value\":[4,4,4,4,4,4,4,4,4,4,4,4,4,4,4]},{\"type\":\"double\",\"attributes\":{},\"value\":[-6.15403622,-10.35997574,-13.58730664,-16.30807245,-18.70511524,-20.87220758,-22.86505465,-24.71995148,-26.46210867,-28.10988191,-29.67712826,-31.17461328,-32.61089826,-33.99292464,-35.32641319]},{\"type\":\"double\",\"attributes\":{},\"value\":[14.15403622,18.35997574,21.58730664,24.30807245,26.70511524,28.87220758,30.86505465,32.71995148,34.46210867,36.10988191,37.67712826,39.17461328,40.61089826,41.99292464,43.32641319]},{\"type\":\"integer\",\"attributes\":{},\"value\":[524,525,526,527,528,529,530,531,532,533,534,535,536,537,538]},{\"type\":\"character\",\"attributes\":{},\"value\":[\"NaiveArima\"]},{\"type\":\"character\",\"attributes\":{},\"value\":[\"all\"]},{\"type\":\"character\",\"attributes\":{},\"value\":[\"DO\"]},{\"type\":\"character\",\"attributes\":{},\"value\":[\"253.03\"]}]}"]
