["{\"type\":\"list\",\"attributes\":{\"names\":{\"type\":\"character\",\"attributes\":{},\"value\":[\"method\",\"model\",\"level\",\"mean\",\"lower\",\"upper\",\"x\",\"series\",\"fitted\",\"residuals\"]},\"class\":{\"type\":\"character\",\"attributes\":{},\"value\":[\"forecast\"]}},\"value\":[{\"type\":\"character\",\"attributes\":{},\"value\":[\"ARIMA(0,1,0)\"]},{\"type\":\"list\",\"attributes\":{\"names\":{\"type\":\"character\",\"attributes\":{},\"value\":[\"coef\",\"sigma2\",\"var.coef\",\"mask\",\"loglik\",\"aic\",\"arma\",\"residuals\",\"call\",\"series\",\"code\",\"n.cond\",\"nobs\",\"model\",\"aicc\",\"bic\",\"x\",\"fitted\"]},\"class\":{\"type\":\"character\",\"attributes\":{},\"value\":[\"forecast_ARIMA\",\"ARIMA\",\"Arima\"]}},\"value\":[{\"type\":\"double\",\"attributes\":{},\"value\":[]},{\"type\":\"double\",\"attributes\":{},\"value\":[1.8912037]},{\"type\":\"double\",\"attributes\":{},\"value\":[]},{\"type\":\"logical\",\"attributes\":{},\"value\":[]},{\"type\":\"double\",\"attributes\":{},\"value\":[-521.24454576]},{\"type\":\"double\",\"attributes\":{},\"value\":[1044.48909152]},{\"type\":\"integer\",\"attributes\":{},\"value\":[0,0,0,0,1,1,0]},{\"type\":\"double\",\"attributes\":{\"tsp\":{\"type\":\"double\",\"attributes\":{},\"value\":[1,371,1]},\"class\":{\"type\":\"character\",\"attributes\":{},\"value\":[\"ts\"]}},\"value\":[0,0,1,1,-1,-1,1,2,-1,6,3,-5,-1,0,2,-6,7,-6,5,-1,-4,5,-1,1,-5,\"NA\",1.41421356,2,-1,-2,1,1,-1,\"NA\",-0.70710678,-2,-1,0,0,0,\"NA\",0,0,0,0,1,-1,0,0,0,0,\"NA\",0,0,0,0,\"NA\",\"NA\",0,0,0,0,0,0,\"NA\",\"NA\",0,0,0,\"NA\",0,0,\"NA\",0,0,\"NA\",\"NA\",0.57735027,0,0,\"NA\",\"NA\",0.57735027,-1,4,-5,\"NA\",\"NA\",0,2,0,-1,-1,1,\"NA\",-0.70710678,1,0,0,-1,0,2,-2,0,3,-2,1,-1,0,-1,0,0,0,0,0,\"NA\",0,\"NA\",\"NA\",0,0,0,\"NA\",0,0,\"NA\",\"NA\",0,\"NA\",0,0,0,0,1,2,-3,0,0,1,2,-2,0,\"NA\",0,\"NA\",-0.70710678,0,0,0,\"NA\",0,2,-2,1,-1,1,\"NA\",1.41421356,-1,3,-5,0,0,0,0,3,0,2,-4,-1,1,-1,1,-1,0,0,0,0,0,0,0,0,0,0,0,0,0,0,0,0,0,\"NA\",0,\"NA\",0,\"NA\",0.70710678,\"NA\",-0.70710678,0,0,1,0,\"NA\",-0.70710678,0,0,0,1,\"NA\",\"NA\",0,2,1,-3,\"NA\",0,-1,2,-2,0,0,0,0,0,2,-2,0,\"NA\",0.70710678,\"NA\",-0.70710678,\"NA\",0,\"NA\",0,0,0,0,0,0,0,0,0,0,0,0,\"NA\",0,1,-1,0,0,1,-1,0,0,0,0,\"NA\",\"NA\",0,0,\"NA\",0,0,0,0,0,0,0,\"NA\",\"NA\",0,0,0,0,0,0,\"NA\",0,0,0,0,\"NA\",\"NA\",\"NA\",0,0,0,0,0,0,0,0,0,\"NA\",\"NA\",\"NA\",0,0,0,0,0,0,0,0,0,0,0,0,\"NA\",\"NA\",\"NA\",\"NA\",\"NA\",\"NA\",\"NA\",\"NA\",\"NA\",\"NA\",\"NA\",\"NA\",\"NA\",\"NA\",\"NA\",\"NA\",0,\"NA\",\"NA\",\"NA\",0,0,0,0,0,0,0,\"NA\",\"NA\",0,0,0,0,0,\"NA\",0,0,0,0,0,1,-1,\"NA\",\"NA\",0,0,\"NA\",0,\"NA\",0,0,0,0,0,\"NA\",0,0,0,\"NA\",\"NA\"]},{\"type\":\"language\",\"attributes\":{},\"value\":[\"Arima(y = c(0L, 0L, 1L, 2L, 1L, 0L, 1L, 3L, 2L, 8L, 11L, 6L, \",\"5L, 5L, 7L, 1L, 8L, 2L, 7L, 6L, 2L, 7L, 6L, 7L, 2L, NA, 4L, 6L, \",\"5L, 3L, 4L, 5L, 4L, NA, 3L, 1L, 0L, 0L, 0L, 0L, NA, 0L, 0L, 0L, \",\"0L, 1L, 0L, 0L, 0L, 0L, 0L, NA, 0L, 0L, 0L, 0L, NA, NA, 0L, 0L, \",\"0L, 0L, 0L, 0L, NA, NA, 0L, 0L, 0L, NA, 0L, 0L, NA, 0L, 0L, NA, \",\"NA, 1L, 1L, 1L, NA, NA, 2L, 1L, 5L, 0L, NA, NA, 0L, 2L, 2L, 1L, \",\"0L, 1L, NA, 0L, 1L, 1L, 1L, 0L, 0L, 2L, 0L, 0L, 3L, 1L, 2L, 1L, \",\"1L, 0L, 0L, 0L, 0L, 0L, 0L, NA, 0L, NA, NA, 0L, 0L, 0L, NA, 0L, \",\"0L, NA, NA, 0L, NA, 0L, 0L, 0L, 0L, 1L, 3L, 0L, 0L, 0L, 1L, 3L, \",\"1L, 1L, NA, 1L, NA, 0L, 0L, 0L, 0L, NA, 0L, 2L, 0L, 1L, 0L, 1L, \",\"NA, 3L, 2L, 5L, 0L, 0L, 0L, 0L, 0L, 3L, 3L, 5L, 1L, 0L, 1L, 0L, \",\"1L, 0L, 0L, 0L, 0L, 0L, 0L, 0L, 0L, 0L, 0L, 0L, 0L, 0L, 0L, 0L, \",\"0L, 0L, 0L, NA, 0L, NA, 0L, NA, 1L, NA, 0L, 0L, 0L, 1L, 1L, NA, \",\"0L, 0L, 0L, 0L, 1L, NA, NA, 1L, 3L, 4L, 1L, NA, 1L, 0L, 2L, 0L, \",\"0L, 0L, 0L, 0L, 0L, 2L, 0L, 0L, NA, 1L, NA, 0L, NA, 0L, NA, 0L, \",\"0L, 0L, 0L, 0L, 0L, 0L, 0L, 0L, 0L, 0L, 0L, NA, 0L, 1L, 0L, 0L, \",\"0L, 1L, 0L, 0L, 0L, 0L, 0L, NA, NA, 0L, 0L, NA, 0L, 0L, 0L, 0L, \",\"0L, 0L, 0L, NA, NA, 0L, 0L, 0L, 0L, 0L, 0L, NA, 0L, 0L, 0L, 0L, \",\"NA, NA, NA, 0L, 0L, 0L, 0L, 0L, 0L, 0L, 0L, 0L, NA, NA, NA, 0L, \",\"0L, 0L, 0L, 0L, 0L, 0L, 0L, 0L, 0L, 0L, 0L, NA, NA, NA, NA, NA, \",\"NA, NA, NA, NA, NA, NA, NA, NA, NA, NA, NA, 0L, NA, NA, NA, 0L, \",\"0L, 0L, 0L, 0L, 0L, 0L, NA, NA, 0L, 0L, 0L, 0L, 0L, NA, 0L, 0L, \",\"0L, 0L, 0L, 1L, 0L, NA, NA, 0L, 0L, NA, 0L, NA, 0L, 0L, 0L, 0L, \",\"0L, NA, 0L, 0L, 0L, NA, NA), order = c(0, 1, 0))\"]},{\"type\":\"character\",\"attributes\":{},\"value\":[\"c(0L, 0L, 1L, 2L, 1L, 0L, 1L, 3L, 2L, 8L, 11L, 6L, 5L, 5L, 7L, \",\"1L, 8L, 2L, 7L, 6L, 2L, 7L, 6L, 7L, 2L, NA, 4L, 6L, 5L, 3L, 4L, \",\"5L, 4L, NA, 3L, 1L, 0L, 0L, 0L, 0L, NA, 0L, 0L, 0L, 0L, 1L, 0L, \",\"0L, 0L, 0L, 0L, NA, 0L, 0L, 0L, 0L, NA, NA, 0L, 0L, 0L, 0L, 0L, \",\"0L, NA, NA, 0L, 0L, 0L, NA, 0L, 0L, NA, 0L, 0L, NA, NA, 1L, 1L, \",\"1L, NA, NA, 2L, 1L, 5L, 0L, NA, NA, 0L, 2L, 2L, 1L, 0L, 1L, NA, \",\"0L, 1L, 1L, 1L, 0L, 0L, 2L, 0L, 0L, 3L, 1L, 2L, 1L, 1L, 0L, 0L, \",\"0L, 0L, 0L, 0L, NA, 0L, NA, NA, 0L, 0L, 0L, NA, 0L, 0L, NA, NA, \",\"0L, NA, 0L, 0L, 0L, 0L, 1L, 3L, 0L, 0L, 0L, 1L, 3L, 1L, 1L, NA, \",\"1L, NA, 0L, 0L, 0L, 0L, NA, 0L, 2L, 0L, 1L, 0L, 1L, NA, 3L, 2L, \",\"5L, 0L, 0L, 0L, 0L, 0L, 3L, 3L, 5L, 1L, 0L, 1L, 0L, 1L, 0L, 0L, \",\"0L, 0L, 0L, 0L, 0L, 0L, 0L, 0L, 0L, 0L, 0L, 0L, 0L, 0L, 0L, 0L, \",\"NA, 0L, NA, 0L, NA, 1L, NA, 0L, 0L, 0L, 1L, 1L, NA, 0L, 0L, 0L, \",\"0L, 1L, NA, NA, 1L, 3L, 4L, 1L, NA, 1L, 0L, 2L, 0L, 0L, 0L, 0L, \",\"0L, 0L, 2L, 0L, 0L, NA, 1L, NA, 0L, NA, 0L, NA, 0L, 0L, 0L, 0L, \",\"0L, 0L, 0L, 0L, 0L, 0L, 0L, 0L, NA, 0L, 1L, 0L, 0L, 0L, 1L, 0L, \",\"0L, 0L, 0L, 0L, NA, NA, 0L, 0L, NA, 0L, 0L, 0L, 0L, 0L, 0L, 0L, \",\"NA, NA, 0L, 0L, 0L, 0L, 0L, 0L, NA, 0L, 0L, 0L, 0L, NA, NA, NA, \",\"0L, 0L, 0L, 0L, 0L, 0L, 0L, 0L, 0L, NA, NA, NA, 0L, 0L, 0L, 0L, \",\"0L, 0L, 0L, 0L, 0L, 0L, 0L, 0L, NA, NA, NA, NA, NA, NA, NA, NA, \",\"NA, NA, NA, NA, NA, NA, NA, NA, 0L, NA, NA, NA, 0L, 0L, 0L, 0L, \",\"0L, 0L, 0L, NA, NA, 0L, 0L, 0L, 0L, 0L, NA, 0L, 0L, 0L, 0L, 0L, \",\"1L, 0L, NA, NA, 0L, 0L, NA, 0L, NA, 0L, 0L, 0L, 0L, 0L, NA, 0L, \",\"0L, 0L, NA, NA)\"]},{\"type\":\"double\",\"attributes\":{},\"value\":[0]},{\"type\":\"double\",\"attributes\":{},\"value\":[0]},{\"type\":\"integer\",\"attributes\":{},\"value\":[288]},{\"type\":\"list\",\"attributes\":{\"names\":{\"type\":\"character\",\"attributes\":{},\"value\":[\"phi\",\"theta\",\"Delta\",\"Z\",\"a\",\"P\",\"T\",\"V\",\"h\",\"Pn\"]}},\"value\":[{\"type\":\"double\",\"attributes\":{},\"value\":[]},{\"type\":\"double\",\"attributes\":{},\"value\":[]},{\"type\":\"double\",\"attributes\":{},\"value\":[1]},{\"type\":\"double\",\"attributes\":{},\"value\":[1,1]},{\"type\":\"double\",\"attributes\":{},\"value\":[0,0]},{\"type\":\"double\",\"attributes\":{\"dim\":{\"type\":\"integer\",\"attributes\":{},\"value\":[2,2]}},\"value\":[1,0,0,1]},{\"type\":\"double\",\"attributes\":{\"dim\":{\"type\":\"integer\",\"attributes\":{},\"value\":[2,2]}},\"value\":[0,1,0,1]},{\"type\":\"double\",\"attributes\":{\"dim\":{\"type\":\"integer\",\"attributes\":{},\"value\":[2,2]}},\"value\":[1,0,0,0]},{\"type\":\"double\",\"attributes\":{},\"value\":[0]},{\"type\":\"double\",\"attributes\":{\"dim\":{\"type\":\"integer\",\"attributes\":{},\"value\":[2,2]}},\"value\":[1,0,0,1]}]},{\"type\":\"double\",\"attributes\":{},\"value\":[1044.50307753]},{\"type\":\"double\",\"attributes\":{},\"value\":[1048.152052]},{\"type\":\"integer\",\"attributes\":{\"tsp\":{\"type\":\"double\",\"attributes\":{},\"value\":[1,371,1]},\"class\":{\"type\":\"character\",\"attributes\":{},\"value\":[\"ts\"]}},\"value\":[0,0,1,2,1,0,1,3,2,8,11,6,5,5,7,1,8,2,7,6,2,7,6,7,2,\"NA\",4,6,5,3,4,5,4,\"NA\",3,1,0,0,0,0,\"NA\",0,0,0,0,1,0,0,0,0,0,\"NA\",0,0,0,0,\"NA\",\"NA\",0,0,0,0,0,0,\"NA\",\"NA\",0,0,0,\"NA\",0,0,\"NA\",0,0,\"NA\",\"NA\",1,1,1,\"NA\",\"NA\",2,1,5,0,\"NA\",\"NA\",0,2,2,1,0,1,\"NA\",0,1,1,1,0,0,2,0,0,3,1,2,1,1,0,0,0,0,0,0,\"NA\",0,\"NA\",\"NA\",0,0,0,\"NA\",0,0,\"NA\",\"NA\",0,\"NA\",0,0,0,0,1,3,0,0,0,1,3,1,1,\"NA\",1,\"NA\",0,0,0,0,\"NA\",0,2,0,1,0,1,\"NA\",3,2,5,0,0,0,0,0,3,3,5,1,0,1,0,1,0,0,0,0,0,0,0,0,0,0,0,0,0,0,0,0,0,0,\"NA\",0,\"NA\",0,\"NA\",1,\"NA\",0,0,0,1,1,\"NA\",0,0,0,0,1,\"NA\",\"NA\",1,3,4,1,\"NA\",1,0,2,0,0,0,0,0,0,2,0,0,\"NA\",1,\"NA\",0,\"NA\",0,\"NA\",0,0,0,0,0,0,0,0,0,0,0,0,\"NA\",0,1,0,0,0,1,0,0,0,0,0,\"NA\",\"NA\",0,0,\"NA\",0,0,0,0,0,0,0,\"NA\",\"NA\",0,0,0,0,0,0,\"NA\",0,0,0,0,\"NA\",\"NA\",\"NA\",0,0,0,0,0,0,0,0,0,\"NA\",\"NA\",\"NA\",0,0,0,0,0,0,0,0,0,0,0,0,\"NA\",\"NA\",\"NA\",\"NA\",\"NA\",\"NA\",\"NA\",\"NA\",\"NA\",\"NA\",\"NA\",\"NA\",\"NA\",\"NA\",\"NA\",\"NA\",0,\"NA\",\"NA\",\"NA\",0,0,0,0,0,0,0,\"NA\",\"NA\",0,0,0,0,0,\"NA\",0,0,0,0,0,1,0,\"NA\",\"NA\",0,0,\"NA\",0,\"NA\",0,0,0,0,0,\"NA\",0,0,0,\"NA\",\"NA\"]},{\"type\":\"double\",\"attributes\":{\"tsp\":{\"type\":\"double\",\"attributes\":{},\"value\":[1,371,1]},\"class\":{\"type\":\"character\",\"attributes\":{},\"value\":[\"ts\"]}},\"value\":[0,0,0,1,2,1,0,1,3,2,8,11,6,5,5,7,1,8,2,7,6,2,7,6,7,\"NA\",2.58578644,4,6,5,3,4,5,\"NA\",3.70710678,3,1,0,0,0,\"NA\",0,0,0,0,0,1,0,0,0,0,\"NA\",0,0,0,0,\"NA\",\"NA\",0,0,0,0,0,0,\"NA\",\"NA\",0,0,0,\"NA\",0,0,\"NA\",0,0,\"NA\",\"NA\",0.42264973,1,1,\"NA\",\"NA\",1.42264973,2,1,5,\"NA\",\"NA\",0,0,2,2,1,0,\"NA\",0.70710678,0,1,1,1,0,0,2,0,0,3,1,2,1,1,0,0,0,0,0,\"NA\",0,\"NA\",\"NA\",0,0,0,\"NA\",0,0,\"NA\",\"NA\",0,\"NA\",0,0,0,0,0,1,3,0,0,0,1,3,1,\"NA\",1,\"NA\",0.70710678,0,0,0,\"NA\",0,0,2,0,1,0,\"NA\",1.58578644,3,2,5,0,0,0,0,0,3,3,5,1,0,1,0,1,0,0,0,0,0,0,0,0,0,0,0,0,0,0,0,0,0,\"NA\",0,\"NA\",0,\"NA\",0.29289322,\"NA\",0.70710678,0,0,0,1,\"NA\",0.70710678,0,0,0,0,\"NA\",\"NA\",1,1,3,4,\"NA\",1,1,0,2,0,0,0,0,0,0,2,0,\"NA\",0.29289322,\"NA\",0.70710678,\"NA\",0,\"NA\",0,0,0,0,0,0,0,0,0,0,0,0,\"NA\",0,0,1,0,0,0,1,0,0,0,0,\"NA\",\"NA\",0,0,\"NA\",0,0,0,0,0,0,0,\"NA\",\"NA\",0,0,0,0,0,0,\"NA\",0,0,0,0,\"NA\",\"NA\",\"NA\",0,0,0,0,0,0,0,0,0,\"NA\",\"NA\",\"NA\",0,0,0,0,0,0,0,0,0,0,0,0,\"NA\",\"NA\",\"NA\",\"NA\",\"NA\",\"NA\",\"NA\",\"NA\",\"NA\",\"NA\",\"NA\",\"NA\",\"NA\",\"NA\",\"NA\",\"NA\",0,\"NA\",\"NA\",\"NA\",0,0,0,0,0,0,0,\"NA\",\"NA\",0,0,0,0,0,\"NA\",0,0,0,0,0,0,1,\"NA\",\"NA\",0,0,\"NA\",0,\"NA\",0,0,0,0,0,\"NA\",0,0,0,\"NA\",\"NA\"]}]},{\"type\":\"double\",\"attributes\":{},\"value\":[95]},{\"type\":\"double\",\"attributes\":{\"tsp\":{\"type\":\"double\",\"attributes\":{},\"value\":[372,384,1]},\"class\":{\"type\":\"character\",\"attributes\":{},\"value\":[\"ts\"]}},\"value\":[0,0,0,0,0,0,0,0,0,0,0,0,0]},{\"type\":\"double\",\"attributes\":{\"dim\":{\"type\":\"integer\",\"attributes\":{},\"value\":[13,1]},\"dimnames\":{\"type\":\"list\",\"attributes\":{},\"value\":[{\"type\":\"NULL\"},{\"type\":\"character\",\"attributes\":{},\"value\":[\"95%\"]}]},\"tsp\":{\"type\":\"double\",\"attributes\":{},\"value\":[372,384,1]},\"class\":{\"type\":\"character\",\"attributes\":{},\"value\":[\"ts\"]}},\"value\":[-4.66850548,-5.3907258,-6.02701466,-6.60226377,-7.13125992,-7.62363753,-8.08608869,-8.52348588,-8.9395074,-9.33701097,-9.71826913,-10.0851245,-10.43909561]},{\"type\":\"double\",\"attributes\":{\"dim\":{\"type\":\"integer\",\"attributes\":{},\"value\":[13,1]},\"dimnames\":{\"type\":\"list\",\"attributes\":{},\"value\":[{\"type\":\"NULL\"},{\"type\":\"character\",\"attributes\":{},\"value\":[\"95%\"]}]},\"tsp\":{\"type\":\"double\",\"attributes\":{},\"value\":[372,384,1]},\"class\":{\"type\":\"character\",\"attributes\":{},\"value\":[\"ts\"]}},\"value\":[4.66850548,5.3907258,6.02701466,6.60226377,7.13125992,7.62363753,8.08608869,8.52348588,8.9395074,9.33701097,9.71826913,10.0851245,10.43909561]},{\"type\":\"integer\",\"attributes\":{\"tsp\":{\"type\":\"double\",\"attributes\":{},\"value\":[1,371,1]},\"class\":{\"type\":\"character\",\"attributes\":{},\"value\":[\"ts\"]}},\"value\":[0,0,1,2,1,0,1,3,2,8,11,6,5,5,7,1,8,2,7,6,2,7,6,7,2,\"NA\",4,6,5,3,4,5,4,\"NA\",3,1,0,0,0,0,\"NA\",0,0,0,0,1,0,0,0,0,0,\"NA\",0,0,0,0,\"NA\",\"NA\",0,0,0,0,0,0,\"NA\",\"NA\",0,0,0,\"NA\",0,0,\"NA\",0,0,\"NA\",\"NA\",1,1,1,\"NA\",\"NA\",2,1,5,0,\"NA\",\"NA\",0,2,2,1,0,1,\"NA\",0,1,1,1,0,0,2,0,0,3,1,2,1,1,0,0,0,0,0,0,\"NA\",0,\"NA\",\"NA\",0,0,0,\"NA\",0,0,\"NA\",\"NA\",0,\"NA\",0,0,0,0,1,3,0,0,0,1,3,1,1,\"NA\",1,\"NA\",0,0,0,0,\"NA\",0,2,0,1,0,1,\"NA\",3,2,5,0,0,0,0,0,3,3,5,1,0,1,0,1,0,0,0,0,0,0,0,0,0,0,0,0,0,0,0,0,0,0,\"NA\",0,\"NA\",0,\"NA\",1,\"NA\",0,0,0,1,1,\"NA\",0,0,0,0,1,\"NA\",\"NA\",1,3,4,1,\"NA\",1,0,2,0,0,0,0,0,0,2,0,0,\"NA\",1,\"NA\",0,\"NA\",0,\"NA\",0,0,0,0,0,0,0,0,0,0,0,0,\"NA\",0,1,0,0,0,1,0,0,0,0,0,\"NA\",\"NA\",0,0,\"NA\",0,0,0,0,0,0,0,\"NA\",\"NA\",0,0,0,0,0,0,\"NA\",0,0,0,0,\"NA\",\"NA\",\"NA\",0,0,0,0,0,0,0,0,0,\"NA\",\"NA\",\"NA\",0,0,0,0,0,0,0,0,0,0,0,0,\"NA\",\"NA\",\"NA\",\"NA\",\"NA\",\"NA\",\"NA\",\"NA\",\"NA\",\"NA\",\"NA\",\"NA\",\"NA\",\"NA\",\"NA\",\"NA\",0,\"NA\",\"NA\",\"NA\",0,0,0,0,0,0,0,\"NA\",\"NA\",0,0,0,0,0,\"NA\",0,0,0,0,0,1,0,\"NA\",\"NA\",0,0,\"NA\",0,\"NA\",0,0,0,0,0,\"NA\",0,0,0,\"NA\",\"NA\"]},{\"type\":\"character\",\"attributes\":{},\"value\":[\"c(0L, 0L, 1L, 2L, 1L, 0L, 1L, 3L, 2L, 8L, 11L, 6L, 5L, 5L, 7L, \",\"1L, 8L, 2L, 7L, 6L, 2L, 7L, 6L, 7L, 2L, NA, 4L, 6L, 5L, 3L, 4L, \",\"5L, 4L, NA, 3L, 1L, 0L, 0L, 0L, 0L, NA, 0L, 0L, 0L, 0L, 1L, 0L, \",\"0L, 0L, 0L, 0L, NA, 0L, 0L, 0L, 0L, NA, NA, 0L, 0L, 0L, 0L, 0L, \",\"0L, NA, NA, 0L, 0L, 0L, NA, 0L, 0L, NA, 0L, 0L, NA, NA, 1L, 1L, \",\"1L, NA, NA, 2L, 1L, 5L, 0L, NA, NA, 0L, 2L, 2L, 1L, 0L, 1L, NA, \",\"0L, 1L, 1L, 1L, 0L, 0L, 2L, 0L, 0L, 3L, 1L, 2L, 1L, 1L, 0L, 0L, \",\"0L, 0L, 0L, 0L, NA, 0L, NA, NA, 0L, 0L, 0L, NA, 0L, 0L, NA, NA, \",\"0L, NA, 0L, 0L, 0L, 0L, 1L, 3L, 0L, 0L, 0L, 1L, 3L, 1L, 1L, NA, \",\"1L, NA, 0L, 0L, 0L, 0L, NA, 0L, 2L, 0L, 1L, 0L, 1L, NA, 3L, 2L, \",\"5L, 0L, 0L, 0L, 0L, 0L, 3L, 3L, 5L, 1L, 0L, 1L, 0L, 1L, 0L, 0L, \",\"0L, 0L, 0L, 0L, 0L, 0L, 0L, 0L, 0L, 0L, 0L, 0L, 0L, 0L, 0L, 0L, \",\"NA, 0L, NA, 0L, NA, 1L, NA, 0L, 0L, 0L, 1L, 1L, NA, 0L, 0L, 0L, \",\"0L, 1L, NA, NA, 1L, 3L, 4L, 1L, NA, 1L, 0L, 2L, 0L, 0L, 0L, 0L, \",\"0L, 0L, 2L, 0L, 0L, NA, 1L, NA, 0L, NA, 0L, NA, 0L, 0L, 0L, 0L, \",\"0L, 0L, 0L, 0L, 0L, 0L, 0L, 0L, NA, 0L, 1L, 0L, 0L, 0L, 1L, 0L, \",\"0L, 0L, 0L, 0L, NA, NA, 0L, 0L, NA, 0L, 0L, 0L, 0L, 0L, 0L, 0L, \",\"NA, NA, 0L, 0L, 0L, 0L, 0L, 0L, NA, 0L, 0L, 0L, 0L, NA, NA, NA, \",\"0L, 0L, 0L, 0L, 0L, 0L, 0L, 0L, 0L, NA, NA, NA, 0L, 0L, 0L, 0L, \",\"0L, 0L, 0L, 0L, 0L, 0L, 0L, 0L, NA, NA, NA, NA, NA, NA, NA, NA, \",\"NA, NA, NA, NA, NA, NA, NA, NA, 0L, NA, NA, NA, 0L, 0L, 0L, 0L, \",\"0L, 0L, 0L, NA, NA, 0L, 0L, 0L, 0L, 0L, NA, 0L, 0L, 0L, 0L, 0L, \",\"1L, 0L, NA, NA, 0L, 0L, NA, 0L, NA, 0L, 0L, 0L, 0L, 0L, NA, 0L, \",\"0L, 0L, NA, NA)\"]},{\"type\":\"double\",\"attributes\":{\"tsp\":{\"type\":\"double\",\"attributes\":{},\"value\":[1,371,1]},\"class\":{\"type\":\"character\",\"attributes\":{},\"value\":[\"ts\"]}},\"value\":[0,0,0,1,2,1,0,1,3,2,8,11,6,5,5,7,1,8,2,7,6,2,7,6,7,\"NA\",2.58578644,4,6,5,3,4,5,\"NA\",3.70710678,3,1,0,0,0,\"NA\",0,0,0,0,0,1,0,0,0,0,\"NA\",0,0,0,0,\"NA\",\"NA\",0,0,0,0,0,0,\"NA\",\"NA\",0,0,0,\"NA\",0,0,\"NA\",0,0,\"NA\",\"NA\",0.42264973,1,1,\"NA\",\"NA\",1.42264973,2,1,5,\"NA\",\"NA\",0,0,2,2,1,0,\"NA\",0.70710678,0,1,1,1,0,0,2,0,0,3,1,2,1,1,0,0,0,0,0,\"NA\",0,\"NA\",\"NA\",0,0,0,\"NA\",0,0,\"NA\",\"NA\",0,\"NA\",0,0,0,0,0,1,3,0,0,0,1,3,1,\"NA\",1,\"NA\",0.70710678,0,0,0,\"NA\",0,0,2,0,1,0,\"NA\",1.58578644,3,2,5,0,0,0,0,0,3,3,5,1,0,1,0,1,0,0,0,0,0,0,0,0,0,0,0,0,0,0,0,0,0,\"NA\",0,\"NA\",0,\"NA\",0.29289322,\"NA\",0.70710678,0,0,0,1,\"NA\",0.70710678,0,0,0,0,\"NA\",\"NA\",1,1,3,4,\"NA\",1,1,0,2,0,0,0,0,0,0,2,0,\"NA\",0.29289322,\"NA\",0.70710678,\"NA\",0,\"NA\",0,0,0,0,0,0,0,0,0,0,0,0,\"NA\",0,0,1,0,0,0,1,0,0,0,0,\"NA\",\"NA\",0,0,\"NA\",0,0,0,0,0,0,0,\"NA\",\"NA\",0,0,0,0,0,0,\"NA\",0,0,0,0,\"NA\",\"NA\",\"NA\",0,0,0,0,0,0,0,0,0,\"NA\",\"NA\",\"NA\",0,0,0,0,0,0,0,0,0,0,0,0,\"NA\",\"NA\",\"NA\",\"NA\",\"NA\",\"NA\",\"NA\",\"NA\",\"NA\",\"NA\",\"NA\",\"NA\",\"NA\",\"NA\",\"NA\",\"NA\",0,\"NA\",\"NA\",\"NA\",0,0,0,0,0,0,0,\"NA\",\"NA\",0,0,0,0,0,\"NA\",0,0,0,0,0,0,1,\"NA\",\"NA\",0,0,\"NA\",0,\"NA\",0,0,0,0,0,\"NA\",0,0,0,\"NA\",\"NA\"]},{\"type\":\"double\",\"attributes\":{\"tsp\":{\"type\":\"double\",\"attributes\":{},\"value\":[1,371,1]},\"class\":{\"type\":\"character\",\"attributes\":{},\"value\":[\"ts\"]}},\"value\":[0,0,1,1,-1,-1,1,2,-1,6,3,-5,-1,0,2,-6,7,-6,5,-1,-4,5,-1,1,-5,\"NA\",1.41421356,2,-1,-2,1,1,-1,\"NA\",-0.70710678,-2,-1,0,0,0,\"NA\",0,0,0,0,1,-1,0,0,0,0,\"NA\",0,0,0,0,\"NA\",\"NA\",0,0,0,0,0,0,\"NA\",\"NA\",0,0,0,\"NA\",0,0,\"NA\",0,0,\"NA\",\"NA\",0.57735027,0,0,\"NA\",\"NA\",0.57735027,-1,4,-5,\"NA\",\"NA\",0,2,0,-1,-1,1,\"NA\",-0.70710678,1,0,0,-1,0,2,-2,0,3,-2,1,-1,0,-1,0,0,0,0,0,\"NA\",0,\"NA\",\"NA\",0,0,0,\"NA\",0,0,\"NA\",\"NA\",0,\"NA\",0,0,0,0,1,2,-3,0,0,1,2,-2,0,\"NA\",0,\"NA\",-0.70710678,0,0,0,\"NA\",0,2,-2,1,-1,1,\"NA\",1.41421356,-1,3,-5,0,0,0,0,3,0,2,-4,-1,1,-1,1,-1,0,0,0,0,0,0,0,0,0,0,0,0,0,0,0,0,0,\"NA\",0,\"NA\",0,\"NA\",0.70710678,\"NA\",-0.70710678,0,0,1,0,\"NA\",-0.70710678,0,0,0,1,\"NA\",\"NA\",0,2,1,-3,\"NA\",0,-1,2,-2,0,0,0,0,0,2,-2,0,\"NA\",0.70710678,\"NA\",-0.70710678,\"NA\",0,\"NA\",0,0,0,0,0,0,0,0,0,0,0,0,\"NA\",0,1,-1,0,0,1,-1,0,0,0,0,\"NA\",\"NA\",0,0,\"NA\",0,0,0,0,0,0,0,\"NA\",\"NA\",0,0,0,0,0,0,\"NA\",0,0,0,0,\"NA\",\"NA\",\"NA\",0,0,0,0,0,0,0,0,0,\"NA\",\"NA\",\"NA\",0,0,0,0,0,0,0,0,0,0,0,0,\"NA\",\"NA\",\"NA\",\"NA\",\"NA\",\"NA\",\"NA\",\"NA\",\"NA\",\"NA\",\"NA\",\"NA\",\"NA\",\"NA\",\"NA\",\"NA\",0,\"NA\",\"NA\",\"NA\",0,0,0,0,0,0,0,\"NA\",\"NA\",0,0,0,0,0,\"NA\",0,0,0,0,0,1,-1,\"NA\",\"NA\",0,0,\"NA\",0,\"NA\",0,0,0,0,0,\"NA\",0,0,0,\"NA\",\"NA\"]}]}"]
