["{\"type\":\"list\",\"attributes\":{\"names\":{\"type\":\"character\",\"attributes\":{},\"value\":[\"Point.Forecast\",\"Lo.95\",\"Hi.95\",\"moon\",\"model\",\"dataset\",\"species\",\"forecast_id\"]}},\"value\":[{\"type\":\"double\",\"attributes\":{},\"value\":[6,6,6,6,6,6,6,6,6,6,6,6,6,6,6]},{\"type\":\"double\",\"attributes\":{},\"value\":[-20.71351176,-31.77861063,-40.26915961,-47.42702352,-53.73322821,-59.43447305,-64.67730876,-69.55722125,-74.14053528,-78.47554146,-82.59869534,-86.53831923,-90.31693639,-93.9528086,-97.46098616]},{\"type\":\"double\",\"attributes\":{},\"value\":[32.71351176,43.77861063,52.26915961,59.42702352,65.73322821,71.43447305,76.67730876,81.55722125,86.14053528,90.47554146,94.59869534,98.53831923,102.31693639,105.9528086,109.46098616]},{\"type\":\"integer\",\"attributes\":{},\"value\":[524,525,526,527,528,529,530,531,532,533,534,535,536,537,538]},{\"type\":\"character\",\"attributes\":{},\"value\":[\"NaiveArima\"]},{\"type\":\"character\",\"attributes\":{},\"value\":[\"all\"]},{\"type\":\"character\",\"attributes\":{},\"value\":[\"PB\"]},{\"type\":\"character\",\"attributes\":{},\"value\":[\"277.08\"]}]}"]
