["{\"type\":\"list\",\"attributes\":{\"names\":{\"type\":\"character\",\"attributes\":{},\"value\":[\"Point.Forecast\",\"Lo.95\",\"Hi.95\",\"moon\",\"model\",\"dataset\",\"species\",\"forecast_id\"]}},\"value\":[{\"type\":\"double\",\"attributes\":{},\"value\":[0.355,0.356,0.356,0.356,0.356,0.356,0.356,0.356,0.356,0.356,0.356,0.356,0.356,0.356,0.356]},{\"type\":\"double\",\"attributes\":{},\"value\":[0.261,0.263,0.263,0.261,0.258,0.26,0.26,0.259,0.258,0.257,0.255,0.255,0.25,0.252,0.249]},{\"type\":\"double\",\"attributes\":{},\"value\":[0.465,0.468,0.47,0.469,0.466,0.469,0.471,0.471,0.469,0.47,0.469,0.47,0.467,0.469,0.468]},{\"type\":\"integer\",\"attributes\":{},\"value\":[524,525,526,527,528,529,530,531,532,533,534,535,536,537,538]},{\"type\":\"character\",\"attributes\":{},\"value\":[\"jags_RW\"]},{\"type\":\"character\",\"attributes\":{},\"value\":[\"controls\"]},{\"type\":\"character\",\"attributes\":{},\"value\":[\"PB\"]},{\"type\":\"character\",\"attributes\":{},\"value\":[\"275.08\"]}]}"]
