["{\"type\":\"list\",\"attributes\":{\"names\":{\"type\":\"character\",\"attributes\":{},\"value\":[\"Point.Forecast\",\"Lo.95\",\"Hi.95\",\"moon\",\"model\",\"dataset\",\"species\",\"forecast_id\"]}},\"value\":[{\"type\":\"double\",\"attributes\":{},\"value\":[0.026,0.026,0.026,0.026,0.026,0.026,0.026,0.026,0.026,0.026,0.026,0.026,0.026,0.026,0.026]},{\"type\":\"double\",\"attributes\":{},\"value\":[0.012,0.011,0.011,0.011,0.011,0.011,0.011,0.01,0.01,0.01,0.01,0.01,0.01,0.009,0.01]},{\"type\":\"double\",\"attributes\":{},\"value\":[0.042,0.042,0.042,0.042,0.042,0.042,0.043,0.042,0.042,0.043,0.043,0.044,0.044,0.044,0.044]},{\"type\":\"integer\",\"attributes\":{},\"value\":[524,525,526,527,528,529,530,531,532,533,534,535,536,537,538]},{\"type\":\"character\",\"attributes\":{},\"value\":[\"jags_RW\"]},{\"type\":\"character\",\"attributes\":{},\"value\":[\"controls\"]},{\"type\":\"character\",\"attributes\":{},\"value\":[\"SH\"]},{\"type\":\"character\",\"attributes\":{},\"value\":[\"275.18\"]}]}"]
