["{\"type\":\"list\",\"attributes\":{\"names\":{\"type\":\"character\",\"attributes\":{},\"value\":[\"Point.Forecast\",\"Lo.95\",\"Hi.95\",\"moon\",\"model\",\"dataset\",\"species\",\"forecast_id\"]}},\"value\":[{\"type\":\"double\",\"attributes\":{},\"value\":[0,0,0,0,0,0,0,0,0,0,0,0,0,0,0]},{\"type\":\"double\",\"attributes\":{},\"value\":[-3.61392499,-5.11086174,-6.25950171,-7.22784999,-8.08098195,-8.85227221,-9.56154679,-10.22172348,-10.84177498,-11.42823428,-11.98603323,-12.51900341,-13.03019188,-13.52206915,-13.99667132]},{\"type\":\"double\",\"attributes\":{},\"value\":[3.61392499,5.11086174,6.25950171,7.22784999,8.08098195,8.85227221,9.56154679,10.22172348,10.84177498,11.42823428,11.98603323,12.51900341,13.03019188,13.52206915,13.99667132]},{\"type\":\"integer\",\"attributes\":{},\"value\":[524,525,526,527,528,529,530,531,532,533,534,535,536,537,538]},{\"type\":\"character\",\"attributes\":{},\"value\":[\"NaiveArima\"]},{\"type\":\"character\",\"attributes\":{},\"value\":[\"all\"]},{\"type\":\"character\",\"attributes\":{},\"value\":[\"NA\"]},{\"type\":\"character\",\"attributes\":{},\"value\":[\"277.05\"]}]}"]
