"currency","model","dataset","species","estimate","lower_pi","upper_pi","confidence_level","old_cast_id","forecast_id","origin","newmoonnumber","forecast_date","forecast_month","forecast_year","forecast_group","historic_start_newmoonnumber","historic_end_newmoonnumber","forecast_start_newmoonnumber","forecast_end_newmoonnumber","lead_time_newmoons","max_lag","lag_buffer"
"abundance","GPEDM","controls","SO",0,,,0.95,1850,"1850.22",,545,2021-10-21,7,2021,72,217,548,545,560,-3,,
"abundance","GPEDM","controls","SO",0,,,0.95,1850,"1850.22",,546,2021-10-21,8,2021,72,217,548,545,560,-2,,
"abundance","GPEDM","controls","SO",0,,,0.95,1850,"1850.22",,547,2021-10-21,9,2021,72,217,548,545,560,-1,,
"abundance","GPEDM","controls","SO",0,,,0.95,1850,"1850.22",,548,2021-10-21,10,2021,72,217,548,545,560,0,,
"abundance","GPEDM","controls","SO",0,,,0.95,1850,"1850.22",,549,2021-10-21,11,2021,72,217,548,545,560,1,,
"abundance","GPEDM","controls","SO",0,,,0.95,1850,"1850.22",,550,2021-10-21,12,2021,72,217,548,545,560,2,,
"abundance","GPEDM","controls","SO",0,,,0.95,1850,"1850.22",,551,2021-10-21,1,2022,72,217,548,545,560,3,,
"abundance","GPEDM","controls","SO",0,,,0.95,1850,"1850.22",,552,2021-10-21,2,2022,72,217,548,545,560,4,,
"abundance","GPEDM","controls","SO",0,,,0.95,1850,"1850.22",,553,2021-10-21,3,2022,72,217,548,545,560,5,,
"abundance","GPEDM","controls","SO",0,,,0.95,1850,"1850.22",,554,2021-10-21,4,2022,72,217,548,545,560,6,,
"abundance","GPEDM","controls","SO",0,,,0.95,1850,"1850.22",,555,2021-10-21,4,2022,72,217,548,545,560,7,,
"abundance","GPEDM","controls","SO",0,,,0.95,1850,"1850.22",,556,2021-10-21,5,2022,72,217,548,545,560,8,,
"abundance","GPEDM","controls","SO",0,,,0.95,1850,"1850.22",,557,2021-10-21,6,2022,72,217,548,545,560,9,,
"abundance","GPEDM","controls","SO",0,,,0.95,1850,"1850.22",,558,2021-10-21,7,2022,72,217,548,545,560,10,,
"abundance","GPEDM","controls","SO",0,,,0.95,1850,"1850.22",,559,2021-10-21,8,2022,72,217,548,545,560,11,,
"abundance","GPEDM","controls","SO",0,,,0.95,1850,"1850.22",,560,2021-10-21,9,2022,72,217,548,545,560,12,,
