"currency","model","confidence_level","dataset","species","estimate","lower_pi","upper_pi","old_cast_id","forecast_id","origin","newmoonnumber","forecast_date","forecast_month","forecast_year","forecast_group","historic_start_newmoonnumber","historic_end_newmoonnumber","forecast_start_newmoonnumber","forecast_end_newmoonnumber","lead_time_newmoons","max_lag","lag_buffer"
"abundance","nbGARCH",0.95,"controls","DO",3.11113784017047,0,7,2813,"2813.03",,559,2022-08-25,8,2022,109,217,558,559,570,1,,
"abundance","nbGARCH",0.95,"controls","DO",3.19727549942925,0,8,2813,"2813.03",,560,2022-08-25,9,2022,109,217,558,559,570,2,,
"abundance","nbGARCH",0.95,"controls","DO",3.25991789466212,0,9,2813,"2813.03",,561,2022-08-25,10,2022,109,217,558,559,570,3,,
"abundance","nbGARCH",0.95,"controls","DO",3.31258837479791,0,10,2813,"2813.03",,562,2022-08-25,11,2022,109,217,558,559,570,4,,
"abundance","nbGARCH",0.95,"controls","DO",3.35340309494621,0,10,2813,"2813.03",,563,2022-08-25,12,2022,109,217,558,559,570,5,,
"abundance","nbGARCH",0.95,"controls","DO",3.38075032718646,0,10,2813,"2813.03",,564,2022-08-25,1,2023,109,217,558,559,570,6,,
"abundance","nbGARCH",0.95,"controls","DO",3.39456521576559,0,10,2813,"2813.03",,565,2022-08-25,2,2023,109,217,558,559,570,7,,
"abundance","nbGARCH",0.95,"controls","DO",3.4169240888281,0,10,2813,"2813.03",,566,2022-08-25,3,2023,109,217,558,559,570,8,,
"abundance","nbGARCH",0.95,"controls","DO",3.42991678467795,0,10,2813,"2813.03",,567,2022-08-25,4,2023,109,217,558,559,570,9,,
"abundance","nbGARCH",0.95,"controls","DO",3.4399711181337,0,11,2813,"2813.03",,568,2022-08-25,5,2023,109,217,558,559,570,10,,
"abundance","nbGARCH",0.95,"controls","DO",3.45211553911711,0,11,2813,"2813.03",,569,2022-08-25,6,2023,109,217,558,559,570,11,,
"abundance","nbGARCH",0.95,"controls","DO",3.46151544227827,0,11,2813,"2813.03",,570,2022-08-25,7,2023,109,217,558,559,570,12,,
