"currency","model","dataset","species","estimate","lower_pi","upper_pi","confidence_level","old_cast_id","forecast_id","origin","newmoonnumber","forecast_date","forecast_month","forecast_year","forecast_group","historic_start_newmoonnumber","historic_end_newmoonnumber","forecast_start_newmoonnumber","forecast_end_newmoonnumber","lead_time_newmoons","max_lag","lag_buffer"
"abundance","GPEDM","controls","PH",0,,,0.95,1217,"1217.12",,528,2020-09-10,2,2020,49,217,534,528,546,-6,,
"abundance","GPEDM","controls","PH",0,,,0.95,1217,"1217.12",,529,2020-09-10,3,2020,49,217,534,528,546,-5,,
"abundance","GPEDM","controls","PH",0,,,0.95,1217,"1217.12",,530,2020-09-10,4,2020,49,217,534,528,546,-4,,
"abundance","GPEDM","controls","PH",0,,,0.95,1217,"1217.12",,531,2020-09-10,5,2020,49,217,534,528,546,-3,,
"abundance","GPEDM","controls","PH",0,,,0.95,1217,"1217.12",,532,2020-09-10,6,2020,49,217,534,528,546,-2,,
"abundance","GPEDM","controls","PH",0,,,0.95,1217,"1217.12",,533,2020-09-10,7,2020,49,217,534,528,546,-1,,
"abundance","GPEDM","controls","PH",0,,,0.95,1217,"1217.12",,534,2020-09-10,8,2020,49,217,534,528,546,0,,
"abundance","GPEDM","controls","PH",0,,,0.95,1217,"1217.12",,535,2020-09-10,9,2020,49,217,534,528,546,1,,
"abundance","GPEDM","controls","PH",0,,,0.95,1217,"1217.12",,536,2020-09-10,10,2020,49,217,534,528,546,2,,
"abundance","GPEDM","controls","PH",0,,,0.95,1217,"1217.12",,537,2020-09-10,11,2020,49,217,534,528,546,3,,
"abundance","GPEDM","controls","PH",0,,,0.95,1217,"1217.12",,538,2020-09-10,12,2020,49,217,534,528,546,4,,
"abundance","GPEDM","controls","PH",0,,,0.95,1217,"1217.12",,539,2020-09-10,1,2021,49,217,534,528,546,5,,
"abundance","GPEDM","controls","PH",0,,,0.95,1217,"1217.12",,540,2020-09-10,2,2021,49,217,534,528,546,6,,
"abundance","GPEDM","controls","PH",0,,,0.95,1217,"1217.12",,541,2020-09-10,3,2021,49,217,534,528,546,7,,
"abundance","GPEDM","controls","PH",0,,,0.95,1217,"1217.12",,542,2020-09-10,4,2021,49,217,534,528,546,8,,
"abundance","GPEDM","controls","PH",0,,,0.95,1217,"1217.12",,543,2020-09-10,5,2021,49,217,534,528,546,9,,
"abundance","GPEDM","controls","PH",0,,,0.95,1217,"1217.12",,544,2020-09-10,6,2021,49,217,534,528,546,10,,
"abundance","GPEDM","controls","PH",0,,,0.95,1217,"1217.12",,545,2020-09-10,7,2021,49,217,534,528,546,11,,
"abundance","GPEDM","controls","PH",0,,,0.95,1217,"1217.12",,546,2020-09-10,8,2021,49,217,534,528,546,12,,
