["{\"type\":\"list\",\"attributes\":{\"names\":{\"type\":\"character\",\"attributes\":{},\"value\":[\"Point.Forecast\",\"Lo.95\",\"Hi.95\",\"moon\",\"model\",\"dataset\",\"species\",\"forecast_id\"]}},\"value\":[{\"type\":\"double\",\"attributes\":{},\"value\":[0,0,0,0,0,0,0,0,0,0,0,0,0,0]},{\"type\":\"double\",\"attributes\":{},\"value\":[-2.28591381,-2.5407575,-3.0653645,-3.37119287,-3.71615417,-4.00037139,-4.2806553,-4.53638248,-4.7820002,-5.01385562,-5.23631462,-5.44927401,-5.65442969,-5.85229285]},{\"type\":\"double\",\"attributes\":{},\"value\":[2.28591381,2.5407575,3.0653645,3.37119287,3.71615417,4.00037139,4.2806553,4.53638248,4.7820002,5.01385562,5.23631462,5.44927401,5.65442969,5.85229285]},{\"type\":\"integer\",\"attributes\":{},\"value\":[524,525,526,527,528,529,530,531,532,533,534,535,536,537]},{\"type\":\"character\",\"attributes\":{},\"value\":[\"AutoArima\"]},{\"type\":\"character\",\"attributes\":{},\"value\":[\"controls\"]},{\"type\":\"character\",\"attributes\":{},\"value\":[\"PF\"]},{\"type\":\"character\",\"attributes\":{},\"value\":[\"92.11\"]}]}"]
