["{\"type\":\"list\",\"attributes\":{\"names\":{\"type\":\"character\",\"attributes\":{},\"value\":[\"Point.Forecast\",\"Lo.95\",\"Hi.95\",\"moon\",\"model\",\"dataset\",\"species\",\"forecast_id\"]}},\"value\":[{\"type\":\"double\",\"attributes\":{},\"value\":[0.46302373,0.34467505,0.26736221,0.26736221,0.26736221,0.26736221,0.26736221,0.26736221,0.26736221,0.26736221,0.26736221,0.26736221,0.26736221,0.26736221]},{\"type\":\"double\",\"attributes\":{},\"value\":[-1.29620636,-1.55350467,-1.68949292,-1.71666365,-1.74346726,-1.76991827,-1.79603022,-1.82181583,-1.84728705,-1.87245508,-1.89733052,-1.92192334,-1.94624294,-1.97029825]},{\"type\":\"double\",\"attributes\":{},\"value\":[2.22225382,2.24285477,2.22421734,2.25138807,2.27819168,2.30464269,2.33075464,2.35654025,2.38201147,2.4071795,2.43205494,2.45664776,2.48096736,2.50502267]},{\"type\":\"integer\",\"attributes\":{},\"value\":[524,525,526,527,528,529,530,531,532,533,534,535,536,537]},{\"type\":\"character\",\"attributes\":{},\"value\":[\"AutoArima\"]},{\"type\":\"character\",\"attributes\":{},\"value\":[\"exclosures\"]},{\"type\":\"character\",\"attributes\":{},\"value\":[\"PF\"]},{\"type\":\"character\",\"attributes\":{},\"value\":[\"93.09\"]}]}"]
