["{\"type\":\"list\",\"attributes\":{\"names\":{\"type\":\"character\",\"attributes\":{},\"value\":[\"Point.Forecast\",\"Lo.95\",\"Hi.95\",\"moon\",\"model\",\"dataset\",\"species\",\"forecast_id\"]}},\"value\":[{\"type\":\"double\",\"attributes\":{},\"value\":[1.5987991e-14,1.5987991e-14,1.5987991e-14,1.5987991e-14,1.5987991e-14,1.5987991e-14,1.5987991e-14,1.5987991e-14,1.5987991e-14,1.5987991e-14,1.5987991e-14,1.5987991e-14,1.5987991e-14,1.5987991e-14]},{\"type\":\"double\",\"attributes\":{},\"value\":[-3.23319505,-3.90633049,-4.47942916,-4.98709868,-5.44766197,-5.87221327,-6.26807437,-6.6403783,-6.99288865,-7.32846228,-7.64932854,-7.95726679,-8.25372416,-8.53989638]},{\"type\":\"double\",\"attributes\":{},\"value\":[3.23319505,3.90633049,4.47942916,4.98709868,5.44766197,5.87221327,6.26807437,6.6403783,6.99288865,7.32846228,7.64932854,7.95726679,8.25372416,8.53989638]},{\"type\":\"integer\",\"attributes\":{},\"value\":[524,525,526,527,528,529,530,531,532,533,534,535,536,537]},{\"type\":\"character\",\"attributes\":{},\"value\":[\"ESSS\"]},{\"type\":\"character\",\"attributes\":{},\"value\":[\"exclosures\"]},{\"type\":\"character\",\"attributes\":{},\"value\":[\"PH\"]},{\"type\":\"character\",\"attributes\":{},\"value\":[\"96.11\"]}]}"]
