"currency","model","dataset","species","estimate","lower_pi","upper_pi","confidence_level","old_cast_id","forecast_id","origin","newmoonnumber","forecast_date","forecast_month","forecast_year","forecast_group","historic_start_newmoonnumber","historic_end_newmoonnumber","forecast_start_newmoonnumber","forecast_end_newmoonnumber","lead_time_newmoons","max_lag","lag_buffer"
"abundance","NaiveArima","controls","total",29,7.47875390959925,50.5212460904008,0.95,98,"98.19",,524,2019-11-29,10,2019,5,217,525,524,537,-1,,
"abundance","NaiveArima","controls","total",29,-1.43563810021369,59.4356381002137,0.95,98,"98.19",,525,2019-11-29,11,2019,5,217,525,524,537,0,,
"abundance","NaiveArima","controls","total",29,-8.27589167076717,66.2758916707672,0.95,98,"98.19",,526,2019-11-29,12,2019,5,217,525,524,537,1,,
"abundance","NaiveArima","controls","total",29,-14.0424921808015,72.0424921808015,0.95,98,"98.19",,527,2019-11-29,1,2020,5,217,525,524,537,2,,
"abundance","NaiveArima","controls","total",29,-19.1229692186377,77.1229692186377,0.95,98,"98.19",,528,2019-11-29,2,2020,5,217,525,524,537,3,,
"abundance","NaiveArima","controls","total",29,-23.7160715503492,81.7160715503492,0.95,98,"98.19",,529,2019-11-29,3,2020,5,217,525,524,537,4,,
"abundance","NaiveArima","controls","total",29,-27.9398650594215,85.9398650594215,0.95,98,"98.19",,530,2019-11-29,4,2020,5,217,525,524,537,5,,
"abundance","NaiveArima","controls","total",29,-31.8712762004274,89.8712762004274,0.95,98,"98.19",,531,2019-11-29,5,2020,5,217,525,524,537,6,,
"abundance","NaiveArima","controls","total",29,-35.5637382712023,93.5637382712023,0.95,98,"98.19",,532,2019-11-29,6,2020,5,217,525,524,537,7,,
"abundance","NaiveArima","controls","total",29,-39.0561557306604,97.0561557306604,0.95,98,"98.19",,533,2019-11-29,7,2020,5,217,525,524,537,8,,
"abundance","NaiveArima","controls","total",29,-42.3778983027624,100.377898302762,0.95,98,"98.19",,534,2019-11-29,8,2020,5,217,525,524,537,9,,
"abundance","NaiveArima","controls","total",29,-45.5517833415343,103.551783341534,0.95,98,"98.19",,535,2019-11-29,9,2020,5,217,525,524,537,10,,
"abundance","NaiveArima","controls","total",29,-48.5959562908188,106.595956290819,0.95,98,"98.19",,536,2019-11-29,10,2020,5,217,525,524,537,11,,
"abundance","NaiveArima","controls","total",29,-51.5251294067278,109.525129406728,0.95,98,"98.19",,537,2019-11-29,11,2020,5,217,525,524,537,12,,
