["{\"type\":\"list\",\"attributes\":{\"names\":{\"type\":\"character\",\"attributes\":{},\"value\":[\"Point.Forecast\",\"Lo.95\",\"Hi.95\",\"moon\",\"model\",\"dataset\",\"species\",\"forecast_id\"]}},\"value\":[{\"type\":\"double\",\"attributes\":{},\"value\":[3,3,3,3,3,3,3,3,3,3,3,3,3,3]},{\"type\":\"double\",\"attributes\":{},\"value\":[-0.86171685,-2.46129234,-3.68868978,-4.72343369,-5.63506138,-6.4592358,-7.21714241,-7.92258467,-8.58515054,-9.21182091,-9.80786582,-10.37737956,-10.9236181,-11.44922136]},{\"type\":\"double\",\"attributes\":{},\"value\":[6.86171685,8.46129234,9.68868978,10.72343369,11.63506138,12.4592358,13.21714241,13.92258467,14.58515054,15.21182091,15.80786582,16.37737956,16.9236181,17.44922136]},{\"type\":\"integer\",\"attributes\":{},\"value\":[524,525,526,527,528,529,530,531,532,533,534,535,536,537]},{\"type\":\"character\",\"attributes\":{},\"value\":[\"NaiveArima\"]},{\"type\":\"character\",\"attributes\":{},\"value\":[\"all\"]},{\"type\":\"character\",\"attributes\":{},\"value\":[\"OL\"]},{\"type\":\"character\",\"attributes\":{},\"value\":[\"97.06\"]}]}"]
