["{\"type\":\"list\",\"attributes\":{\"names\":{\"type\":\"character\",\"attributes\":{},\"value\":[\"Point.Forecast\",\"Lo.95\",\"Hi.95\",\"moon\",\"model\",\"dataset\",\"species\",\"forecast_id\"]}},\"value\":[{\"type\":\"double\",\"attributes\":{},\"value\":[0,0,0,0,0,0,0,0,0,0,0,0,0,0]},{\"type\":\"double\",\"attributes\":{},\"value\":[-4.34491834,-6.14464245,-7.52561933,-8.68983669,-9.71553277,-10.64283292,-11.49557341,-12.2892849,-13.03475503,-13.73983821,-14.41046389,-15.05123865,-15.66582588,-16.25719582]},{\"type\":\"double\",\"attributes\":{},\"value\":[4.34491834,6.14464245,7.52561933,8.68983669,9.71553277,10.64283292,11.49557341,12.2892849,13.03475503,13.73983821,14.41046389,15.05123865,15.66582588,16.25719582]},{\"type\":\"integer\",\"attributes\":{},\"value\":[524,525,526,527,528,529,530,531,532,533,534,535,536,537]},{\"type\":\"character\",\"attributes\":{},\"value\":[\"NaiveArima\"]},{\"type\":\"character\",\"attributes\":{},\"value\":[\"all\"]},{\"type\":\"character\",\"attributes\":{},\"value\":[\"SF\"]},{\"type\":\"character\",\"attributes\":{},\"value\":[\"97.19\"]}]}"]
