["{\"type\":\"list\",\"attributes\":{\"names\":{\"type\":\"character\",\"attributes\":{},\"value\":[\"Point.Forecast\",\"Lo.95\",\"Hi.95\",\"moon\",\"model\",\"dataset\",\"species\",\"forecast_id\"]}},\"value\":[{\"type\":\"double\",\"attributes\":{},\"value\":[0,0,0,0,0,0,0,0,0,0,0,0,0,0]},{\"type\":\"double\",\"attributes\":{},\"value\":[-1.11588408,-1.5780984,-1.93276792,-2.23176816,-2.49519266,-2.73334661,-2.95235177,-3.1561968,-3.34765224,-3.5287353,-3.70096881,-3.86553585,-4.02337727,-4.17525591]},{\"type\":\"double\",\"attributes\":{},\"value\":[1.11588408,1.5780984,1.93276792,2.23176816,2.49519266,2.73334661,2.95235177,3.1561968,3.34765224,3.5287353,3.70096881,3.86553585,4.02337727,4.17525591]},{\"type\":\"integer\",\"attributes\":{},\"value\":[525,526,527,528,529,530,531,532,533,534,535,536,537,538]},{\"type\":\"character\",\"attributes\":{},\"value\":[\"NaiveArima\"]},{\"type\":\"character\",\"attributes\":{},\"value\":[\"controls\"]},{\"type\":\"character\",\"attributes\":{},\"value\":[\"total\"]},{\"type\":\"character\",\"attributes\":{},\"value\":[\"299.19\"]}]}"]
