["{\"type\":\"list\",\"attributes\":{\"names\":{\"type\":\"character\",\"attributes\":{},\"value\":[\"Point.Forecast\",\"Lo.95\",\"Hi.95\",\"moon\",\"model\",\"dataset\",\"species\",\"forecast_id\"]}},\"value\":[{\"type\":\"double\",\"attributes\":{},\"value\":[19,19,19,19,19,19,19,19,19,19,19,19,19,19]},{\"type\":\"double\",\"attributes\":{},\"value\":[3.74782559,-2.56983191,-7.41754101,-11.50434882,-15.10489879,-18.36004478,-21.35346045,-24.13966382,-26.75652324,-29.23161041,-31.58573976,-33.83508202,-35.99249691,-38.06841105]},{\"type\":\"double\",\"attributes\":{},\"value\":[34.25217441,40.56983191,45.41754101,49.50434882,53.10489879,56.36004478,59.35346045,62.13966382,64.75652324,67.23161041,69.58573976,71.83508202,73.99249691,76.06841105]},{\"type\":\"integer\",\"attributes\":{},\"value\":[525,526,527,528,529,530,531,532,533,534,535,536,537,538]},{\"type\":\"character\",\"attributes\":{},\"value\":[\"NaiveArima\"]},{\"type\":\"character\",\"attributes\":{},\"value\":[\"all\"]},{\"type\":\"character\",\"attributes\":{},\"value\":[\"DM\"]},{\"type\":\"character\",\"attributes\":{},\"value\":[\"298.02\"]}]}"]
