["{\"type\":\"list\",\"attributes\":{\"names\":{\"type\":\"character\",\"attributes\":{},\"value\":[\"Point.Forecast\",\"Lo.95\",\"Hi.95\",\"moon\",\"model\",\"dataset\",\"species\",\"forecast_id\"]}},\"value\":[{\"type\":\"double\",\"attributes\":{},\"value\":[1,1,1,1,1,1,1,1,1,1,1,1,1,1]},{\"type\":\"double\",\"attributes\":{},\"value\":[-9.03747917,-13.19513918,-16.38542391,-19.07495835,-21.44448575,-23.58670228,-25.55667368,-27.39027836,-29.11243752,-30.74129616,-32.29055226,-33.77084782,-35.19064584,-36.55680809]},{\"type\":\"double\",\"attributes\":{},\"value\":[11.03747917,15.19513918,18.38542391,21.07495835,23.44448575,25.58670228,27.55667368,29.39027836,31.11243752,32.74129616,34.29055226,35.77084782,37.19064584,38.55680809]},{\"type\":\"integer\",\"attributes\":{},\"value\":[525,526,527,528,529,530,531,532,533,534,535,536,537,538]},{\"type\":\"character\",\"attributes\":{},\"value\":[\"NaiveArima\"]},{\"type\":\"character\",\"attributes\":{},\"value\":[\"exclosures\"]},{\"type\":\"character\",\"attributes\":{},\"value\":[\"PE\"]},{\"type\":\"character\",\"attributes\":{},\"value\":[\"300.08\"]}]}"]
