["{\"type\":\"list\",\"attributes\":{\"names\":{\"type\":\"character\",\"attributes\":{},\"value\":[\"Point.Forecast\",\"Lo.95\",\"Hi.95\",\"moon\",\"model\",\"dataset\",\"species\",\"forecast_id\"]}},\"value\":[{\"type\":\"double\",\"attributes\":{},\"value\":[0.00017618,0.00024211,0.00029505,0.00032009,0.00032009,0.00032009,0.00032009,0.00032009,0.00032009,0.00032009,0.00032009,0.00032009,0.00032009,0.00032009]},{\"type\":\"double\",\"attributes\":{},\"value\":[-1.68126569,-1.96752643,-2.21536148,-2.37506729,-2.4684665,-2.55845878,-2.64539178,-2.72955781,-2.81120537,-2.89054785,-2.96777012,-3.04303357,-3.11648012,-3.18823532]},{\"type\":\"double\",\"attributes\":{},\"value\":[1.68161804,1.96801064,2.21595158,2.37570747,2.46910669,2.55909896,2.64603197,2.730198,2.81184555,2.89118803,2.9684103,3.04367376,3.1171203,3.1888755]},{\"type\":\"integer\",\"attributes\":{},\"value\":[525,526,527,528,529,530,531,532,533,534,535,536,537,538]},{\"type\":\"character\",\"attributes\":{},\"value\":[\"AutoArima\"]},{\"type\":\"character\",\"attributes\":{},\"value\":[\"exclosures\"]},{\"type\":\"character\",\"attributes\":{},\"value\":[\"PP\"]},{\"type\":\"character\",\"attributes\":{},\"value\":[\"294.14\"]}]}"]
