["{\"type\":\"list\",\"attributes\":{\"names\":{\"type\":\"character\",\"attributes\":{},\"value\":[\"Point.Forecast\",\"Lo.95\",\"Hi.95\",\"moon\",\"model\",\"dataset\",\"species\",\"forecast_id\"]}},\"value\":[{\"type\":\"double\",\"attributes\":{},\"value\":[74,74,74,74,74,74,74,74,74,74,74,74,74,74]},{\"type\":\"double\",\"attributes\":{},\"value\":[-8.60595708,-42.82246483,-69.07771466,-91.21191415,-110.71253537,-128.34244455,-144.55481923,-159.64492966,-173.81787123,-187.22297266,-199.97296507,-212.15542933,-223.84001389,-235.08318948]},{\"type\":\"double\",\"attributes\":{},\"value\":[156.60595708,190.82246483,217.07771466,239.21191415,258.71253537,276.34244455,292.55481923,307.64492966,321.81787123,335.22297266,347.97296507,360.15542933,371.84001389,383.08318948]},{\"type\":\"integer\",\"attributes\":{},\"value\":[525,526,527,528,529,530,531,532,533,534,535,536,537,538]},{\"type\":\"character\",\"attributes\":{},\"value\":[\"NaiveArima\"]},{\"type\":\"character\",\"attributes\":{},\"value\":[\"all\"]},{\"type\":\"character\",\"attributes\":{},\"value\":[\"total\"]},{\"type\":\"character\",\"attributes\":{},\"value\":[\"298.23\"]}]}"]
