["{\"type\":\"list\",\"attributes\":{\"names\":{\"type\":\"character\",\"attributes\":{},\"value\":[\"Point.Forecast\",\"Lo.95\",\"Hi.95\",\"moon\",\"model\",\"dataset\",\"species\",\"forecast_id\"]}},\"value\":[{\"type\":\"double\",\"attributes\":{},\"value\":[0,0,0,0,0,0,0,0,0,0,0,0,0,0]},{\"type\":\"double\",\"attributes\":{},\"value\":[-3.87172567,-5.47544695,-6.70602557,-7.74345134,-8.65744178,-9.48375231,-10.24362326,-10.9508939,-11.615177,-12.24347158,-12.84106133,-13.41205114,-13.95970542,-14.48667094]},{\"type\":\"double\",\"attributes\":{},\"value\":[3.87172567,5.47544695,6.70602557,7.74345134,8.65744178,9.48375231,10.24362326,10.9508939,11.615177,12.24347158,12.84106133,13.41205114,13.95970542,14.48667094]},{\"type\":\"integer\",\"attributes\":{},\"value\":[525,526,527,528,529,530,531,532,533,534,535,536,537,538]},{\"type\":\"character\",\"attributes\":{},\"value\":[\"NaiveArima\"]},{\"type\":\"character\",\"attributes\":{},\"value\":[\"all\"]},{\"type\":\"character\",\"attributes\":{},\"value\":[\"OL\"]},{\"type\":\"character\",\"attributes\":{},\"value\":[\"298.06\"]}]}"]
