["{\"type\":\"list\",\"attributes\":{\"names\":{\"type\":\"character\",\"attributes\":{},\"value\":[\"Point.Forecast\",\"Lo.95\",\"Hi.95\",\"moon\",\"model\",\"dataset\",\"species\",\"forecast_id\"]}},\"value\":[{\"type\":\"double\",\"attributes\":{},\"value\":[0,0,0,0,0,0,0,0,0,0,0,0,0,0]},{\"type\":\"double\",\"attributes\":{},\"value\":[-1.47180098,-2.08144091,-2.54923407,-2.94360196,-3.29104704,-3.6051614,-3.89401937,-4.16288181,-4.41540294,-4.65424336,-4.88141161,-5.09846815,-5.3066539,-5.50697501]},{\"type\":\"double\",\"attributes\":{},\"value\":[1.47180098,2.08144091,2.54923407,2.94360196,3.29104704,3.6051614,3.89401937,4.16288181,4.41540294,4.65424336,4.88141161,5.09846815,5.3066539,5.50697501]},{\"type\":\"integer\",\"attributes\":{},\"value\":[525,526,527,528,529,530,531,532,533,534,535,536,537,538]},{\"type\":\"character\",\"attributes\":{},\"value\":[\"NaiveArima\"]},{\"type\":\"character\",\"attributes\":{},\"value\":[\"exclosures\"]},{\"type\":\"character\",\"attributes\":{},\"value\":[\"total\"]},{\"type\":\"character\",\"attributes\":{},\"value\":[\"300.21\"]}]}"]
