["{\"type\":\"list\",\"attributes\":{\"names\":{\"type\":\"character\",\"attributes\":{},\"value\":[\"Point.Forecast\",\"Lo.95\",\"Hi.95\",\"moon\",\"model\",\"dataset\",\"species\",\"forecast_id\"]}},\"value\":[{\"type\":\"double\",\"attributes\":{},\"value\":[0,0,0,0,0,0,0,0,0,0,0,0,0,0]},{\"type\":\"double\",\"attributes\":{},\"value\":[-2.1600252,-3.05473693,-3.74127338,-4.32005039,-4.82996317,-5.29095956,-5.71488949,-6.10947385,-6.48007559,-6.83059942,-7.16399311,-7.48254677,-7.7880816,-8.08207423]},{\"type\":\"double\",\"attributes\":{},\"value\":[2.1600252,3.05473693,3.74127338,4.32005039,4.82996317,5.29095956,5.71488949,6.10947385,6.48007559,6.83059942,7.16399311,7.48254677,7.7880816,8.08207423]},{\"type\":\"integer\",\"attributes\":{},\"value\":[525,526,527,528,529,530,531,532,533,534,535,536,537,538]},{\"type\":\"character\",\"attributes\":{},\"value\":[\"NaiveArima\"]},{\"type\":\"character\",\"attributes\":{},\"value\":[\"controls\"]},{\"type\":\"character\",\"attributes\":{},\"value\":[\"SF\"]},{\"type\":\"character\",\"attributes\":{},\"value\":[\"299.17\"]}]}"]
