["{\"type\":\"list\",\"attributes\":{\"names\":{\"type\":\"character\",\"attributes\":{},\"value\":[\"Point.Forecast\",\"Lo.95\",\"Hi.95\",\"moon\",\"model\",\"dataset\",\"species\",\"forecast_id\"]}},\"value\":[{\"type\":\"double\",\"attributes\":{},\"value\":[0,0,0,0,0,0,0,0,0,0,0,0,0]},{\"type\":\"double\",\"attributes\":{},\"value\":[-1.55847967,-2.20402309,-2.69936597,-3.11695934,-3.48486649,-3.81747997,-4.12334963,-4.40804617,-4.67543901,-4.92834545,-5.16889231,-5.39873194,-5.61917836]},{\"type\":\"double\",\"attributes\":{},\"value\":[1.55847967,2.20402309,2.69936597,3.11695934,3.48486649,3.81747997,4.12334963,4.40804617,4.67543901,4.92834545,5.16889231,5.39873194,5.61917836]},{\"type\":\"integer\",\"attributes\":{},\"value\":[524,525,526,527,528,529,530,531,532,533,534,535,536]},{\"type\":\"character\",\"attributes\":{},\"value\":[\"NaiveArima\"]},{\"type\":\"character\",\"attributes\":{},\"value\":[\"exclosures\"]},{\"type\":\"character\",\"attributes\":{},\"value\":[\"BA\"]},{\"type\":\"character\",\"attributes\":{},\"value\":[\"9.01\"]}]}"]
