["{\"type\":\"list\",\"attributes\":{\"names\":{\"type\":\"character\",\"attributes\":{},\"value\":[\"Point.Forecast\",\"Lo.95\",\"Hi.95\",\"moon\",\"model\",\"dataset\",\"species\",\"forecast_id\"]}},\"value\":[{\"type\":\"double\",\"attributes\":{},\"value\":[0.42420507,0.42420507,0.42420507,0.42420507,0.42420507,0.42420507,0.42420507,0.42420507,0.42420507,0.42420507,0.42420507,0.42420507,0.42420507]},{\"type\":\"double\",\"attributes\":{},\"value\":[-1.39385528,-1.55051,-1.6956194,-1.83141279,-1.95948285,-2.08101433,-2.19691691,-2.30790704,-2.41456099,-2.51735045,-2.61666735,-2.71284151,-2.80615364]},{\"type\":\"double\",\"attributes\":{},\"value\":[2.24226543,2.39892014,2.54402954,2.67982293,2.80789299,2.92942448,3.04532705,3.15631718,3.26297113,3.3657606,3.46507749,3.56125165,3.65456378]},{\"type\":\"integer\",\"attributes\":{},\"value\":[524,525,526,527,528,529,530,531,532,533,534,535,536]},{\"type\":\"character\",\"attributes\":{},\"value\":[\"ESSS\"]},{\"type\":\"character\",\"attributes\":{},\"value\":[\"exclosures\"]},{\"type\":\"character\",\"attributes\":{},\"value\":[\"PF\"]},{\"type\":\"character\",\"attributes\":{},\"value\":[\"6.09\"]}]}"]
