["{\"type\":\"list\",\"attributes\":{\"names\":{\"type\":\"character\",\"attributes\":{},\"value\":[\"Point.Forecast\",\"Lo.95\",\"Hi.95\",\"moon\",\"model\",\"dataset\",\"species\",\"forecast_id\"]}},\"value\":[{\"type\":\"double\",\"attributes\":{},\"value\":[1.15754024e-11,1.15754024e-11,1.15754024e-11,1.15754024e-11,1.15754024e-11,1.15754024e-11,1.15754024e-11,1.15754024e-11,1.15754024e-11,1.15754024e-11,1.15754024e-11,1.15754024e-11,1.15754024e-11]},{\"type\":\"double\",\"attributes\":{},\"value\":[-0.56386682,-0.6405352,-0.70896044,-0.77133939,-0.829038,-0.88297427,-0.93380036,-0.98199933,-1.02794077,-1.07191501,-1.11415499,-1.15485103,-1.19416098]},{\"type\":\"double\",\"attributes\":{},\"value\":[0.56386682,0.6405352,0.70896044,0.77133939,0.829038,0.88297427,0.93380036,0.98199933,1.02794077,1.07191501,1.11415499,1.15485103,1.19416098]},{\"type\":\"integer\",\"attributes\":{},\"value\":[524,525,526,527,528,529,530,531,532,533,534,535,536]},{\"type\":\"character\",\"attributes\":{},\"value\":[\"ESSS\"]},{\"type\":\"character\",\"attributes\":{},\"value\":[\"exclosures\"]},{\"type\":\"character\",\"attributes\":{},\"value\":[\"SF\"]},{\"type\":\"character\",\"attributes\":{},\"value\":[\"6.18\"]}]}"]
