["{\"type\":\"list\",\"attributes\":{\"names\":{\"type\":\"character\",\"attributes\":{},\"value\":[\"Point.Forecast\",\"Lo.95\",\"Hi.95\",\"moon\",\"model\",\"dataset\",\"species\",\"forecast_id\"]}},\"value\":[{\"type\":\"double\",\"attributes\":{},\"value\":[0,0,0,0,0,0,0,0,0,0,0,0,0]},{\"type\":\"double\",\"attributes\":{},\"value\":[-0.37979534,-0.53711172,-0.65782483,-0.75959068,-0.8492482,-0.93030479,-1.00484402,-1.07422344,-1.13938602,-1.20101832,-1.25963864,-1.31564965,-1.36937158]},{\"type\":\"double\",\"attributes\":{},\"value\":[0.37979534,0.53711172,0.65782483,0.75959068,0.8492482,0.93030479,1.00484402,1.07422344,1.13938602,1.20101832,1.25963864,1.31564965,1.36937158]},{\"type\":\"integer\",\"attributes\":{},\"value\":[524,525,526,527,528,529,530,531,532,533,534,535,536]},{\"type\":\"character\",\"attributes\":{},\"value\":[\"NaiveArima\"]},{\"type\":\"character\",\"attributes\":{},\"value\":[\"controls\"]},{\"type\":\"character\",\"attributes\":{},\"value\":[\"SH\"]},{\"type\":\"character\",\"attributes\":{},\"value\":[\"8.18\"]}]}"]
