["{\"type\":\"list\",\"attributes\":{\"names\":{\"type\":\"character\",\"attributes\":{},\"value\":[\"Point.Forecast\",\"Lo.95\",\"Hi.95\",\"moon\",\"model\",\"dataset\",\"species\",\"forecast_id\"]}},\"value\":[{\"type\":\"double\",\"attributes\":{},\"value\":[5.49987896e-07,5.49987896e-07,5.49987896e-07,5.49987896e-07,5.49987896e-07,5.49987896e-07,5.49987896e-07,5.49987896e-07,5.49987896e-07,5.49987896e-07,5.49987896e-07,5.49987896e-07,5.49987896e-07]},{\"type\":\"double\",\"attributes\":{},\"value\":[-0.68975132,-0.73822305,-0.78370253,-0.82668377,-0.86753815,-0.90655328,-0.94395723,-0.97993451,-1.01463691,-1.04819104,-1.08070388,-1.11226673,-1.1429583]},{\"type\":\"double\",\"attributes\":{},\"value\":[0.68975242,0.73822415,0.78370363,0.82668487,0.86753925,0.90655438,0.94395833,0.97993561,1.01463801,1.04819214,1.08070498,1.11226783,1.1429594]},{\"type\":\"integer\",\"attributes\":{},\"value\":[524,525,526,527,528,529,530,531,532,533,534,535,536]},{\"type\":\"character\",\"attributes\":{},\"value\":[\"ESSS\"]},{\"type\":\"character\",\"attributes\":{},\"value\":[\"controls\"]},{\"type\":\"character\",\"attributes\":{},\"value\":[\"NA\"]},{\"type\":\"character\",\"attributes\":{},\"value\":[\"5.05\"]}]}"]
