["{\"type\":\"list\",\"attributes\":{\"names\":{\"type\":\"character\",\"attributes\":{},\"value\":[\"Point.Forecast\",\"Lo.95\",\"Hi.95\",\"moon\",\"model\",\"dataset\",\"species\",\"forecast_id\"]}},\"value\":[{\"type\":\"double\",\"attributes\":{},\"value\":[0.06282207,0.07713164,0.07713164,0.07713164,0.07713164,0.07713164,0.07713164,0.07713164,0.07713164,0.07713164,0.07713164,0.07713164,0.07713164]},{\"type\":\"double\",\"attributes\":{},\"value\":[-0.50957346,-0.50992525,-0.50992525,-0.50992525,-0.50992525,-0.50992525,-0.50992525,-0.50992525,-0.50992525,-0.50992525,-0.50992525,-0.50992525,-0.50992525]},{\"type\":\"double\",\"attributes\":{},\"value\":[0.6352176,0.66418852,0.66418852,0.66418852,0.66418852,0.66418852,0.66418852,0.66418852,0.66418852,0.66418852,0.66418852,0.66418852,0.66418852]},{\"type\":\"integer\",\"attributes\":{},\"value\":[524,525,526,527,528,529,530,531,532,533,534,535,536]},{\"type\":\"character\",\"attributes\":{},\"value\":[\"AutoArima\"]},{\"type\":\"character\",\"attributes\":{},\"value\":[\"exclosures\"]},{\"type\":\"character\",\"attributes\":{},\"value\":[\"SF\"]},{\"type\":\"character\",\"attributes\":{},\"value\":[\"3.18\"]}]}"]
