["{\"type\":\"list\",\"attributes\":{\"names\":{\"type\":\"character\",\"attributes\":{},\"value\":[\"Point.Forecast\",\"Lo.95\",\"Hi.95\",\"moon\",\"model\",\"dataset\",\"species\",\"forecast_id\"]}},\"value\":[{\"type\":\"double\",\"attributes\":{},\"value\":[0,0,0,0,0,0,0,0,0,0,0,0,0]},{\"type\":\"double\",\"attributes\":{},\"value\":[-3.69368062,-5.22365322,-6.3976425,-7.38736124,-8.25932095,-9.04763279,-9.77256034,-10.44730645,-11.08104185,-11.6804437,-12.2505527,-12.79528499,-13.31775486]},{\"type\":\"double\",\"attributes\":{},\"value\":[3.69368062,5.22365322,6.3976425,7.38736124,8.25932095,9.04763279,9.77256034,10.44730645,11.08104185,11.6804437,12.2505527,12.79528499,13.31775486]},{\"type\":\"integer\",\"attributes\":{},\"value\":[524,525,526,527,528,529,530,531,532,533,534,535,536]},{\"type\":\"character\",\"attributes\":{},\"value\":[\"NaiveArima\"]},{\"type\":\"character\",\"attributes\":{},\"value\":[\"exclosures\"]},{\"type\":\"character\",\"attributes\":{},\"value\":[\"PH\"]},{\"type\":\"character\",\"attributes\":{},\"value\":[\"9.11\"]}]}"]
