["{\"type\":\"list\",\"attributes\":{\"names\":{\"type\":\"character\",\"attributes\":{},\"value\":[\"Point.Forecast\",\"Lo.95\",\"Hi.95\",\"moon\",\"model\",\"dataset\",\"species\",\"forecast_id\"]}},\"value\":[{\"type\":\"double\",\"attributes\":{},\"value\":[0.13517085,0.22256621,0.31218885,0.31218885,0.31218885,0.31218885,0.31218885,0.31218885,0.31218885,0.31218885,0.31218885,0.31218885,0.31218885]},{\"type\":\"double\",\"attributes\":{},\"value\":[-0.69119689,-0.73432645,-0.77086634,-0.77086634,-0.77086634,-0.77086634,-0.77086634,-0.77086634,-0.77086634,-0.77086634,-0.77086634,-0.77086634,-0.77086634]},{\"type\":\"double\",\"attributes\":{},\"value\":[0.9615386,1.17945887,1.39524403,1.39524403,1.39524403,1.39524403,1.39524403,1.39524403,1.39524403,1.39524403,1.39524403,1.39524403,1.39524403]},{\"type\":\"integer\",\"attributes\":{},\"value\":[524,525,526,527,528,529,530,531,532,533,534,535,536]},{\"type\":\"character\",\"attributes\":{},\"value\":[\"AutoArima\"]},{\"type\":\"character\",\"attributes\":{},\"value\":[\"all\"]},{\"type\":\"character\",\"attributes\":{},\"value\":[\"DS\"]},{\"type\":\"character\",\"attributes\":{},\"value\":[\"1.04\"]}]}"]
