["{\"type\":\"list\",\"attributes\":{\"names\":{\"type\":\"character\",\"attributes\":{},\"value\":[\"Point.Forecast\",\"Lo.95\",\"Hi.95\",\"moon\",\"model\",\"dataset\",\"species\",\"forecast_id\"]}},\"value\":[{\"type\":\"double\",\"attributes\":{},\"value\":[4,4,4,4,4,4,4,4,4,4,4,4,4]},{\"type\":\"double\",\"attributes\":{},\"value\":[0.26825498,-1.27748442,-2.46357197,-3.46349004,-4.34443553,-5.14087114,-5.87326927,-6.55496883,-7.19523505,-7.8008139,-8.37679804,-8.92714394,-9.45499801]},{\"type\":\"double\",\"attributes\":{},\"value\":[7.73174502,9.27748442,10.46357197,11.46349004,12.34443553,13.14087114,13.87326927,14.55496883,15.19523505,15.8008139,16.37679804,16.92714394,17.45499801]},{\"type\":\"integer\",\"attributes\":{},\"value\":[524,525,526,527,528,529,530,531,532,533,534,535,536]},{\"type\":\"character\",\"attributes\":{},\"value\":[\"NaiveArima\"]},{\"type\":\"character\",\"attributes\":{},\"value\":[\"controls\"]},{\"type\":\"character\",\"attributes\":{},\"value\":[\"OT\"]},{\"type\":\"character\",\"attributes\":{},\"value\":[\"8.07\"]}]}"]
