"currency","model","dataset","species","estimate","lower_pi","upper_pi","confidence_level","old_cast_id","forecast_id","origin","newmoonnumber","forecast_date","forecast_month","forecast_year","forecast_group","historic_start_newmoonnumber","historic_end_newmoonnumber","forecast_start_newmoonnumber","forecast_end_newmoonnumber","lead_time_newmoons","max_lag","lag_buffer"
"abundance","GPEDM","controls","RF",0,,,0.95,866,"866.16",,528,2020-06-04,2,2020,36,217,531,528,543,-3,,
"abundance","GPEDM","controls","RF",0,,,0.95,866,"866.16",,529,2020-06-04,3,2020,36,217,531,528,543,-2,,
"abundance","GPEDM","controls","RF",0,,,0.95,866,"866.16",,530,2020-06-04,4,2020,36,217,531,528,543,-1,,
"abundance","GPEDM","controls","RF",0,,,0.95,866,"866.16",,531,2020-06-04,5,2020,36,217,531,528,543,0,,
"abundance","GPEDM","controls","RF",0,,,0.95,866,"866.16",,532,2020-06-04,6,2020,36,217,531,528,543,1,,
"abundance","GPEDM","controls","RF",0,,,0.95,866,"866.16",,533,2020-06-04,7,2020,36,217,531,528,543,2,,
"abundance","GPEDM","controls","RF",0,,,0.95,866,"866.16",,534,2020-06-04,8,2020,36,217,531,528,543,3,,
"abundance","GPEDM","controls","RF",0,,,0.95,866,"866.16",,535,2020-06-04,9,2020,36,217,531,528,543,4,,
"abundance","GPEDM","controls","RF",0,,,0.95,866,"866.16",,536,2020-06-04,10,2020,36,217,531,528,543,5,,
"abundance","GPEDM","controls","RF",0,,,0.95,866,"866.16",,537,2020-06-04,11,2020,36,217,531,528,543,6,,
"abundance","GPEDM","controls","RF",0,,,0.95,866,"866.16",,538,2020-06-04,12,2020,36,217,531,528,543,7,,
"abundance","GPEDM","controls","RF",0,,,0.95,866,"866.16",,539,2020-06-04,1,2021,36,217,531,528,543,8,,
"abundance","GPEDM","controls","RF",0,,,0.95,866,"866.16",,540,2020-06-04,2,2021,36,217,531,528,543,9,,
"abundance","GPEDM","controls","RF",0,,,0.95,866,"866.16",,541,2020-06-04,3,2021,36,217,531,528,543,10,,
"abundance","GPEDM","controls","RF",0,,,0.95,866,"866.16",,542,2020-06-04,4,2021,36,217,531,528,543,11,,
"abundance","GPEDM","controls","RF",0,,,0.95,866,"866.16",,543,2020-06-04,5,2021,36,217,531,528,543,12,,
