"currency","model","confidence_level","dataset","species","estimate","lower_pi","upper_pi","old_cast_id","forecast_id","origin","newmoonnumber","forecast_date","forecast_month","forecast_year","forecast_group","historic_start_newmoonnumber","historic_end_newmoonnumber","forecast_start_newmoonnumber","forecast_end_newmoonnumber","lead_time_newmoons","max_lag","lag_buffer"
"abundance","nbGARCH",0.95,"controls","PF",0.357791474399809,0,2,2901,"2901.11",,559,2022-09-22,8,2022,113,217,559,559,571,0,,
"abundance","nbGARCH",0.95,"controls","PF",0.485768139924111,0,3,2901,"2901.11",,560,2022-09-22,9,2022,113,217,559,559,571,1,,
"abundance","nbGARCH",0.95,"controls","PF",0.531541242731605,0,3,2901,"2901.11",,561,2022-09-22,10,2022,113,217,559,559,571,2,,
"abundance","nbGARCH",0.95,"controls","PF",0.547912547060923,0,3,2901,"2901.11",,562,2022-09-22,11,2022,113,217,559,559,571,3,,
"abundance","nbGARCH",0.95,"controls","PF",0.553767911599466,0,3,2901,"2901.11",,563,2022-09-22,12,2022,113,217,559,559,571,4,,
"abundance","nbGARCH",0.95,"controls","PF",0.555862138789318,0,3,2901,"2901.11",,564,2022-09-22,1,2023,113,217,559,559,571,5,,
"abundance","nbGARCH",0.95,"controls","PF",0.556611158703716,0,3,2901,"2901.11",,565,2022-09-22,2,2023,113,217,559,559,571,6,,
"abundance","nbGARCH",0.95,"controls","PF",0.556879052609157,0,3,2901,"2901.11",,566,2022-09-22,3,2023,113,217,559,559,571,7,,
"abundance","nbGARCH",0.95,"controls","PF",0.556974867336088,0,3,2901,"2901.11",,567,2022-09-22,4,2023,113,217,559,559,571,8,,
"abundance","nbGARCH",0.95,"controls","PF",0.557009136356159,0,3,2901,"2901.11",,568,2022-09-22,5,2023,113,217,559,559,571,9,,
"abundance","nbGARCH",0.95,"controls","PF",0.557021392986863,0,3,2901,"2901.11",,569,2022-09-22,6,2023,113,217,559,559,571,10,,
"abundance","nbGARCH",0.95,"controls","PF",0.557025776683721,0,3,2901,"2901.11",,570,2022-09-22,7,2023,113,217,559,559,571,11,,
"abundance","nbGARCH",0.95,"controls","PF",0.557027344553276,0,3,2901,"2901.11",,571,2022-09-22,8,2023,113,217,559,559,571,12,,
