["{\"type\":\"list\",\"attributes\":{\"names\":{\"type\":\"character\",\"attributes\":{},\"value\":[\"method\",\"model\",\"level\",\"mean\",\"lower\",\"upper\",\"x\",\"series\",\"fitted\",\"residuals\"]},\"class\":{\"type\":\"character\",\"attributes\":{},\"value\":[\"forecast\"]}},\"value\":[{\"type\":\"character\",\"attributes\":{},\"value\":[\"ARIMA(0,1,0)\"]},{\"type\":\"list\",\"attributes\":{\"names\":{\"type\":\"character\",\"attributes\":{},\"value\":[\"coef\",\"sigma2\",\"var.coef\",\"mask\",\"loglik\",\"aic\",\"arma\",\"residuals\",\"call\",\"series\",\"code\",\"n.cond\",\"nobs\",\"model\",\"aicc\",\"bic\",\"x\",\"fitted\"]},\"class\":{\"type\":\"character\",\"attributes\":{},\"value\":[\"forecast_ARIMA\",\"ARIMA\",\"Arima\"]}},\"value\":[{\"type\":\"double\",\"attributes\":{},\"value\":[]},{\"type\":\"double\",\"attributes\":{},\"value\":[2.96120151]},{\"type\":\"double\",\"attributes\":{},\"value\":[]},{\"type\":\"logical\",\"attributes\":{},\"value\":[]},{\"type\":\"double\",\"attributes\":{},\"value\":[-573.69450494]},{\"type\":\"double\",\"attributes\":{},\"value\":[1149.38900989]},{\"type\":\"integer\",\"attributes\":{},\"value\":[0,0,0,0,1,1,0]},{\"type\":\"double\",\"attributes\":{\"tsp\":{\"type\":\"double\",\"attributes\":{},\"value\":[1,362,1]},\"class\":{\"type\":\"character\",\"attributes\":{},\"value\":[\"ts\"]}},\"value\":[0.001,0,0,0,-1,1,-1,0,0,2,-2,3,1,-3,1,2,0,-3,0,-1,0,0,0,3,1,\"NA\",4.94974747,-7,2,-4,-1,1,-2,\"NA\",0,0,1,-1,0,1,\"NA\",-0.70710678,0,0,1,-1,0,0,0,0,3,\"NA\",-2.12132034,1,1,-2,\"NA\",\"NA\",0,0,0,0,0,0,\"NA\",\"NA\",0,0,0,\"NA\",0,0,\"NA\",0,0,\"NA\",\"NA\",0,0,0,\"NA\",\"NA\",0,0,0,0,\"NA\",\"NA\",1.73205081,-2,-1,0,0,0,\"NA\",0,0,0,0,0,1,0,-1,2,-2,0,1,-1,0,0,0,0,0,0,0,\"NA\",0,\"NA\",\"NA\",0,0,0,\"NA\",0,0,\"NA\",\"NA\",0,\"NA\",0,0,0,0,0,0,0,0,1,-1,0,0,0,\"NA\",0,\"NA\",0,0,0,0,\"NA\",0.70710678,6,-6,-1,1,-1,\"NA\",0,2,11,-2,-2,-3,6,-6,-4,-2,0,0,0,0,0,0,0,0,1,1,-2,0,0,0,0,0,0,0,0,0,0,0,0,0,\"NA\",0,\"NA\",0,\"NA\",0,\"NA\",0,0,0,0,0,\"NA\",0,0,0,0,0,\"NA\",\"NA\",0,0,0,1,\"NA\",-0.70710678,0,1,-1,0,0,0,1,-1,0,0,0,\"NA\",0,\"NA\",0,\"NA\",0,\"NA\",0,0,2,-1,0,0,-1,0,0,0,0,0,\"NA\",0.70710678,6,7,0,-7,-5,0,-2,0,5,0,\"NA\",\"NA\",0.57735027,1,\"NA\",-4.24264069,0,-1,0,0,0,0,\"NA\",\"NA\",1.15470054,-1,1,-2,0,0,\"NA\",0,0,0,0,\"NA\",\"NA\",\"NA\",0,0,0,0,0,0,0,0,0,\"NA\",\"NA\",\"NA\",0,0,0,0,0,0,0,0,0,1,0,0,\"NA\",\"NA\",\"NA\",\"NA\",\"NA\",\"NA\",\"NA\",\"NA\",\"NA\",\"NA\",\"NA\",\"NA\",\"NA\",\"NA\",\"NA\",\"NA\",-0.24253563,\"NA\",\"NA\",\"NA\",-6.9388939e-18,0,0,0,0,0,0,\"NA\",\"NA\",0,0,0,0,0,\"NA\",2.82842712,-2,1,3,2,-7,0,\"NA\",\"NA\",0.57735027,-1,\"NA\",2.12132034,\"NA\",-2.12132034,2]},{\"type\":\"language\",\"attributes\":{},\"value\":[\"Arima(y = c(1L, 1L, 1L, 1L, 0L, 1L, 0L, 0L, 0L, 2L, 0L, 3L, 4L, \",\"1L, 2L, 4L, 4L, 1L, 1L, 0L, 0L, 0L, 0L, 3L, 4L, NA, 11L, 4L, \",\"6L, 2L, 1L, 2L, 0L, NA, 0L, 0L, 1L, 0L, 0L, 1L, NA, 0L, 0L, 0L, \",\"1L, 0L, 0L, 0L, 0L, 0L, 3L, NA, 0L, 1L, 2L, 0L, NA, NA, 0L, 0L, \",\"0L, 0L, 0L, 0L, NA, NA, 0L, 0L, 0L, NA, 0L, 0L, NA, 0L, 0L, NA, \",\"NA, 0L, 0L, 0L, NA, NA, 0L, 0L, 0L, 0L, NA, NA, 3L, 1L, 0L, 0L, \",\"0L, 0L, NA, 0L, 0L, 0L, 0L, 0L, 1L, 1L, 0L, 2L, 0L, 0L, 1L, 0L, \",\"0L, 0L, 0L, 0L, 0L, 0L, 0L, NA, 0L, NA, NA, 0L, 0L, 0L, NA, 0L, \",\"0L, NA, NA, 0L, NA, 0L, 0L, 0L, 0L, 0L, 0L, 0L, 0L, 1L, 0L, 0L, \",\"0L, 0L, NA, 0L, NA, 0L, 0L, 0L, 0L, NA, 1L, 7L, 1L, 0L, 1L, 0L, \",\"NA, 0L, 2L, 13L, 11L, 9L, 6L, 12L, 6L, 2L, 0L, 0L, 0L, 0L, 0L, \",\"0L, 0L, 0L, 0L, 1L, 2L, 0L, 0L, 0L, 0L, 0L, 0L, 0L, 0L, 0L, 0L, \",\"0L, 0L, 0L, 0L, NA, 0L, NA, 0L, NA, 0L, NA, 0L, 0L, 0L, 0L, 0L, \",\"NA, 0L, 0L, 0L, 0L, 0L, NA, NA, 0L, 0L, 0L, 1L, NA, 0L, 0L, 1L, \",\"0L, 0L, 0L, 0L, 1L, 0L, 0L, 0L, 0L, NA, 0L, NA, 0L, NA, 0L, NA, \",\"0L, 0L, 2L, 1L, 1L, 1L, 0L, 0L, 0L, 0L, 0L, 0L, NA, 1L, 7L, 14L, \",\"14L, 7L, 2L, 2L, 0L, 0L, 5L, 5L, NA, NA, 6L, 7L, NA, 1L, 1L, \",\"0L, 0L, 0L, 0L, 0L, NA, NA, 2L, 1L, 2L, 0L, 0L, 0L, NA, 0L, 0L, \",\"0L, 0L, NA, NA, NA, 0L, 0L, 0L, 0L, 0L, 0L, 0L, 0L, 0L, NA, NA, \",\"NA, 0L, 0L, 0L, 0L, 0L, 0L, 0L, 0L, 0L, 1L, 1L, 1L, NA, NA, NA, \",\"NA, NA, NA, NA, NA, NA, NA, NA, NA, NA, NA, NA, NA, 0L, NA, NA, \",\"NA, 0L, 0L, 0L, 0L, 0L, 0L, 0L, NA, NA, 0L, 0L, 0L, 0L, 0L, NA, \",\"4L, 2L, 3L, 6L, 8L, 1L, 1L, NA, NA, 2L, 1L, NA, 4L, NA, 1L, 3L\",\"), order = c(0, 1, 0))\"]},{\"type\":\"character\",\"attributes\":{},\"value\":[\"c(1L, 1L, 1L, 1L, 0L, 1L, 0L, 0L, 0L, 2L, 0L, 3L, 4L, 1L, 2L, \",\"4L, 4L, 1L, 1L, 0L, 0L, 0L, 0L, 3L, 4L, NA, 11L, 4L, 6L, 2L, \",\"1L, 2L, 0L, NA, 0L, 0L, 1L, 0L, 0L, 1L, NA, 0L, 0L, 0L, 1L, 0L, \",\"0L, 0L, 0L, 0L, 3L, NA, 0L, 1L, 2L, 0L, NA, NA, 0L, 0L, 0L, 0L, \",\"0L, 0L, NA, NA, 0L, 0L, 0L, NA, 0L, 0L, NA, 0L, 0L, NA, NA, 0L, \",\"0L, 0L, NA, NA, 0L, 0L, 0L, 0L, NA, NA, 3L, 1L, 0L, 0L, 0L, 0L, \",\"NA, 0L, 0L, 0L, 0L, 0L, 1L, 1L, 0L, 2L, 0L, 0L, 1L, 0L, 0L, 0L, \",\"0L, 0L, 0L, 0L, 0L, NA, 0L, NA, NA, 0L, 0L, 0L, NA, 0L, 0L, NA, \",\"NA, 0L, NA, 0L, 0L, 0L, 0L, 0L, 0L, 0L, 0L, 1L, 0L, 0L, 0L, 0L, \",\"NA, 0L, NA, 0L, 0L, 0L, 0L, NA, 1L, 7L, 1L, 0L, 1L, 0L, NA, 0L, \",\"2L, 13L, 11L, 9L, 6L, 12L, 6L, 2L, 0L, 0L, 0L, 0L, 0L, 0L, 0L, \",\"0L, 0L, 1L, 2L, 0L, 0L, 0L, 0L, 0L, 0L, 0L, 0L, 0L, 0L, 0L, 0L, \",\"0L, 0L, NA, 0L, NA, 0L, NA, 0L, NA, 0L, 0L, 0L, 0L, 0L, NA, 0L, \",\"0L, 0L, 0L, 0L, NA, NA, 0L, 0L, 0L, 1L, NA, 0L, 0L, 1L, 0L, 0L, \",\"0L, 0L, 1L, 0L, 0L, 0L, 0L, NA, 0L, NA, 0L, NA, 0L, NA, 0L, 0L, \",\"2L, 1L, 1L, 1L, 0L, 0L, 0L, 0L, 0L, 0L, NA, 1L, 7L, 14L, 14L, \",\"7L, 2L, 2L, 0L, 0L, 5L, 5L, NA, NA, 6L, 7L, NA, 1L, 1L, 0L, 0L, \",\"0L, 0L, 0L, NA, NA, 2L, 1L, 2L, 0L, 0L, 0L, NA, 0L, 0L, 0L, 0L, \",\"NA, NA, NA, 0L, 0L, 0L, 0L, 0L, 0L, 0L, 0L, 0L, NA, NA, NA, 0L, \",\"0L, 0L, 0L, 0L, 0L, 0L, 0L, 0L, 1L, 1L, 1L, NA, NA, NA, NA, NA, \",\"NA, NA, NA, NA, NA, NA, NA, NA, NA, NA, NA, 0L, NA, NA, NA, 0L, \",\"0L, 0L, 0L, 0L, 0L, 0L, NA, NA, 0L, 0L, 0L, 0L, 0L, NA, 4L, 2L, \",\"3L, 6L, 8L, 1L, 1L, NA, NA, 2L, 1L, NA, 4L, NA, 1L, 3L)\"]},{\"type\":\"double\",\"attributes\":{},\"value\":[0]},{\"type\":\"double\",\"attributes\":{},\"value\":[0]},{\"type\":\"integer\",\"attributes\":{},\"value\":[282]},{\"type\":\"list\",\"attributes\":{\"names\":{\"type\":\"character\",\"attributes\":{},\"value\":[\"phi\",\"theta\",\"Delta\",\"Z\",\"a\",\"P\",\"T\",\"V\",\"h\",\"Pn\"]}},\"value\":[{\"type\":\"double\",\"attributes\":{},\"value\":[]},{\"type\":\"double\",\"attributes\":{},\"value\":[]},{\"type\":\"double\",\"attributes\":{},\"value\":[1]},{\"type\":\"double\",\"attributes\":{},\"value\":[1,1]},{\"type\":\"double\",\"attributes\":{},\"value\":[2,1]},{\"type\":\"double\",\"attributes\":{\"dim\":{\"type\":\"integer\",\"attributes\":{},\"value\":[2,2]}},\"value\":[0,0,0,0]},{\"type\":\"double\",\"attributes\":{\"dim\":{\"type\":\"integer\",\"attributes\":{},\"value\":[2,2]}},\"value\":[0,1,0,1]},{\"type\":\"double\",\"attributes\":{\"dim\":{\"type\":\"integer\",\"attributes\":{},\"value\":[2,2]}},\"value\":[1,0,0,0]},{\"type\":\"double\",\"attributes\":{},\"value\":[0]},{\"type\":\"double\",\"attributes\":{\"dim\":{\"type\":\"integer\",\"attributes\":{},\"value\":[2,2]}},\"value\":[1,0,0,0]}]},{\"type\":\"double\",\"attributes\":{},\"value\":[1149.4032956]},{\"type\":\"double\",\"attributes\":{},\"value\":[1153.03091696]},{\"type\":\"integer\",\"attributes\":{\"tsp\":{\"type\":\"double\",\"attributes\":{},\"value\":[1,362,1]},\"class\":{\"type\":\"character\",\"attributes\":{},\"value\":[\"ts\"]}},\"value\":[1,1,1,1,0,1,0,0,0,2,0,3,4,1,2,4,4,1,1,0,0,0,0,3,4,\"NA\",11,4,6,2,1,2,0,\"NA\",0,0,1,0,0,1,\"NA\",0,0,0,1,0,0,0,0,0,3,\"NA\",0,1,2,0,\"NA\",\"NA\",0,0,0,0,0,0,\"NA\",\"NA\",0,0,0,\"NA\",0,0,\"NA\",0,0,\"NA\",\"NA\",0,0,0,\"NA\",\"NA\",0,0,0,0,\"NA\",\"NA\",3,1,0,0,0,0,\"NA\",0,0,0,0,0,1,1,0,2,0,0,1,0,0,0,0,0,0,0,0,\"NA\",0,\"NA\",\"NA\",0,0,0,\"NA\",0,0,\"NA\",\"NA\",0,\"NA\",0,0,0,0,0,0,0,0,1,0,0,0,0,\"NA\",0,\"NA\",0,0,0,0,\"NA\",1,7,1,0,1,0,\"NA\",0,2,13,11,9,6,12,6,2,0,0,0,0,0,0,0,0,0,1,2,0,0,0,0,0,0,0,0,0,0,0,0,0,0,\"NA\",0,\"NA\",0,\"NA\",0,\"NA\",0,0,0,0,0,\"NA\",0,0,0,0,0,\"NA\",\"NA\",0,0,0,1,\"NA\",0,0,1,0,0,0,0,1,0,0,0,0,\"NA\",0,\"NA\",0,\"NA\",0,\"NA\",0,0,2,1,1,1,0,0,0,0,0,0,\"NA\",1,7,14,14,7,2,2,0,0,5,5,\"NA\",\"NA\",6,7,\"NA\",1,1,0,0,0,0,0,\"NA\",\"NA\",2,1,2,0,0,0,\"NA\",0,0,0,0,\"NA\",\"NA\",\"NA\",0,0,0,0,0,0,0,0,0,\"NA\",\"NA\",\"NA\",0,0,0,0,0,0,0,0,0,1,1,1,\"NA\",\"NA\",\"NA\",\"NA\",\"NA\",\"NA\",\"NA\",\"NA\",\"NA\",\"NA\",\"NA\",\"NA\",\"NA\",\"NA\",\"NA\",\"NA\",0,\"NA\",\"NA\",\"NA\",0,0,0,0,0,0,0,\"NA\",\"NA\",0,0,0,0,0,\"NA\",4,2,3,6,8,1,1,\"NA\",\"NA\",2,1,\"NA\",4,\"NA\",1,3]},{\"type\":\"double\",\"attributes\":{\"tsp\":{\"type\":\"double\",\"attributes\":{},\"value\":[1,362,1]},\"class\":{\"type\":\"character\",\"attributes\":{},\"value\":[\"ts\"]}},\"value\":[0.999,1,1,1,1,0,1,0,0,0,2,0,3,4,1,2,4,4,1,1,0,0,0,0,3,\"NA\",6.05025253,11,4,6,2,1,2,\"NA\",0,0,0,1,0,0,\"NA\",0.70710678,0,0,0,1,0,0,0,0,0,\"NA\",2.12132034,0,1,2,\"NA\",\"NA\",0,0,0,0,0,0,\"NA\",\"NA\",0,0,0,\"NA\",0,0,\"NA\",0,0,\"NA\",\"NA\",0,0,0,\"NA\",\"NA\",0,0,0,0,\"NA\",\"NA\",1.26794919,3,1,0,0,0,\"NA\",0,0,0,0,0,0,1,1,0,2,0,0,1,0,0,0,0,0,0,0,\"NA\",0,\"NA\",\"NA\",0,0,0,\"NA\",0,0,\"NA\",\"NA\",0,\"NA\",0,0,0,0,0,0,0,0,0,1,0,0,0,\"NA\",0,\"NA\",0,0,0,0,\"NA\",0.29289322,1,7,1,0,1,\"NA\",0,0,2,13,11,9,6,12,6,2,0,0,0,0,0,0,0,0,0,1,2,0,0,0,0,0,0,0,0,0,0,0,0,0,\"NA\",0,\"NA\",0,\"NA\",0,\"NA\",0,0,0,0,0,\"NA\",0,0,0,0,0,\"NA\",\"NA\",0,0,0,0,\"NA\",0.70710678,0,0,1,0,0,0,0,1,0,0,0,\"NA\",0,\"NA\",0,\"NA\",0,\"NA\",0,0,0,2,1,1,1,0,0,0,0,0,\"NA\",0.29289322,1,7,14,14,7,2,2,0,0,5,\"NA\",\"NA\",5.42264973,6,\"NA\",5.24264069,1,1,0,0,0,0,\"NA\",\"NA\",0.84529946,2,1,2,0,0,\"NA\",0,0,0,0,\"NA\",\"NA\",\"NA\",0,0,0,0,0,0,0,0,0,\"NA\",\"NA\",\"NA\",0,0,0,0,0,0,0,0,0,0,1,1,\"NA\",\"NA\",\"NA\",\"NA\",\"NA\",\"NA\",\"NA\",\"NA\",\"NA\",\"NA\",\"NA\",\"NA\",\"NA\",\"NA\",\"NA\",\"NA\",0.24253563,\"NA\",\"NA\",\"NA\",6.9388939e-18,0,0,0,0,0,0,\"NA\",\"NA\",0,0,0,0,0,\"NA\",1.17157288,4,2,3,6,8,1,\"NA\",\"NA\",1.42264973,2,\"NA\",1.87867966,\"NA\",3.12132034,1]}]},{\"type\":\"double\",\"attributes\":{},\"value\":[95]},{\"type\":\"double\",\"attributes\":{\"tsp\":{\"type\":\"double\",\"attributes\":{},\"value\":[363,375,1]},\"class\":{\"type\":\"character\",\"attributes\":{},\"value\":[\"ts\"]}},\"value\":[3,3,3,3,3,3,3,3,3,3,3,3,3]},{\"type\":\"double\",\"attributes\":{\"dim\":{\"type\":\"integer\",\"attributes\":{},\"value\":[13,1]},\"dimnames\":{\"type\":\"list\",\"attributes\":{},\"value\":[{\"type\":\"NULL\"},{\"type\":\"character\",\"attributes\":{},\"value\":[\"95%\"]}]},\"tsp\":{\"type\":\"double\",\"attributes\":{},\"value\":[363,375,1]},\"class\":{\"type\":\"character\",\"attributes\":{},\"value\":[\"ts\"]}},\"value\":[-0.37273385,-1.76976596,-2.84174639,-3.74546771,-4.54166217,-5.26147698,-5.92341501,-6.53953191,-7.11820156,-7.66552092,-8.18609271,-8.68349279,-9.16056485]},{\"type\":\"double\",\"attributes\":{\"dim\":{\"type\":\"integer\",\"attributes\":{},\"value\":[13,1]},\"dimnames\":{\"type\":\"list\",\"attributes\":{},\"value\":[{\"type\":\"NULL\"},{\"type\":\"character\",\"attributes\":{},\"value\":[\"95%\"]}]},\"tsp\":{\"type\":\"double\",\"attributes\":{},\"value\":[363,375,1]},\"class\":{\"type\":\"character\",\"attributes\":{},\"value\":[\"ts\"]}},\"value\":[6.37273385,7.76976596,8.84174639,9.74546771,10.54166217,11.26147698,11.92341501,12.53953191,13.11820156,13.66552092,14.18609271,14.68349279,15.16056485]},{\"type\":\"integer\",\"attributes\":{\"tsp\":{\"type\":\"double\",\"attributes\":{},\"value\":[1,362,1]},\"class\":{\"type\":\"character\",\"attributes\":{},\"value\":[\"ts\"]}},\"value\":[1,1,1,1,0,1,0,0,0,2,0,3,4,1,2,4,4,1,1,0,0,0,0,3,4,\"NA\",11,4,6,2,1,2,0,\"NA\",0,0,1,0,0,1,\"NA\",0,0,0,1,0,0,0,0,0,3,\"NA\",0,1,2,0,\"NA\",\"NA\",0,0,0,0,0,0,\"NA\",\"NA\",0,0,0,\"NA\",0,0,\"NA\",0,0,\"NA\",\"NA\",0,0,0,\"NA\",\"NA\",0,0,0,0,\"NA\",\"NA\",3,1,0,0,0,0,\"NA\",0,0,0,0,0,1,1,0,2,0,0,1,0,0,0,0,0,0,0,0,\"NA\",0,\"NA\",\"NA\",0,0,0,\"NA\",0,0,\"NA\",\"NA\",0,\"NA\",0,0,0,0,0,0,0,0,1,0,0,0,0,\"NA\",0,\"NA\",0,0,0,0,\"NA\",1,7,1,0,1,0,\"NA\",0,2,13,11,9,6,12,6,2,0,0,0,0,0,0,0,0,0,1,2,0,0,0,0,0,0,0,0,0,0,0,0,0,0,\"NA\",0,\"NA\",0,\"NA\",0,\"NA\",0,0,0,0,0,\"NA\",0,0,0,0,0,\"NA\",\"NA\",0,0,0,1,\"NA\",0,0,1,0,0,0,0,1,0,0,0,0,\"NA\",0,\"NA\",0,\"NA\",0,\"NA\",0,0,2,1,1,1,0,0,0,0,0,0,\"NA\",1,7,14,14,7,2,2,0,0,5,5,\"NA\",\"NA\",6,7,\"NA\",1,1,0,0,0,0,0,\"NA\",\"NA\",2,1,2,0,0,0,\"NA\",0,0,0,0,\"NA\",\"NA\",\"NA\",0,0,0,0,0,0,0,0,0,\"NA\",\"NA\",\"NA\",0,0,0,0,0,0,0,0,0,1,1,1,\"NA\",\"NA\",\"NA\",\"NA\",\"NA\",\"NA\",\"NA\",\"NA\",\"NA\",\"NA\",\"NA\",\"NA\",\"NA\",\"NA\",\"NA\",\"NA\",0,\"NA\",\"NA\",\"NA\",0,0,0,0,0,0,0,\"NA\",\"NA\",0,0,0,0,0,\"NA\",4,2,3,6,8,1,1,\"NA\",\"NA\",2,1,\"NA\",4,\"NA\",1,3]},{\"type\":\"character\",\"attributes\":{},\"value\":[\"c(1L, 1L, 1L, 1L, 0L, 1L, 0L, 0L, 0L, 2L, 0L, 3L, 4L, 1L, 2L, \",\"4L, 4L, 1L, 1L, 0L, 0L, 0L, 0L, 3L, 4L, NA, 11L, 4L, 6L, 2L, \",\"1L, 2L, 0L, NA, 0L, 0L, 1L, 0L, 0L, 1L, NA, 0L, 0L, 0L, 1L, 0L, \",\"0L, 0L, 0L, 0L, 3L, NA, 0L, 1L, 2L, 0L, NA, NA, 0L, 0L, 0L, 0L, \",\"0L, 0L, NA, NA, 0L, 0L, 0L, NA, 0L, 0L, NA, 0L, 0L, NA, NA, 0L, \",\"0L, 0L, NA, NA, 0L, 0L, 0L, 0L, NA, NA, 3L, 1L, 0L, 0L, 0L, 0L, \",\"NA, 0L, 0L, 0L, 0L, 0L, 1L, 1L, 0L, 2L, 0L, 0L, 1L, 0L, 0L, 0L, \",\"0L, 0L, 0L, 0L, 0L, NA, 0L, NA, NA, 0L, 0L, 0L, NA, 0L, 0L, NA, \",\"NA, 0L, NA, 0L, 0L, 0L, 0L, 0L, 0L, 0L, 0L, 1L, 0L, 0L, 0L, 0L, \",\"NA, 0L, NA, 0L, 0L, 0L, 0L, NA, 1L, 7L, 1L, 0L, 1L, 0L, NA, 0L, \",\"2L, 13L, 11L, 9L, 6L, 12L, 6L, 2L, 0L, 0L, 0L, 0L, 0L, 0L, 0L, \",\"0L, 0L, 1L, 2L, 0L, 0L, 0L, 0L, 0L, 0L, 0L, 0L, 0L, 0L, 0L, 0L, \",\"0L, 0L, NA, 0L, NA, 0L, NA, 0L, NA, 0L, 0L, 0L, 0L, 0L, NA, 0L, \",\"0L, 0L, 0L, 0L, NA, NA, 0L, 0L, 0L, 1L, NA, 0L, 0L, 1L, 0L, 0L, \",\"0L, 0L, 1L, 0L, 0L, 0L, 0L, NA, 0L, NA, 0L, NA, 0L, NA, 0L, 0L, \",\"2L, 1L, 1L, 1L, 0L, 0L, 0L, 0L, 0L, 0L, NA, 1L, 7L, 14L, 14L, \",\"7L, 2L, 2L, 0L, 0L, 5L, 5L, NA, NA, 6L, 7L, NA, 1L, 1L, 0L, 0L, \",\"0L, 0L, 0L, NA, NA, 2L, 1L, 2L, 0L, 0L, 0L, NA, 0L, 0L, 0L, 0L, \",\"NA, NA, NA, 0L, 0L, 0L, 0L, 0L, 0L, 0L, 0L, 0L, NA, NA, NA, 0L, \",\"0L, 0L, 0L, 0L, 0L, 0L, 0L, 0L, 1L, 1L, 1L, NA, NA, NA, NA, NA, \",\"NA, NA, NA, NA, NA, NA, NA, NA, NA, NA, NA, 0L, NA, NA, NA, 0L, \",\"0L, 0L, 0L, 0L, 0L, 0L, NA, NA, 0L, 0L, 0L, 0L, 0L, NA, 4L, 2L, \",\"3L, 6L, 8L, 1L, 1L, NA, NA, 2L, 1L, NA, 4L, NA, 1L, 3L)\"]},{\"type\":\"double\",\"attributes\":{\"tsp\":{\"type\":\"double\",\"attributes\":{},\"value\":[1,362,1]},\"class\":{\"type\":\"character\",\"attributes\":{},\"value\":[\"ts\"]}},\"value\":[0.999,1,1,1,1,0,1,0,0,0,2,0,3,4,1,2,4,4,1,1,0,0,0,0,3,\"NA\",6.05025253,11,4,6,2,1,2,\"NA\",0,0,0,1,0,0,\"NA\",0.70710678,0,0,0,1,0,0,0,0,0,\"NA\",2.12132034,0,1,2,\"NA\",\"NA\",0,0,0,0,0,0,\"NA\",\"NA\",0,0,0,\"NA\",0,0,\"NA\",0,0,\"NA\",\"NA\",0,0,0,\"NA\",\"NA\",0,0,0,0,\"NA\",\"NA\",1.26794919,3,1,0,0,0,\"NA\",0,0,0,0,0,0,1,1,0,2,0,0,1,0,0,0,0,0,0,0,\"NA\",0,\"NA\",\"NA\",0,0,0,\"NA\",0,0,\"NA\",\"NA\",0,\"NA\",0,0,0,0,0,0,0,0,0,1,0,0,0,\"NA\",0,\"NA\",0,0,0,0,\"NA\",0.29289322,1,7,1,0,1,\"NA\",0,0,2,13,11,9,6,12,6,2,0,0,0,0,0,0,0,0,0,1,2,0,0,0,0,0,0,0,0,0,0,0,0,0,\"NA\",0,\"NA\",0,\"NA\",0,\"NA\",0,0,0,0,0,\"NA\",0,0,0,0,0,\"NA\",\"NA\",0,0,0,0,\"NA\",0.70710678,0,0,1,0,0,0,0,1,0,0,0,\"NA\",0,\"NA\",0,\"NA\",0,\"NA\",0,0,0,2,1,1,1,0,0,0,0,0,\"NA\",0.29289322,1,7,14,14,7,2,2,0,0,5,\"NA\",\"NA\",5.42264973,6,\"NA\",5.24264069,1,1,0,0,0,0,\"NA\",\"NA\",0.84529946,2,1,2,0,0,\"NA\",0,0,0,0,\"NA\",\"NA\",\"NA\",0,0,0,0,0,0,0,0,0,\"NA\",\"NA\",\"NA\",0,0,0,0,0,0,0,0,0,0,1,1,\"NA\",\"NA\",\"NA\",\"NA\",\"NA\",\"NA\",\"NA\",\"NA\",\"NA\",\"NA\",\"NA\",\"NA\",\"NA\",\"NA\",\"NA\",\"NA\",0.24253563,\"NA\",\"NA\",\"NA\",6.9388939e-18,0,0,0,0,0,0,\"NA\",\"NA\",0,0,0,0,0,\"NA\",1.17157288,4,2,3,6,8,1,\"NA\",\"NA\",1.42264973,2,\"NA\",1.87867966,\"NA\",3.12132034,1]},{\"type\":\"double\",\"attributes\":{\"tsp\":{\"type\":\"double\",\"attributes\":{},\"value\":[1,362,1]},\"class\":{\"type\":\"character\",\"attributes\":{},\"value\":[\"ts\"]}},\"value\":[0.001,0,0,0,-1,1,-1,0,0,2,-2,3,1,-3,1,2,0,-3,0,-1,0,0,0,3,1,\"NA\",4.94974747,-7,2,-4,-1,1,-2,\"NA\",0,0,1,-1,0,1,\"NA\",-0.70710678,0,0,1,-1,0,0,0,0,3,\"NA\",-2.12132034,1,1,-2,\"NA\",\"NA\",0,0,0,0,0,0,\"NA\",\"NA\",0,0,0,\"NA\",0,0,\"NA\",0,0,\"NA\",\"NA\",0,0,0,\"NA\",\"NA\",0,0,0,0,\"NA\",\"NA\",1.73205081,-2,-1,0,0,0,\"NA\",0,0,0,0,0,1,0,-1,2,-2,0,1,-1,0,0,0,0,0,0,0,\"NA\",0,\"NA\",\"NA\",0,0,0,\"NA\",0,0,\"NA\",\"NA\",0,\"NA\",0,0,0,0,0,0,0,0,1,-1,0,0,0,\"NA\",0,\"NA\",0,0,0,0,\"NA\",0.70710678,6,-6,-1,1,-1,\"NA\",0,2,11,-2,-2,-3,6,-6,-4,-2,0,0,0,0,0,0,0,0,1,1,-2,0,0,0,0,0,0,0,0,0,0,0,0,0,\"NA\",0,\"NA\",0,\"NA\",0,\"NA\",0,0,0,0,0,\"NA\",0,0,0,0,0,\"NA\",\"NA\",0,0,0,1,\"NA\",-0.70710678,0,1,-1,0,0,0,1,-1,0,0,0,\"NA\",0,\"NA\",0,\"NA\",0,\"NA\",0,0,2,-1,0,0,-1,0,0,0,0,0,\"NA\",0.70710678,6,7,0,-7,-5,0,-2,0,5,0,\"NA\",\"NA\",0.57735027,1,\"NA\",-4.24264069,0,-1,0,0,0,0,\"NA\",\"NA\",1.15470054,-1,1,-2,0,0,\"NA\",0,0,0,0,\"NA\",\"NA\",\"NA\",0,0,0,0,0,0,0,0,0,\"NA\",\"NA\",\"NA\",0,0,0,0,0,0,0,0,0,1,0,0,\"NA\",\"NA\",\"NA\",\"NA\",\"NA\",\"NA\",\"NA\",\"NA\",\"NA\",\"NA\",\"NA\",\"NA\",\"NA\",\"NA\",\"NA\",\"NA\",-0.24253563,\"NA\",\"NA\",\"NA\",-6.9388939e-18,0,0,0,0,0,0,\"NA\",\"NA\",0,0,0,0,0,\"NA\",2.82842712,-2,1,3,2,-7,0,\"NA\",\"NA\",0.57735027,-1,\"NA\",2.12132034,\"NA\",-2.12132034,2]}]}"]
