["{\"type\":\"list\",\"attributes\":{\"names\":{\"type\":\"character\",\"attributes\":{},\"value\":[\"method\",\"model\",\"level\",\"mean\",\"lower\",\"upper\",\"x\",\"series\",\"fitted\",\"residuals\"]},\"class\":{\"type\":\"character\",\"attributes\":{},\"value\":[\"forecast\"]}},\"value\":[{\"type\":\"character\",\"attributes\":{},\"value\":[\"ARIMA(0,1,0)\"]},{\"type\":\"list\",\"attributes\":{\"names\":{\"type\":\"character\",\"attributes\":{},\"value\":[\"coef\",\"sigma2\",\"var.coef\",\"mask\",\"loglik\",\"aic\",\"arma\",\"residuals\",\"call\",\"series\",\"code\",\"n.cond\",\"nobs\",\"model\",\"aicc\",\"bic\",\"x\",\"fitted\"]},\"class\":{\"type\":\"character\",\"attributes\":{},\"value\":[\"forecast_ARIMA\",\"ARIMA\",\"Arima\"]}},\"value\":[{\"type\":\"double\",\"attributes\":{},\"value\":[]},{\"type\":\"double\",\"attributes\":{},\"value\":[4.73699764]},{\"type\":\"double\",\"attributes\":{},\"value\":[]},{\"type\":\"logical\",\"attributes\":{},\"value\":[]},{\"type\":\"double\",\"attributes\":{},\"value\":[-639.93749303]},{\"type\":\"double\",\"attributes\":{},\"value\":[1281.87498605]},{\"type\":\"integer\",\"attributes\":{},\"value\":[0,0,0,0,1,1,0]},{\"type\":\"double\",\"attributes\":{\"tsp\":{\"type\":\"double\",\"attributes\":{},\"value\":[1,362,1]},\"class\":{\"type\":\"character\",\"attributes\":{},\"value\":[\"ts\"]}},\"value\":[0,0,0,0,0,0,0,0,0,0,0,0,0,0,0,0,0,0,0,0,0,0,0,0,0,\"NA\",0,0,0,0,0,2,0,\"NA\",-1.41421356,1,1,-2,0,0,\"NA\",0,0,0,0,0,0,0,0,0,0,\"NA\",0,0,0,0,\"NA\",\"NA\",0,0,1,0,0,-1,\"NA\",\"NA\",0.57735027,2,-2,\"NA\",-0.70710678,0,\"NA\",0,0,\"NA\",\"NA\",0,1,2,\"NA\",\"NA\",-1.73205081,0,1,0,\"NA\",\"NA\",0,0,2,-1,-2,3,\"NA\",-2.12132034,0,1,-1,0,1,1,-1,0,0,0,1,-2,0,0,0,0,0,0,0,\"NA\",0,\"NA\",\"NA\",0,0,0,\"NA\",0,0,\"NA\",\"NA\",0,\"NA\",0,0,0,0,0,0,0,0,0,0,0,0,0,\"NA\",0,\"NA\",0,0,1,7,\"NA\",14.14213562,4,-3,8,-1,-12,\"NA\",-7.77817459,-9,6,-8,1,-2,2,2,-1,-3,0,0,-1,0,0,0,0,0,0,0,0,0,0,0,0,0,0,0,0,0,0,0,0,0,\"NA\",0,\"NA\",0,\"NA\",0,\"NA\",0,0,0,0,0,\"NA\",0,0,0,0,0,\"NA\",\"NA\",0,0,0,0,\"NA\",0,0,0,0,0,0,0,0,0,0,0,0,\"NA\",0,\"NA\",0,\"NA\",0,\"NA\",0,0,0,0,0,0,0,0,0,0,0,2,\"NA\",0,2,4,2,-3,10,-12,-4,0,0,3,\"NA\",\"NA\",-1.73205081,-1,\"NA\",0,0,0,0,0,0,1,\"NA\",\"NA\",1.15470054,-2,-1,8,-8,2,\"NA\",-1.41421356,0,1,-1,\"NA\",\"NA\",\"NA\",0,0,0,1,-1,0,0,0,0,\"NA\",\"NA\",\"NA\",0,0,0,0,1,-1,0,0,0,0,0,0,\"NA\",\"NA\",\"NA\",\"NA\",\"NA\",\"NA\",\"NA\",\"NA\",\"NA\",\"NA\",\"NA\",\"NA\",\"NA\",\"NA\",\"NA\",\"NA\",0,\"NA\",\"NA\",\"NA\",0,0,0,0,0,0,1,\"NA\",\"NA\",-0.57735027,-5.55111512e-17,0,1,-1,\"NA\",0,0,0,5,3,-5,0,\"NA\",\"NA\",-1.15470054,-1,\"NA\",0,\"NA\",0,0]},{\"type\":\"language\",\"attributes\":{},\"value\":[\"Arima(y = c(0L, 0L, 0L, 0L, 0L, 0L, 0L, 0L, 0L, 0L, 0L, 0L, 0L, \",\"0L, 0L, 0L, 0L, 0L, 0L, 0L, 0L, 0L, 0L, 0L, 0L, NA, 0L, 0L, 0L, \",\"0L, 0L, 2L, 2L, NA, 0L, 1L, 2L, 0L, 0L, 0L, NA, 0L, 0L, 0L, 0L, \",\"0L, 0L, 0L, 0L, 0L, 0L, NA, 0L, 0L, 0L, 0L, NA, NA, 0L, 0L, 1L, \",\"1L, 1L, 0L, NA, NA, 1L, 3L, 1L, NA, 0L, 0L, NA, 0L, 0L, NA, NA, \",\"0L, 1L, 3L, NA, NA, 0L, 0L, 1L, 1L, NA, NA, 1L, 1L, 3L, 2L, 0L, \",\"3L, NA, 0L, 0L, 1L, 0L, 0L, 1L, 2L, 1L, 1L, 1L, 1L, 2L, 0L, 0L, \",\"0L, 0L, 0L, 0L, 0L, 0L, NA, 0L, NA, NA, 0L, 0L, 0L, NA, 0L, 0L, \",\"NA, NA, 0L, NA, 0L, 0L, 0L, 0L, 0L, 0L, 0L, 0L, 0L, 0L, 0L, 0L, \",\"0L, NA, 0L, NA, 0L, 0L, 1L, 8L, NA, 28L, 32L, 29L, 37L, 36L, \",\"24L, NA, 13L, 4L, 10L, 2L, 3L, 1L, 3L, 5L, 4L, 1L, 1L, 1L, 0L, \",\"0L, 0L, 0L, 0L, 0L, 0L, 0L, 0L, 0L, 0L, 0L, 0L, 0L, 0L, 0L, 0L, \",\"0L, 0L, 0L, 0L, 0L, NA, 0L, NA, 0L, NA, 0L, NA, 0L, 0L, 0L, 0L, \",\"0L, NA, 0L, 0L, 0L, 0L, 0L, NA, NA, 0L, 0L, 0L, 0L, NA, 0L, 0L, \",\"0L, 0L, 0L, 0L, 0L, 0L, 0L, 0L, 0L, 0L, NA, 0L, NA, 0L, NA, 0L, \",\"NA, 0L, 0L, 0L, 0L, 0L, 0L, 0L, 0L, 0L, 0L, 0L, 2L, NA, 2L, 4L, \",\"8L, 10L, 7L, 17L, 5L, 1L, 1L, 1L, 4L, NA, NA, 1L, 0L, NA, 0L, \",\"0L, 0L, 0L, 0L, 0L, 1L, NA, NA, 3L, 1L, 0L, 8L, 0L, 2L, NA, 0L, \",\"0L, 1L, 0L, NA, NA, NA, 0L, 0L, 0L, 1L, 0L, 0L, 0L, 0L, 0L, NA, \",\"NA, NA, 0L, 0L, 0L, 0L, 1L, 0L, 0L, 0L, 0L, 0L, 0L, 0L, NA, NA, \",\"NA, NA, NA, NA, NA, NA, NA, NA, NA, NA, NA, NA, NA, NA, 0L, NA, \",\"NA, NA, 0L, 0L, 0L, 0L, 0L, 0L, 1L, NA, NA, 0L, 0L, 0L, 1L, 0L, \",\"NA, 0L, 0L, 0L, 5L, 8L, 3L, 3L, NA, NA, 1L, 0L, NA, 0L, NA, 0L, \",\"0L), order = c(0, 1, 0))\"]},{\"type\":\"character\",\"attributes\":{},\"value\":[\"c(0L, 0L, 0L, 0L, 0L, 0L, 0L, 0L, 0L, 0L, 0L, 0L, 0L, 0L, 0L, \",\"0L, 0L, 0L, 0L, 0L, 0L, 0L, 0L, 0L, 0L, NA, 0L, 0L, 0L, 0L, 0L, \",\"2L, 2L, NA, 0L, 1L, 2L, 0L, 0L, 0L, NA, 0L, 0L, 0L, 0L, 0L, 0L, \",\"0L, 0L, 0L, 0L, NA, 0L, 0L, 0L, 0L, NA, NA, 0L, 0L, 1L, 1L, 1L, \",\"0L, NA, NA, 1L, 3L, 1L, NA, 0L, 0L, NA, 0L, 0L, NA, NA, 0L, 1L, \",\"3L, NA, NA, 0L, 0L, 1L, 1L, NA, NA, 1L, 1L, 3L, 2L, 0L, 3L, NA, \",\"0L, 0L, 1L, 0L, 0L, 1L, 2L, 1L, 1L, 1L, 1L, 2L, 0L, 0L, 0L, 0L, \",\"0L, 0L, 0L, 0L, NA, 0L, NA, NA, 0L, 0L, 0L, NA, 0L, 0L, NA, NA, \",\"0L, NA, 0L, 0L, 0L, 0L, 0L, 0L, 0L, 0L, 0L, 0L, 0L, 0L, 0L, NA, \",\"0L, NA, 0L, 0L, 1L, 8L, NA, 28L, 32L, 29L, 37L, 36L, 24L, NA, \",\"13L, 4L, 10L, 2L, 3L, 1L, 3L, 5L, 4L, 1L, 1L, 1L, 0L, 0L, 0L, \",\"0L, 0L, 0L, 0L, 0L, 0L, 0L, 0L, 0L, 0L, 0L, 0L, 0L, 0L, 0L, 0L, \",\"0L, 0L, 0L, NA, 0L, NA, 0L, NA, 0L, NA, 0L, 0L, 0L, 0L, 0L, NA, \",\"0L, 0L, 0L, 0L, 0L, NA, NA, 0L, 0L, 0L, 0L, NA, 0L, 0L, 0L, 0L, \",\"0L, 0L, 0L, 0L, 0L, 0L, 0L, 0L, NA, 0L, NA, 0L, NA, 0L, NA, 0L, \",\"0L, 0L, 0L, 0L, 0L, 0L, 0L, 0L, 0L, 0L, 2L, NA, 2L, 4L, 8L, 10L, \",\"7L, 17L, 5L, 1L, 1L, 1L, 4L, NA, NA, 1L, 0L, NA, 0L, 0L, 0L, \",\"0L, 0L, 0L, 1L, NA, NA, 3L, 1L, 0L, 8L, 0L, 2L, NA, 0L, 0L, 1L, \",\"0L, NA, NA, NA, 0L, 0L, 0L, 1L, 0L, 0L, 0L, 0L, 0L, NA, NA, NA, \",\"0L, 0L, 0L, 0L, 1L, 0L, 0L, 0L, 0L, 0L, 0L, 0L, NA, NA, NA, NA, \",\"NA, NA, NA, NA, NA, NA, NA, NA, NA, NA, NA, NA, 0L, NA, NA, NA, \",\"0L, 0L, 0L, 0L, 0L, 0L, 1L, NA, NA, 0L, 0L, 0L, 1L, 0L, NA, 0L, \",\"0L, 0L, 5L, 8L, 3L, 3L, NA, NA, 1L, 0L, NA, 0L, NA, 0L, 0L)\"]},{\"type\":\"double\",\"attributes\":{},\"value\":[0]},{\"type\":\"double\",\"attributes\":{},\"value\":[0]},{\"type\":\"integer\",\"attributes\":{},\"value\":[282]},{\"type\":\"list\",\"attributes\":{\"names\":{\"type\":\"character\",\"attributes\":{},\"value\":[\"phi\",\"theta\",\"Delta\",\"Z\",\"a\",\"P\",\"T\",\"V\",\"h\",\"Pn\"]}},\"value\":[{\"type\":\"double\",\"attributes\":{},\"value\":[]},{\"type\":\"double\",\"attributes\":{},\"value\":[]},{\"type\":\"double\",\"attributes\":{},\"value\":[1]},{\"type\":\"double\",\"attributes\":{},\"value\":[1,1]},{\"type\":\"double\",\"attributes\":{},\"value\":[0,0]},{\"type\":\"double\",\"attributes\":{\"dim\":{\"type\":\"integer\",\"attributes\":{},\"value\":[2,2]}},\"value\":[0,0,0,0]},{\"type\":\"double\",\"attributes\":{\"dim\":{\"type\":\"integer\",\"attributes\":{},\"value\":[2,2]}},\"value\":[0,1,0,1]},{\"type\":\"double\",\"attributes\":{\"dim\":{\"type\":\"integer\",\"attributes\":{},\"value\":[2,2]}},\"value\":[1,0,0,0]},{\"type\":\"double\",\"attributes\":{},\"value\":[0]},{\"type\":\"double\",\"attributes\":{\"dim\":{\"type\":\"integer\",\"attributes\":{},\"value\":[2,2]}},\"value\":[1,0,0,0]}]},{\"type\":\"double\",\"attributes\":{},\"value\":[1281.88927177]},{\"type\":\"double\",\"attributes\":{},\"value\":[1285.51689312]},{\"type\":\"integer\",\"attributes\":{\"tsp\":{\"type\":\"double\",\"attributes\":{},\"value\":[1,362,1]},\"class\":{\"type\":\"character\",\"attributes\":{},\"value\":[\"ts\"]}},\"value\":[0,0,0,0,0,0,0,0,0,0,0,0,0,0,0,0,0,0,0,0,0,0,0,0,0,\"NA\",0,0,0,0,0,2,2,\"NA\",0,1,2,0,0,0,\"NA\",0,0,0,0,0,0,0,0,0,0,\"NA\",0,0,0,0,\"NA\",\"NA\",0,0,1,1,1,0,\"NA\",\"NA\",1,3,1,\"NA\",0,0,\"NA\",0,0,\"NA\",\"NA\",0,1,3,\"NA\",\"NA\",0,0,1,1,\"NA\",\"NA\",1,1,3,2,0,3,\"NA\",0,0,1,0,0,1,2,1,1,1,1,2,0,0,0,0,0,0,0,0,\"NA\",0,\"NA\",\"NA\",0,0,0,\"NA\",0,0,\"NA\",\"NA\",0,\"NA\",0,0,0,0,0,0,0,0,0,0,0,0,0,\"NA\",0,\"NA\",0,0,1,8,\"NA\",28,32,29,37,36,24,\"NA\",13,4,10,2,3,1,3,5,4,1,1,1,0,0,0,0,0,0,0,0,0,0,0,0,0,0,0,0,0,0,0,0,0,0,\"NA\",0,\"NA\",0,\"NA\",0,\"NA\",0,0,0,0,0,\"NA\",0,0,0,0,0,\"NA\",\"NA\",0,0,0,0,\"NA\",0,0,0,0,0,0,0,0,0,0,0,0,\"NA\",0,\"NA\",0,\"NA\",0,\"NA\",0,0,0,0,0,0,0,0,0,0,0,2,\"NA\",2,4,8,10,7,17,5,1,1,1,4,\"NA\",\"NA\",1,0,\"NA\",0,0,0,0,0,0,1,\"NA\",\"NA\",3,1,0,8,0,2,\"NA\",0,0,1,0,\"NA\",\"NA\",\"NA\",0,0,0,1,0,0,0,0,0,\"NA\",\"NA\",\"NA\",0,0,0,0,1,0,0,0,0,0,0,0,\"NA\",\"NA\",\"NA\",\"NA\",\"NA\",\"NA\",\"NA\",\"NA\",\"NA\",\"NA\",\"NA\",\"NA\",\"NA\",\"NA\",\"NA\",\"NA\",0,\"NA\",\"NA\",\"NA\",0,0,0,0,0,0,1,\"NA\",\"NA\",0,0,0,1,0,\"NA\",0,0,0,5,8,3,3,\"NA\",\"NA\",1,0,\"NA\",0,\"NA\",0,0]},{\"type\":\"double\",\"attributes\":{\"tsp\":{\"type\":\"double\",\"attributes\":{},\"value\":[1,362,1]},\"class\":{\"type\":\"character\",\"attributes\":{},\"value\":[\"ts\"]}},\"value\":[0,0,0,0,0,0,0,0,0,0,0,0,0,0,0,0,0,0,0,0,0,0,0,0,0,\"NA\",0,0,0,0,0,0,2,\"NA\",1.41421356,0,1,2,0,0,\"NA\",0,0,0,0,0,0,0,0,0,0,\"NA\",0,0,0,0,\"NA\",\"NA\",0,0,0,1,1,1,\"NA\",\"NA\",0.42264973,1,3,\"NA\",0.70710678,0,\"NA\",0,0,\"NA\",\"NA\",0,0,1,\"NA\",\"NA\",1.73205081,0,0,1,\"NA\",\"NA\",1,1,1,3,2,0,\"NA\",2.12132034,0,0,1,0,0,1,2,1,1,1,1,2,0,0,0,0,0,0,0,\"NA\",0,\"NA\",\"NA\",0,0,0,\"NA\",0,0,\"NA\",\"NA\",0,\"NA\",0,0,0,0,0,0,0,0,0,0,0,0,0,\"NA\",0,\"NA\",0,0,0,1,\"NA\",13.85786438,28,32,29,37,36,\"NA\",20.77817459,13,4,10,2,3,1,3,5,4,1,1,1,0,0,0,0,0,0,0,0,0,0,0,0,0,0,0,0,0,0,0,0,0,\"NA\",0,\"NA\",0,\"NA\",0,\"NA\",0,0,0,0,0,\"NA\",0,0,0,0,0,\"NA\",\"NA\",0,0,0,0,\"NA\",0,0,0,0,0,0,0,0,0,0,0,0,\"NA\",0,\"NA\",0,\"NA\",0,\"NA\",0,0,0,0,0,0,0,0,0,0,0,0,\"NA\",2,2,4,8,10,7,17,5,1,1,1,\"NA\",\"NA\",2.73205081,1,\"NA\",0,0,0,0,0,0,0,\"NA\",\"NA\",1.84529946,3,1,0,8,0,\"NA\",1.41421356,0,0,1,\"NA\",\"NA\",\"NA\",0,0,0,0,1,0,0,0,0,\"NA\",\"NA\",\"NA\",0,0,0,0,0,1,0,0,0,0,0,0,\"NA\",\"NA\",\"NA\",\"NA\",\"NA\",\"NA\",\"NA\",\"NA\",\"NA\",\"NA\",\"NA\",\"NA\",\"NA\",\"NA\",\"NA\",\"NA\",0,\"NA\",\"NA\",\"NA\",0,0,0,0,0,0,0,\"NA\",\"NA\",0.57735027,5.55111512e-17,0,0,1,\"NA\",0,0,0,0,5,8,3,\"NA\",\"NA\",2.15470054,1,\"NA\",0,\"NA\",0,0]}]},{\"type\":\"double\",\"attributes\":{},\"value\":[95]},{\"type\":\"double\",\"attributes\":{\"tsp\":{\"type\":\"double\",\"attributes\":{},\"value\":[363,375,1]},\"class\":{\"type\":\"character\",\"attributes\":{},\"value\":[\"ts\"]}},\"value\":[0,0,0,0,0,0,0,0,0,0,0,0,0]},{\"type\":\"double\",\"attributes\":{\"dim\":{\"type\":\"integer\",\"attributes\":{},\"value\":[13,1]},\"dimnames\":{\"type\":\"list\",\"attributes\":{},\"value\":[{\"type\":\"NULL\"},{\"type\":\"character\",\"attributes\":{},\"value\":[\"95%\"]}]},\"tsp\":{\"type\":\"double\",\"attributes\":{},\"value\":[363,375,1]},\"class\":{\"type\":\"character\",\"attributes\":{},\"value\":[\"ts\"]}},\"value\":[-4.265792,-6.03274089,-7.38856847,-8.53158399,-9.53860088,-10.44901374,-11.28622477,-12.06548179,-12.79737599,-13.48961873,-14.14803148,-14.77713694,-15.38053177]},{\"type\":\"double\",\"attributes\":{\"dim\":{\"type\":\"integer\",\"attributes\":{},\"value\":[13,1]},\"dimnames\":{\"type\":\"list\",\"attributes\":{},\"value\":[{\"type\":\"NULL\"},{\"type\":\"character\",\"attributes\":{},\"value\":[\"95%\"]}]},\"tsp\":{\"type\":\"double\",\"attributes\":{},\"value\":[363,375,1]},\"class\":{\"type\":\"character\",\"attributes\":{},\"value\":[\"ts\"]}},\"value\":[4.265792,6.03274089,7.38856847,8.53158399,9.53860088,10.44901374,11.28622477,12.06548179,12.79737599,13.48961873,14.14803148,14.77713694,15.38053177]},{\"type\":\"integer\",\"attributes\":{\"tsp\":{\"type\":\"double\",\"attributes\":{},\"value\":[1,362,1]},\"class\":{\"type\":\"character\",\"attributes\":{},\"value\":[\"ts\"]}},\"value\":[0,0,0,0,0,0,0,0,0,0,0,0,0,0,0,0,0,0,0,0,0,0,0,0,0,\"NA\",0,0,0,0,0,2,2,\"NA\",0,1,2,0,0,0,\"NA\",0,0,0,0,0,0,0,0,0,0,\"NA\",0,0,0,0,\"NA\",\"NA\",0,0,1,1,1,0,\"NA\",\"NA\",1,3,1,\"NA\",0,0,\"NA\",0,0,\"NA\",\"NA\",0,1,3,\"NA\",\"NA\",0,0,1,1,\"NA\",\"NA\",1,1,3,2,0,3,\"NA\",0,0,1,0,0,1,2,1,1,1,1,2,0,0,0,0,0,0,0,0,\"NA\",0,\"NA\",\"NA\",0,0,0,\"NA\",0,0,\"NA\",\"NA\",0,\"NA\",0,0,0,0,0,0,0,0,0,0,0,0,0,\"NA\",0,\"NA\",0,0,1,8,\"NA\",28,32,29,37,36,24,\"NA\",13,4,10,2,3,1,3,5,4,1,1,1,0,0,0,0,0,0,0,0,0,0,0,0,0,0,0,0,0,0,0,0,0,0,\"NA\",0,\"NA\",0,\"NA\",0,\"NA\",0,0,0,0,0,\"NA\",0,0,0,0,0,\"NA\",\"NA\",0,0,0,0,\"NA\",0,0,0,0,0,0,0,0,0,0,0,0,\"NA\",0,\"NA\",0,\"NA\",0,\"NA\",0,0,0,0,0,0,0,0,0,0,0,2,\"NA\",2,4,8,10,7,17,5,1,1,1,4,\"NA\",\"NA\",1,0,\"NA\",0,0,0,0,0,0,1,\"NA\",\"NA\",3,1,0,8,0,2,\"NA\",0,0,1,0,\"NA\",\"NA\",\"NA\",0,0,0,1,0,0,0,0,0,\"NA\",\"NA\",\"NA\",0,0,0,0,1,0,0,0,0,0,0,0,\"NA\",\"NA\",\"NA\",\"NA\",\"NA\",\"NA\",\"NA\",\"NA\",\"NA\",\"NA\",\"NA\",\"NA\",\"NA\",\"NA\",\"NA\",\"NA\",0,\"NA\",\"NA\",\"NA\",0,0,0,0,0,0,1,\"NA\",\"NA\",0,0,0,1,0,\"NA\",0,0,0,5,8,3,3,\"NA\",\"NA\",1,0,\"NA\",0,\"NA\",0,0]},{\"type\":\"character\",\"attributes\":{},\"value\":[\"c(0L, 0L, 0L, 0L, 0L, 0L, 0L, 0L, 0L, 0L, 0L, 0L, 0L, 0L, 0L, \",\"0L, 0L, 0L, 0L, 0L, 0L, 0L, 0L, 0L, 0L, NA, 0L, 0L, 0L, 0L, 0L, \",\"2L, 2L, NA, 0L, 1L, 2L, 0L, 0L, 0L, NA, 0L, 0L, 0L, 0L, 0L, 0L, \",\"0L, 0L, 0L, 0L, NA, 0L, 0L, 0L, 0L, NA, NA, 0L, 0L, 1L, 1L, 1L, \",\"0L, NA, NA, 1L, 3L, 1L, NA, 0L, 0L, NA, 0L, 0L, NA, NA, 0L, 1L, \",\"3L, NA, NA, 0L, 0L, 1L, 1L, NA, NA, 1L, 1L, 3L, 2L, 0L, 3L, NA, \",\"0L, 0L, 1L, 0L, 0L, 1L, 2L, 1L, 1L, 1L, 1L, 2L, 0L, 0L, 0L, 0L, \",\"0L, 0L, 0L, 0L, NA, 0L, NA, NA, 0L, 0L, 0L, NA, 0L, 0L, NA, NA, \",\"0L, NA, 0L, 0L, 0L, 0L, 0L, 0L, 0L, 0L, 0L, 0L, 0L, 0L, 0L, NA, \",\"0L, NA, 0L, 0L, 1L, 8L, NA, 28L, 32L, 29L, 37L, 36L, 24L, NA, \",\"13L, 4L, 10L, 2L, 3L, 1L, 3L, 5L, 4L, 1L, 1L, 1L, 0L, 0L, 0L, \",\"0L, 0L, 0L, 0L, 0L, 0L, 0L, 0L, 0L, 0L, 0L, 0L, 0L, 0L, 0L, 0L, \",\"0L, 0L, 0L, NA, 0L, NA, 0L, NA, 0L, NA, 0L, 0L, 0L, 0L, 0L, NA, \",\"0L, 0L, 0L, 0L, 0L, NA, NA, 0L, 0L, 0L, 0L, NA, 0L, 0L, 0L, 0L, \",\"0L, 0L, 0L, 0L, 0L, 0L, 0L, 0L, NA, 0L, NA, 0L, NA, 0L, NA, 0L, \",\"0L, 0L, 0L, 0L, 0L, 0L, 0L, 0L, 0L, 0L, 2L, NA, 2L, 4L, 8L, 10L, \",\"7L, 17L, 5L, 1L, 1L, 1L, 4L, NA, NA, 1L, 0L, NA, 0L, 0L, 0L, \",\"0L, 0L, 0L, 1L, NA, NA, 3L, 1L, 0L, 8L, 0L, 2L, NA, 0L, 0L, 1L, \",\"0L, NA, NA, NA, 0L, 0L, 0L, 1L, 0L, 0L, 0L, 0L, 0L, NA, NA, NA, \",\"0L, 0L, 0L, 0L, 1L, 0L, 0L, 0L, 0L, 0L, 0L, 0L, NA, NA, NA, NA, \",\"NA, NA, NA, NA, NA, NA, NA, NA, NA, NA, NA, NA, 0L, NA, NA, NA, \",\"0L, 0L, 0L, 0L, 0L, 0L, 1L, NA, NA, 0L, 0L, 0L, 1L, 0L, NA, 0L, \",\"0L, 0L, 5L, 8L, 3L, 3L, NA, NA, 1L, 0L, NA, 0L, NA, 0L, 0L)\"]},{\"type\":\"double\",\"attributes\":{\"tsp\":{\"type\":\"double\",\"attributes\":{},\"value\":[1,362,1]},\"class\":{\"type\":\"character\",\"attributes\":{},\"value\":[\"ts\"]}},\"value\":[0,0,0,0,0,0,0,0,0,0,0,0,0,0,0,0,0,0,0,0,0,0,0,0,0,\"NA\",0,0,0,0,0,0,2,\"NA\",1.41421356,0,1,2,0,0,\"NA\",0,0,0,0,0,0,0,0,0,0,\"NA\",0,0,0,0,\"NA\",\"NA\",0,0,0,1,1,1,\"NA\",\"NA\",0.42264973,1,3,\"NA\",0.70710678,0,\"NA\",0,0,\"NA\",\"NA\",0,0,1,\"NA\",\"NA\",1.73205081,0,0,1,\"NA\",\"NA\",1,1,1,3,2,0,\"NA\",2.12132034,0,0,1,0,0,1,2,1,1,1,1,2,0,0,0,0,0,0,0,\"NA\",0,\"NA\",\"NA\",0,0,0,\"NA\",0,0,\"NA\",\"NA\",0,\"NA\",0,0,0,0,0,0,0,0,0,0,0,0,0,\"NA\",0,\"NA\",0,0,0,1,\"NA\",13.85786438,28,32,29,37,36,\"NA\",20.77817459,13,4,10,2,3,1,3,5,4,1,1,1,0,0,0,0,0,0,0,0,0,0,0,0,0,0,0,0,0,0,0,0,0,\"NA\",0,\"NA\",0,\"NA\",0,\"NA\",0,0,0,0,0,\"NA\",0,0,0,0,0,\"NA\",\"NA\",0,0,0,0,\"NA\",0,0,0,0,0,0,0,0,0,0,0,0,\"NA\",0,\"NA\",0,\"NA\",0,\"NA\",0,0,0,0,0,0,0,0,0,0,0,0,\"NA\",2,2,4,8,10,7,17,5,1,1,1,\"NA\",\"NA\",2.73205081,1,\"NA\",0,0,0,0,0,0,0,\"NA\",\"NA\",1.84529946,3,1,0,8,0,\"NA\",1.41421356,0,0,1,\"NA\",\"NA\",\"NA\",0,0,0,0,1,0,0,0,0,\"NA\",\"NA\",\"NA\",0,0,0,0,0,1,0,0,0,0,0,0,\"NA\",\"NA\",\"NA\",\"NA\",\"NA\",\"NA\",\"NA\",\"NA\",\"NA\",\"NA\",\"NA\",\"NA\",\"NA\",\"NA\",\"NA\",\"NA\",0,\"NA\",\"NA\",\"NA\",0,0,0,0,0,0,0,\"NA\",\"NA\",0.57735027,5.55111512e-17,0,0,1,\"NA\",0,0,0,0,5,8,3,\"NA\",\"NA\",2.15470054,1,\"NA\",0,\"NA\",0,0]},{\"type\":\"double\",\"attributes\":{\"tsp\":{\"type\":\"double\",\"attributes\":{},\"value\":[1,362,1]},\"class\":{\"type\":\"character\",\"attributes\":{},\"value\":[\"ts\"]}},\"value\":[0,0,0,0,0,0,0,0,0,0,0,0,0,0,0,0,0,0,0,0,0,0,0,0,0,\"NA\",0,0,0,0,0,2,0,\"NA\",-1.41421356,1,1,-2,0,0,\"NA\",0,0,0,0,0,0,0,0,0,0,\"NA\",0,0,0,0,\"NA\",\"NA\",0,0,1,0,0,-1,\"NA\",\"NA\",0.57735027,2,-2,\"NA\",-0.70710678,0,\"NA\",0,0,\"NA\",\"NA\",0,1,2,\"NA\",\"NA\",-1.73205081,0,1,0,\"NA\",\"NA\",0,0,2,-1,-2,3,\"NA\",-2.12132034,0,1,-1,0,1,1,-1,0,0,0,1,-2,0,0,0,0,0,0,0,\"NA\",0,\"NA\",\"NA\",0,0,0,\"NA\",0,0,\"NA\",\"NA\",0,\"NA\",0,0,0,0,0,0,0,0,0,0,0,0,0,\"NA\",0,\"NA\",0,0,1,7,\"NA\",14.14213562,4,-3,8,-1,-12,\"NA\",-7.77817459,-9,6,-8,1,-2,2,2,-1,-3,0,0,-1,0,0,0,0,0,0,0,0,0,0,0,0,0,0,0,0,0,0,0,0,0,\"NA\",0,\"NA\",0,\"NA\",0,\"NA\",0,0,0,0,0,\"NA\",0,0,0,0,0,\"NA\",\"NA\",0,0,0,0,\"NA\",0,0,0,0,0,0,0,0,0,0,0,0,\"NA\",0,\"NA\",0,\"NA\",0,\"NA\",0,0,0,0,0,0,0,0,0,0,0,2,\"NA\",0,2,4,2,-3,10,-12,-4,0,0,3,\"NA\",\"NA\",-1.73205081,-1,\"NA\",0,0,0,0,0,0,1,\"NA\",\"NA\",1.15470054,-2,-1,8,-8,2,\"NA\",-1.41421356,0,1,-1,\"NA\",\"NA\",\"NA\",0,0,0,1,-1,0,0,0,0,\"NA\",\"NA\",\"NA\",0,0,0,0,1,-1,0,0,0,0,0,0,\"NA\",\"NA\",\"NA\",\"NA\",\"NA\",\"NA\",\"NA\",\"NA\",\"NA\",\"NA\",\"NA\",\"NA\",\"NA\",\"NA\",\"NA\",\"NA\",0,\"NA\",\"NA\",\"NA\",0,0,0,0,0,0,1,\"NA\",\"NA\",-0.57735027,-5.55111512e-17,0,1,-1,\"NA\",0,0,0,5,3,-5,0,\"NA\",\"NA\",-1.15470054,-1,\"NA\",0,\"NA\",0,0]}]}"]
