"currency","model","confidence_level","dataset","species","estimate","lower_pi","upper_pi","old_cast_id","forecast_id","origin","newmoonnumber","forecast_date","forecast_month","forecast_year","forecast_group","historic_start_newmoonnumber","historic_end_newmoonnumber","forecast_start_newmoonnumber","forecast_end_newmoonnumber","lead_time_newmoons","max_lag","lag_buffer"
"abundance","nbGARCH",0.95,"exclosures","BA",0.15744623323882,0,2,2638,"2638.01",,555,2022-06-30,4,2022,101,217,557,555,569,-2,,
"abundance","nbGARCH",0.95,"exclosures","BA",0.181901926887359,0,2,2638,"2638.01",,556,2022-06-30,5,2022,101,217,557,555,569,-1,,
"abundance","nbGARCH",0.95,"exclosures","BA",0.185696669558077,0,1,2638,"2638.01",,557,2022-06-30,6,2022,101,217,557,555,569,0,,
"abundance","nbGARCH",0.95,"exclosures","BA",0.186285403731595,0,2,2638,"2638.01",,558,2022-06-30,7,2022,101,217,557,555,569,1,,
"abundance","nbGARCH",0.95,"exclosures","BA",0.186376740594368,0,2,2638,"2638.01",,559,2022-06-30,8,2022,101,217,557,555,569,2,,
"abundance","nbGARCH",0.95,"exclosures","BA",0.186390910644118,0,2,2638,"2638.01",,560,2022-06-30,9,2022,101,217,557,555,569,3,,
"abundance","nbGARCH",0.95,"exclosures","BA",0.186393108991992,0,2,2638,"2638.01",,561,2022-06-30,10,2022,101,217,557,555,569,4,,
"abundance","nbGARCH",0.95,"exclosures","BA",0.186393450044637,0,2,2638,"2638.01",,562,2022-06-30,11,2022,101,217,557,555,569,5,,
"abundance","nbGARCH",0.95,"exclosures","BA",0.186393502955692,0,2,2638,"2638.01",,563,2022-06-30,12,2022,101,217,557,555,569,6,,
"abundance","nbGARCH",0.95,"exclosures","BA",0.186393511164338,0,2,2638,"2638.01",,564,2022-06-30,1,2023,101,217,557,555,569,7,,
"abundance","nbGARCH",0.95,"exclosures","BA",0.18639351243783,0,2,2638,"2638.01",,565,2022-06-30,2,2023,101,217,557,555,569,8,,
"abundance","nbGARCH",0.95,"exclosures","BA",0.186393512635399,0,2,2638,"2638.01",,566,2022-06-30,3,2023,101,217,557,555,569,9,,
"abundance","nbGARCH",0.95,"exclosures","BA",0.186393512666048,0,2,2638,"2638.01",,567,2022-06-30,4,2023,101,217,557,555,569,10,,
"abundance","nbGARCH",0.95,"exclosures","BA",0.186664881039547,0,2,2638,"2638.01",,568,2022-06-30,5,2023,101,217,557,555,569,11,,
"abundance","nbGARCH",0.95,"exclosures","BA",0.186745889188453,0,2,2638,"2638.01",,569,2022-06-30,6,2023,101,217,557,555,569,12,,
