"currency","model","confidence_level","dataset","species","estimate","lower_pi","upper_pi","old_cast_id","forecast_id","origin","newmoonnumber","forecast_date","forecast_month","forecast_year","forecast_group","historic_start_newmoonnumber","historic_end_newmoonnumber","forecast_start_newmoonnumber","forecast_end_newmoonnumber","lead_time_newmoons","max_lag","lag_buffer"
"abundance","nbGARCH",0.95,"controls","PL",0.0107987191816624,0,0,2747,"2747.12",,558,2022-08-04,7,2022,106,217,558,558,570,0,,
"abundance","nbGARCH",0.95,"controls","PL",0.0108486980379036,0,0,2747,"2747.12",,559,2022-08-04,8,2022,106,217,558,558,570,1,,
"abundance","nbGARCH",0.95,"controls","PL",0.0108489286416215,0,0,2747,"2747.12",,560,2022-08-04,9,2022,106,217,558,558,570,2,,
"abundance","nbGARCH",0.95,"controls","PL",0.0108489297056179,0,0,2747,"2747.12",,561,2022-08-04,10,2022,106,217,558,558,570,3,,
"abundance","nbGARCH",0.95,"controls","PL",0.0108489297105272,0,0,2747,"2747.12",,562,2022-08-04,11,2022,106,217,558,558,570,4,,
"abundance","nbGARCH",0.95,"controls","PL",0.0108097776684119,0,0,2747,"2747.12",,563,2022-08-04,12,2022,106,217,558,558,570,5,,
"abundance","nbGARCH",0.95,"controls","PL",0.0108487490626037,0,0,2747,"2747.12",,564,2022-08-04,1,2023,106,217,558,558,570,6,,
"abundance","nbGARCH",0.95,"controls","PL",0.0108489288770475,0,0,2747,"2747.12",,565,2022-08-04,2,2023,106,217,558,558,570,7,,
"abundance","nbGARCH",0.95,"controls","PL",0.0108433951534715,0,0,2747,"2747.12",,566,2022-08-04,3,2023,106,217,558,558,570,8,,
"abundance","nbGARCH",0.95,"controls","PL",0.0114110075029416,0,0,2747,"2747.12",,567,2022-08-04,4,2023,106,217,558,558,570,9,,
"abundance","nbGARCH",0.95,"controls","PL",0.0108448371892347,0,0,2747,"2747.12",,568,2022-08-04,5,2023,106,217,558,558,570,10,,
"abundance","nbGARCH",0.95,"controls","PL",0.0108726289611523,0,0,2747,"2747.12",,569,2022-08-04,6,2023,106,217,558,558,570,11,,
"abundance","nbGARCH",0.95,"controls","PL",0.0108435044481932,0,0,2747,"2747.12",,570,2022-08-04,7,2023,106,217,558,558,570,12,,
