"currency","model","confidence_level","dataset","species","estimate","lower_pi","upper_pi","old_cast_id","forecast_id","origin","newmoonnumber","forecast_date","forecast_month","forecast_year","forecast_group","historic_start_newmoonnumber","historic_end_newmoonnumber","forecast_start_newmoonnumber","forecast_end_newmoonnumber","lead_time_newmoons","max_lag","lag_buffer"
"abundance","nbGARCH",0.95,"controls","RO",0.0427099904436759,0,0,2747,"2747.16",,558,2022-08-04,7,2022,106,217,558,558,570,0,,
"abundance","nbGARCH",0.95,"controls","RO",0.0436209534639899,0,0,2747,"2747.16",,559,2022-08-04,8,2022,106,217,558,558,570,1,,
"abundance","nbGARCH",0.95,"controls","RO",0.0436401800748865,0,0,2747,"2747.16",,560,2022-08-04,9,2022,106,217,558,558,570,2,,
"abundance","nbGARCH",0.95,"controls","RO",0.0436405857784456,0,0,2747,"2747.16",,561,2022-08-04,10,2022,106,217,558,558,570,3,,
"abundance","nbGARCH",0.95,"controls","RO",0.0619150693494665,0,0,2747,"2747.16",,562,2022-08-04,11,2022,106,217,558,558,570,4,,
"abundance","nbGARCH",0.95,"controls","RO",0.0766407500062658,0,0,2747,"2747.16",,563,2022-08-04,12,2022,106,217,558,558,570,5,,
"abundance","nbGARCH",0.95,"controls","RO",0.109492305233733,0,0,2747,"2747.16",,564,2022-08-04,1,2023,106,217,558,558,570,6,,
"abundance","nbGARCH",0.95,"controls","RO",0.0638566006454631,0,0,2747,"2747.16",,565,2022-08-04,2,2023,106,217,558,558,570,7,,
"abundance","nbGARCH",0.95,"controls","RO",0.00177452353619222,0,0,2747,"2747.16",,566,2022-08-04,3,2023,106,217,558,558,570,8,,
"abundance","nbGARCH",0.95,"controls","RO",0.00244236337015178,0,0,2747,"2747.16",,567,2022-08-04,4,2023,106,217,558,558,570,9,,
"abundance","nbGARCH",0.95,"controls","RO",0.00172206929172025,0,0,2747,"2747.16",,568,2022-08-04,5,2023,106,217,558,558,570,10,,
"abundance","nbGARCH",0.95,"controls","RO",0.00172144477698802,0,0,2747,"2747.16",,569,2022-08-04,6,2023,106,217,558,558,570,11,,
"abundance","nbGARCH",0.95,"controls","RO",0.0017214442354201,0,0,2747,"2747.16",,570,2022-08-04,7,2023,106,217,558,558,570,12,,
