["{\"type\":\"list\",\"attributes\":{\"names\":{\"type\":\"character\",\"attributes\":{},\"value\":[\"Point.Forecast\",\"Lo.95\",\"Hi.95\",\"moon\",\"model\",\"dataset\",\"species\",\"forecast_id\"]}},\"value\":[{\"type\":\"double\",\"attributes\":{},\"value\":[6.602,11.644,18.035,23.959,28.302,31.755,34.171,36.178,37.218,38.138,39.094,39.859,39.478,39.612]},{\"type\":\"double\",\"attributes\":{},\"value\":[2.23,0,0,0,0,0.016,0,0,0,0,0,0,0,0]},{\"type\":\"double\",\"attributes\":{},\"value\":[11.512,39.413,78.83,132.415,187.573,196.9,196.9,196.9,196.9,196.9,196.9,196.9,196.9,196.9]},{\"type\":\"integer\",\"attributes\":{},\"value\":[524,525,526,527,528,529,530,531,532,533,534,535,536,537]},{\"type\":\"character\",\"attributes\":{},\"value\":[\"jags_RW\"]},{\"type\":\"character\",\"attributes\":{},\"value\":[\"controls\"]},{\"type\":\"character\",\"attributes\":{},\"value\":[\"DM\"]},{\"type\":\"character\",\"attributes\":{},\"value\":[\"164.02\"]}]}"]
