"currency","model","dataset","species","estimate","lower_pi","upper_pi","confidence_level","old_cast_id","forecast_id","origin","newmoonnumber","forecast_date","forecast_month","forecast_year","forecast_group","historic_start_newmoonnumber","historic_end_newmoonnumber","forecast_start_newmoonnumber","forecast_end_newmoonnumber","lead_time_newmoons","max_lag","lag_buffer"
"abundance","jags_RW","exclosures","PB",1.211,0.727,1.724,0.95,2196,"2196.07",,552,2022-03-03,1,2022,84,217,553,552,565,-1,,
"abundance","jags_RW","exclosures","PB",1.22,0.678,1.804,0.95,2196,"2196.07",,553,2022-03-03,3,2022,84,217,553,552,565,0,,
"abundance","jags_RW","exclosures","PB",1.229,0.647,1.893,0.95,2196,"2196.07",,554,2022-03-03,4,2022,84,217,553,552,565,1,,
"abundance","jags_RW","exclosures","PB",1.236,0.612,1.972,0.95,2196,"2196.07",,555,2022-03-03,4,2022,84,217,553,552,565,2,,
"abundance","jags_RW","exclosures","PB",1.242,0.57,2.031,0.95,2196,"2196.07",,556,2022-03-03,5,2022,84,217,553,552,565,3,,
"abundance","jags_RW","exclosures","PB",1.25,0.543,2.07,0.95,2196,"2196.07",,557,2022-03-03,6,2022,84,217,553,552,565,4,,
"abundance","jags_RW","exclosures","PB",1.258,0.51,2.14,0.95,2196,"2196.07",,558,2022-03-03,7,2022,84,217,553,552,565,5,,
"abundance","jags_RW","exclosures","PB",1.266,0.49,2.203,0.95,2196,"2196.07",,559,2022-03-03,8,2022,84,217,553,552,565,6,,
"abundance","jags_RW","exclosures","PB",1.273,0.461,2.254,0.95,2196,"2196.07",,560,2022-03-03,9,2022,84,217,553,552,565,7,,
"abundance","jags_RW","exclosures","PB",1.28,0.413,2.28,0.95,2196,"2196.07",,561,2022-03-03,10,2022,84,217,553,552,565,8,,
"abundance","jags_RW","exclosures","PB",1.288,0.431,2.379,0.95,2196,"2196.07",,562,2022-03-03,11,2022,84,217,553,552,565,9,,
"abundance","jags_RW","exclosures","PB",1.297,0.361,2.395,0.95,2196,"2196.07",,563,2022-03-03,12,2022,84,217,553,552,565,10,,
"abundance","jags_RW","exclosures","PB",1.303,0.383,2.512,0.95,2196,"2196.07",,564,2022-03-03,1,2023,84,217,553,552,565,11,,
"abundance","jags_RW","exclosures","PB",1.311,0.343,2.529,0.95,2196,"2196.07",,565,2022-03-03,2,2023,84,217,553,552,565,12,,
