["{\"type\":\"list\",\"attributes\":{\"names\":{\"type\":\"character\",\"attributes\":{},\"value\":[\"method\",\"model\",\"level\",\"mean\",\"lower\",\"upper\",\"x\",\"series\",\"fitted\",\"residuals\"]},\"class\":{\"type\":\"character\",\"attributes\":{},\"value\":[\"forecast\"]}},\"value\":[{\"type\":\"character\",\"attributes\":{},\"value\":[\"ARIMA(0,1,0)\"]},{\"type\":\"list\",\"attributes\":{\"names\":{\"type\":\"character\",\"attributes\":{},\"value\":[\"coef\",\"sigma2\",\"var.coef\",\"mask\",\"loglik\",\"aic\",\"arma\",\"residuals\",\"call\",\"series\",\"code\",\"n.cond\",\"nobs\",\"model\",\"aicc\",\"bic\",\"x\",\"fitted\"]},\"class\":{\"type\":\"character\",\"attributes\":{},\"value\":[\"forecast_ARIMA\",\"ARIMA\",\"Arima\"]}},\"value\":[{\"type\":\"double\",\"attributes\":{},\"value\":[]},{\"type\":\"double\",\"attributes\":{},\"value\":[25.21176822]},{\"type\":\"double\",\"attributes\":{},\"value\":[]},{\"type\":\"logical\",\"attributes\":{},\"value\":[]},{\"type\":\"double\",\"attributes\":{},\"value\":[-865.88550077]},{\"type\":\"double\",\"attributes\":{},\"value\":[1733.77100154]},{\"type\":\"integer\",\"attributes\":{},\"value\":[0,0,0,0,1,1,0]},{\"type\":\"double\",\"attributes\":{\"tsp\":{\"type\":\"double\",\"attributes\":{},\"value\":[1,360,1]},\"class\":{\"type\":\"character\",\"attributes\":{},\"value\":[\"ts\"]}},\"value\":[0,0,0,0,0,0,0,0,0,0,0,0,0,0,0,0,0,0,1,-1,1,0,1,-1,1,\"NA\",0,0,-1,6,7,5,-7,\"NA\",1.41421356,-2,-1,-3,1,0,\"NA\",-3.53553391,5,8,4,1,1,-5,1,-6,1,\"NA\",-0.70710678,10,-9,10,\"NA\",\"NA\",-10.96965511,2,6,1,-5,2,\"NA\",\"NA\",2.30940108,7,-3,\"NA\",-2.82842712,-1,\"NA\",-0.70710678,-2,\"NA\",\"NA\",-1.73205081,1,-2,\"NA\",\"NA\",10.39230485,7,-10,3,\"NA\",\"NA\",-1.15470054,-4,-1,8,4,0,\"NA\",-14.8492424,25,1,1,-14,14,-2,-8,8,10,-12,4,-5,-4,-6,0,-2,-1,-3,-1,\"NA\",-2.12132034,\"NA\",\"NA\",1.15470054,-1,-3,\"NA\",2.12132034,-3,\"NA\",\"NA\",-1.73205081,\"NA\",4.24264069,8,5,6,0,1,-14,1,-2,-2,3,0,6,\"NA\",1.41421356,\"NA\",-11.3137085,10,8,8,\"NA\",-8.48528137,-1,6,32,4,11,\"NA\",-16.26345597,-13,-1,-16,-7,-1,4,1,-5,3,4,-16,10,2,-1,-6,0,0,0,-2,5,7,1,-4,-3,-7,-2,-1,-2,-2,0,0,-1,0,\"NA\",0,\"NA\",1.41421356,\"NA\",-1.41421356,\"NA\",0.70710678,-1,0,1,0,\"NA\",-0.70710678,1,-1,0,0,\"NA\",\"NA\",0.57735027,0,0,1,\"NA\",0,3,3,-1,-3,-1,0,0,0,0,-1,0,\"NA\",0.70710678,\"NA\",0,\"NA\",0,\"NA\",0,-1,0,-2,2,1,4,-1,4,-1,-2,0,\"NA\",-2.82842712,0,1,1,0,1,-1,0,-1,3,0,\"NA\",\"NA\",-2.30940108,-1,\"NA\",1.41421356,2,-2,1,0,0,-1,\"NA\",\"NA\",-1.73205081,-1,0,2,1,-1,\"NA\",1.41421356,0,0,0,\"NA\",\"NA\",\"NA\",0,-2,0,4,-1,-3,2,0,-1,\"NA\",\"NA\",\"NA\",0,0,-1,2,-2,1,-1,3,-4,2,-2,1,\"NA\",\"NA\",\"NA\",\"NA\",\"NA\",\"NA\",\"NA\",\"NA\",\"NA\",\"NA\",\"NA\",\"NA\",\"NA\",\"NA\",\"NA\",\"NA\",0,\"NA\",\"NA\",\"NA\",0.5,-1,4,-2,-2,1,-1,\"NA\",\"NA\",1.73205081,2,2,0,-1,\"NA\",0.70710678,-7,4,4,0,10,8,\"NA\",\"NA\",-7.5055535,-6,\"NA\",\"NA\",\"NA\"]},{\"type\":\"language\",\"attributes\":{},\"value\":[\"Arima(y = c(0L, 0L, 0L, 0L, 0L, 0L, 0L, 0L, 0L, 0L, 0L, 0L, 0L, \",\"0L, 0L, 0L, 0L, 0L, 1L, 0L, 1L, 1L, 2L, 1L, 2L, NA, 2L, 2L, 1L, \",\"7L, 14L, 19L, 12L, NA, 14L, 12L, 11L, 8L, 9L, 9L, NA, 4L, 9L, \",\"17L, 21L, 22L, 23L, 18L, 19L, 13L, 14L, NA, 13L, 23L, 14L, 24L, \",\"NA, NA, 5L, 7L, 13L, 14L, 9L, 11L, NA, NA, 15L, 22L, 19L, NA, \",\"15L, 14L, NA, 13L, 11L, NA, NA, 8L, 9L, 7L, NA, NA, 25L, 32L, \",\"22L, 25L, NA, NA, 23L, 19L, 18L, 26L, 30L, 30L, NA, 9L, 34L, \",\"35L, 36L, 22L, 36L, 34L, 26L, 34L, 44L, 32L, 36L, 31L, 27L, 21L, \",\"21L, 19L, 18L, 15L, 14L, NA, 11L, NA, NA, 13L, 12L, 9L, NA, 12L, \",\"9L, NA, NA, 6L, NA, 12L, 20L, 25L, 31L, 31L, 32L, 18L, 19L, 17L, \",\"15L, 18L, 18L, 24L, NA, 26L, NA, 10L, 20L, 28L, 36L, NA, 24L, \",\"23L, 29L, 61L, 65L, 76L, NA, 53L, 40L, 39L, 23L, 16L, 15L, 19L, \",\"20L, 15L, 18L, 22L, 6L, 16L, 18L, 17L, 11L, 11L, 11L, 11L, 9L, \",\"14L, 21L, 22L, 18L, 15L, 8L, 6L, 5L, 3L, 1L, 1L, 1L, 0L, 0L, \",\"NA, 0L, NA, 2L, NA, 0L, NA, 1L, 0L, 0L, 1L, 1L, NA, 0L, 1L, 0L, \",\"0L, 0L, NA, NA, 1L, 1L, 1L, 2L, NA, 2L, 5L, 8L, 7L, 4L, 3L, 3L, \",\"3L, 3L, 3L, 2L, 2L, NA, 3L, NA, 3L, NA, 3L, NA, 3L, 2L, 2L, 0L, \",\"2L, 3L, 7L, 6L, 10L, 9L, 7L, 7L, NA, 3L, 3L, 4L, 5L, 5L, 6L, \",\"5L, 5L, 4L, 7L, 7L, NA, NA, 3L, 2L, NA, 4L, 6L, 4L, 5L, 5L, 5L, \",\"4L, NA, NA, 1L, 0L, 0L, 2L, 3L, 2L, NA, 4L, 4L, 4L, 4L, NA, NA, \",\"NA, 4L, 2L, 2L, 6L, 5L, 2L, 4L, 4L, 3L, NA, NA, NA, 3L, 3L, 2L, \",\"4L, 2L, 3L, 2L, 5L, 1L, 3L, 1L, 2L, NA, NA, NA, NA, NA, NA, NA, \",\"NA, NA, NA, NA, NA, NA, NA, NA, NA, 2L, NA, NA, NA, 3L, 2L, 6L, \",\"4L, 2L, 3L, 2L, NA, NA, 5L, 7L, 9L, 9L, 8L, NA, 9L, 2L, 6L, 10L, \",\"10L, 20L, 28L, NA, NA, 15L, 9L, NA, NA, NA), order = c(0, 1, \",\"0))\"]},{\"type\":\"character\",\"attributes\":{},\"value\":[\"c(0L, 0L, 0L, 0L, 0L, 0L, 0L, 0L, 0L, 0L, 0L, 0L, 0L, 0L, 0L, \",\"0L, 0L, 0L, 1L, 0L, 1L, 1L, 2L, 1L, 2L, NA, 2L, 2L, 1L, 7L, 14L, \",\"19L, 12L, NA, 14L, 12L, 11L, 8L, 9L, 9L, NA, 4L, 9L, 17L, 21L, \",\"22L, 23L, 18L, 19L, 13L, 14L, NA, 13L, 23L, 14L, 24L, NA, NA, \",\"5L, 7L, 13L, 14L, 9L, 11L, NA, NA, 15L, 22L, 19L, NA, 15L, 14L, \",\"NA, 13L, 11L, NA, NA, 8L, 9L, 7L, NA, NA, 25L, 32L, 22L, 25L, \",\"NA, NA, 23L, 19L, 18L, 26L, 30L, 30L, NA, 9L, 34L, 35L, 36L, \",\"22L, 36L, 34L, 26L, 34L, 44L, 32L, 36L, 31L, 27L, 21L, 21L, 19L, \",\"18L, 15L, 14L, NA, 11L, NA, NA, 13L, 12L, 9L, NA, 12L, 9L, NA, \",\"NA, 6L, NA, 12L, 20L, 25L, 31L, 31L, 32L, 18L, 19L, 17L, 15L, \",\"18L, 18L, 24L, NA, 26L, NA, 10L, 20L, 28L, 36L, NA, 24L, 23L, \",\"29L, 61L, 65L, 76L, NA, 53L, 40L, 39L, 23L, 16L, 15L, 19L, 20L, \",\"15L, 18L, 22L, 6L, 16L, 18L, 17L, 11L, 11L, 11L, 11L, 9L, 14L, \",\"21L, 22L, 18L, 15L, 8L, 6L, 5L, 3L, 1L, 1L, 1L, 0L, 0L, NA, 0L, \",\"NA, 2L, NA, 0L, NA, 1L, 0L, 0L, 1L, 1L, NA, 0L, 1L, 0L, 0L, 0L, \",\"NA, NA, 1L, 1L, 1L, 2L, NA, 2L, 5L, 8L, 7L, 4L, 3L, 3L, 3L, 3L, \",\"3L, 2L, 2L, NA, 3L, NA, 3L, NA, 3L, NA, 3L, 2L, 2L, 0L, 2L, 3L, \",\"7L, 6L, 10L, 9L, 7L, 7L, NA, 3L, 3L, 4L, 5L, 5L, 6L, 5L, 5L, \",\"4L, 7L, 7L, NA, NA, 3L, 2L, NA, 4L, 6L, 4L, 5L, 5L, 5L, 4L, NA, \",\"NA, 1L, 0L, 0L, 2L, 3L, 2L, NA, 4L, 4L, 4L, 4L, NA, NA, NA, 4L, \",\"2L, 2L, 6L, 5L, 2L, 4L, 4L, 3L, NA, NA, NA, 3L, 3L, 2L, 4L, 2L, \",\"3L, 2L, 5L, 1L, 3L, 1L, 2L, NA, NA, NA, NA, NA, NA, NA, NA, NA, \",\"NA, NA, NA, NA, NA, NA, NA, 2L, NA, NA, NA, 3L, 2L, 6L, 4L, 2L, \",\"3L, 2L, NA, NA, 5L, 7L, 9L, 9L, 8L, NA, 9L, 2L, 6L, 10L, 10L, \",\"20L, 28L, NA, NA, 15L, 9L, NA, NA, NA)\"]},{\"type\":\"double\",\"attributes\":{},\"value\":[0]},{\"type\":\"double\",\"attributes\":{},\"value\":[0]},{\"type\":\"integer\",\"attributes\":{},\"value\":[279]},{\"type\":\"list\",\"attributes\":{\"names\":{\"type\":\"character\",\"attributes\":{},\"value\":[\"phi\",\"theta\",\"Delta\",\"Z\",\"a\",\"P\",\"T\",\"V\",\"h\",\"Pn\"]}},\"value\":[{\"type\":\"double\",\"attributes\":{},\"value\":[]},{\"type\":\"double\",\"attributes\":{},\"value\":[]},{\"type\":\"double\",\"attributes\":{},\"value\":[1]},{\"type\":\"double\",\"attributes\":{},\"value\":[1,1]},{\"type\":\"double\",\"attributes\":{},\"value\":[0,9]},{\"type\":\"double\",\"attributes\":{\"dim\":{\"type\":\"integer\",\"attributes\":{},\"value\":[2,2]}},\"value\":[1,0,0,2]},{\"type\":\"double\",\"attributes\":{\"dim\":{\"type\":\"integer\",\"attributes\":{},\"value\":[2,2]}},\"value\":[0,1,0,1]},{\"type\":\"double\",\"attributes\":{\"dim\":{\"type\":\"integer\",\"attributes\":{},\"value\":[2,2]}},\"value\":[1,0,0,0]},{\"type\":\"double\",\"attributes\":{},\"value\":[0]},{\"type\":\"double\",\"attributes\":{\"dim\":{\"type\":\"integer\",\"attributes\":{},\"value\":[2,2]}},\"value\":[1,0,0,2]}]},{\"type\":\"double\",\"attributes\":{},\"value\":[1733.78544197]},{\"type\":\"double\",\"attributes\":{},\"value\":[1737.40221332]},{\"type\":\"integer\",\"attributes\":{\"tsp\":{\"type\":\"double\",\"attributes\":{},\"value\":[1,360,1]},\"class\":{\"type\":\"character\",\"attributes\":{},\"value\":[\"ts\"]}},\"value\":[0,0,0,0,0,0,0,0,0,0,0,0,0,0,0,0,0,0,1,0,1,1,2,1,2,\"NA\",2,2,1,7,14,19,12,\"NA\",14,12,11,8,9,9,\"NA\",4,9,17,21,22,23,18,19,13,14,\"NA\",13,23,14,24,\"NA\",\"NA\",5,7,13,14,9,11,\"NA\",\"NA\",15,22,19,\"NA\",15,14,\"NA\",13,11,\"NA\",\"NA\",8,9,7,\"NA\",\"NA\",25,32,22,25,\"NA\",\"NA\",23,19,18,26,30,30,\"NA\",9,34,35,36,22,36,34,26,34,44,32,36,31,27,21,21,19,18,15,14,\"NA\",11,\"NA\",\"NA\",13,12,9,\"NA\",12,9,\"NA\",\"NA\",6,\"NA\",12,20,25,31,31,32,18,19,17,15,18,18,24,\"NA\",26,\"NA\",10,20,28,36,\"NA\",24,23,29,61,65,76,\"NA\",53,40,39,23,16,15,19,20,15,18,22,6,16,18,17,11,11,11,11,9,14,21,22,18,15,8,6,5,3,1,1,1,0,0,\"NA\",0,\"NA\",2,\"NA\",0,\"NA\",1,0,0,1,1,\"NA\",0,1,0,0,0,\"NA\",\"NA\",1,1,1,2,\"NA\",2,5,8,7,4,3,3,3,3,3,2,2,\"NA\",3,\"NA\",3,\"NA\",3,\"NA\",3,2,2,0,2,3,7,6,10,9,7,7,\"NA\",3,3,4,5,5,6,5,5,4,7,7,\"NA\",\"NA\",3,2,\"NA\",4,6,4,5,5,5,4,\"NA\",\"NA\",1,0,0,2,3,2,\"NA\",4,4,4,4,\"NA\",\"NA\",\"NA\",4,2,2,6,5,2,4,4,3,\"NA\",\"NA\",\"NA\",3,3,2,4,2,3,2,5,1,3,1,2,\"NA\",\"NA\",\"NA\",\"NA\",\"NA\",\"NA\",\"NA\",\"NA\",\"NA\",\"NA\",\"NA\",\"NA\",\"NA\",\"NA\",\"NA\",\"NA\",2,\"NA\",\"NA\",\"NA\",3,2,6,4,2,3,2,\"NA\",\"NA\",5,7,9,9,8,\"NA\",9,2,6,10,10,20,28,\"NA\",\"NA\",15,9,\"NA\",\"NA\",\"NA\"]},{\"type\":\"double\",\"attributes\":{\"tsp\":{\"type\":\"double\",\"attributes\":{},\"value\":[1,360,1]},\"class\":{\"type\":\"character\",\"attributes\":{},\"value\":[\"ts\"]}},\"value\":[0,0,0,0,0,0,0,0,0,0,0,0,0,0,0,0,0,0,0,1,0,1,1,2,1,\"NA\",2,2,2,1,7,14,19,\"NA\",12.58578644,14,12,11,8,9,\"NA\",7.53553391,4,9,17,21,22,23,18,19,13,\"NA\",13.70710678,13,23,14,\"NA\",\"NA\",15.96965511,5,7,13,14,9,\"NA\",\"NA\",12.69059892,15,22,\"NA\",17.82842712,15,\"NA\",13.70710678,13,\"NA\",\"NA\",9.73205081,8,9,\"NA\",\"NA\",14.60769515,25,32,22,\"NA\",\"NA\",24.15470054,23,19,18,26,30,\"NA\",23.8492424,9,34,35,36,22,36,34,26,34,44,32,36,31,27,21,21,19,18,15,\"NA\",13.12132034,\"NA\",\"NA\",11.84529946,13,12,\"NA\",9.87867966,12,\"NA\",\"NA\",7.73205081,\"NA\",7.75735931,12,20,25,31,31,32,18,19,17,15,18,18,\"NA\",24.58578644,\"NA\",21.3137085,10,20,28,\"NA\",32.48528137,24,23,29,61,65,\"NA\",69.26345597,53,40,39,23,16,15,19,20,15,18,22,6,16,18,17,11,11,11,11,9,14,21,22,18,15,8,6,5,3,1,1,1,0,\"NA\",0,\"NA\",0.58578644,\"NA\",1.41421356,\"NA\",0.29289322,1,0,0,1,\"NA\",0.70710678,0,1,0,0,\"NA\",\"NA\",0.42264973,1,1,1,\"NA\",2,2,5,8,7,4,3,3,3,3,3,2,\"NA\",2.29289322,\"NA\",3,\"NA\",3,\"NA\",3,3,2,2,0,2,3,7,6,10,9,7,\"NA\",5.82842712,3,3,4,5,5,6,5,5,4,7,\"NA\",\"NA\",5.30940108,3,\"NA\",2.58578644,4,6,4,5,5,5,\"NA\",\"NA\",2.73205081,1,0,0,2,3,\"NA\",2.58578644,4,4,4,\"NA\",\"NA\",\"NA\",4,4,2,2,6,5,2,4,4,\"NA\",\"NA\",\"NA\",3,3,3,2,4,2,3,2,5,1,3,1,\"NA\",\"NA\",\"NA\",\"NA\",\"NA\",\"NA\",\"NA\",\"NA\",\"NA\",\"NA\",\"NA\",\"NA\",\"NA\",\"NA\",\"NA\",\"NA\",2,\"NA\",\"NA\",\"NA\",2.5,3,2,6,4,2,3,\"NA\",\"NA\",3.26794919,5,7,9,9,\"NA\",8.29289322,9,2,6,10,10,20,\"NA\",\"NA\",22.5055535,15,\"NA\",\"NA\",\"NA\"]}]},{\"type\":\"double\",\"attributes\":{},\"value\":[95]},{\"type\":\"double\",\"attributes\":{\"tsp\":{\"type\":\"double\",\"attributes\":{},\"value\":[361,373,1]},\"class\":{\"type\":\"character\",\"attributes\":{},\"value\":[\"ts\"]}},\"value\":[9,9,9,9,9,9,9,9,9,9,9,9,9]},{\"type\":\"double\",\"attributes\":{\"dim\":{\"type\":\"integer\",\"attributes\":{},\"value\":[13,1]},\"dimnames\":{\"type\":\"list\",\"attributes\":{},\"value\":[{\"type\":\"NULL\"},{\"type\":\"character\",\"attributes\":{},\"value\":[\"95%\"]}]},\"tsp\":{\"type\":\"double\",\"attributes\":{},\"value\":[361,373,1]},\"class\":{\"type\":\"character\",\"attributes\":{},\"value\":[\"ts\"]}},\"value\":[-10.68247641,-13.00567761,-15.10601204,-17.03746888,-18.83522508,-20.52371462,-22.12072773,-23.6396946,-25.09104916,-26.48308896,-27.82254163,-29.11495168,-30.36495282]},{\"type\":\"double\",\"attributes\":{\"dim\":{\"type\":\"integer\",\"attributes\":{},\"value\":[13,1]},\"dimnames\":{\"type\":\"list\",\"attributes\":{},\"value\":[{\"type\":\"NULL\"},{\"type\":\"character\",\"attributes\":{},\"value\":[\"95%\"]}]},\"tsp\":{\"type\":\"double\",\"attributes\":{},\"value\":[361,373,1]},\"class\":{\"type\":\"character\",\"attributes\":{},\"value\":[\"ts\"]}},\"value\":[28.68247641,31.00567761,33.10601204,35.03746888,36.83522508,38.52371462,40.12072773,41.6396946,43.09104916,44.48308896,45.82254163,47.11495168,48.36495282]},{\"type\":\"integer\",\"attributes\":{\"tsp\":{\"type\":\"double\",\"attributes\":{},\"value\":[1,360,1]},\"class\":{\"type\":\"character\",\"attributes\":{},\"value\":[\"ts\"]}},\"value\":[0,0,0,0,0,0,0,0,0,0,0,0,0,0,0,0,0,0,1,0,1,1,2,1,2,\"NA\",2,2,1,7,14,19,12,\"NA\",14,12,11,8,9,9,\"NA\",4,9,17,21,22,23,18,19,13,14,\"NA\",13,23,14,24,\"NA\",\"NA\",5,7,13,14,9,11,\"NA\",\"NA\",15,22,19,\"NA\",15,14,\"NA\",13,11,\"NA\",\"NA\",8,9,7,\"NA\",\"NA\",25,32,22,25,\"NA\",\"NA\",23,19,18,26,30,30,\"NA\",9,34,35,36,22,36,34,26,34,44,32,36,31,27,21,21,19,18,15,14,\"NA\",11,\"NA\",\"NA\",13,12,9,\"NA\",12,9,\"NA\",\"NA\",6,\"NA\",12,20,25,31,31,32,18,19,17,15,18,18,24,\"NA\",26,\"NA\",10,20,28,36,\"NA\",24,23,29,61,65,76,\"NA\",53,40,39,23,16,15,19,20,15,18,22,6,16,18,17,11,11,11,11,9,14,21,22,18,15,8,6,5,3,1,1,1,0,0,\"NA\",0,\"NA\",2,\"NA\",0,\"NA\",1,0,0,1,1,\"NA\",0,1,0,0,0,\"NA\",\"NA\",1,1,1,2,\"NA\",2,5,8,7,4,3,3,3,3,3,2,2,\"NA\",3,\"NA\",3,\"NA\",3,\"NA\",3,2,2,0,2,3,7,6,10,9,7,7,\"NA\",3,3,4,5,5,6,5,5,4,7,7,\"NA\",\"NA\",3,2,\"NA\",4,6,4,5,5,5,4,\"NA\",\"NA\",1,0,0,2,3,2,\"NA\",4,4,4,4,\"NA\",\"NA\",\"NA\",4,2,2,6,5,2,4,4,3,\"NA\",\"NA\",\"NA\",3,3,2,4,2,3,2,5,1,3,1,2,\"NA\",\"NA\",\"NA\",\"NA\",\"NA\",\"NA\",\"NA\",\"NA\",\"NA\",\"NA\",\"NA\",\"NA\",\"NA\",\"NA\",\"NA\",\"NA\",2,\"NA\",\"NA\",\"NA\",3,2,6,4,2,3,2,\"NA\",\"NA\",5,7,9,9,8,\"NA\",9,2,6,10,10,20,28,\"NA\",\"NA\",15,9,\"NA\",\"NA\",\"NA\"]},{\"type\":\"character\",\"attributes\":{},\"value\":[\"c(0L, 0L, 0L, 0L, 0L, 0L, 0L, 0L, 0L, 0L, 0L, 0L, 0L, 0L, 0L, \",\"0L, 0L, 0L, 1L, 0L, 1L, 1L, 2L, 1L, 2L, NA, 2L, 2L, 1L, 7L, 14L, \",\"19L, 12L, NA, 14L, 12L, 11L, 8L, 9L, 9L, NA, 4L, 9L, 17L, 21L, \",\"22L, 23L, 18L, 19L, 13L, 14L, NA, 13L, 23L, 14L, 24L, NA, NA, \",\"5L, 7L, 13L, 14L, 9L, 11L, NA, NA, 15L, 22L, 19L, NA, 15L, 14L, \",\"NA, 13L, 11L, NA, NA, 8L, 9L, 7L, NA, NA, 25L, 32L, 22L, 25L, \",\"NA, NA, 23L, 19L, 18L, 26L, 30L, 30L, NA, 9L, 34L, 35L, 36L, \",\"22L, 36L, 34L, 26L, 34L, 44L, 32L, 36L, 31L, 27L, 21L, 21L, 19L, \",\"18L, 15L, 14L, NA, 11L, NA, NA, 13L, 12L, 9L, NA, 12L, 9L, NA, \",\"NA, 6L, NA, 12L, 20L, 25L, 31L, 31L, 32L, 18L, 19L, 17L, 15L, \",\"18L, 18L, 24L, NA, 26L, NA, 10L, 20L, 28L, 36L, NA, 24L, 23L, \",\"29L, 61L, 65L, 76L, NA, 53L, 40L, 39L, 23L, 16L, 15L, 19L, 20L, \",\"15L, 18L, 22L, 6L, 16L, 18L, 17L, 11L, 11L, 11L, 11L, 9L, 14L, \",\"21L, 22L, 18L, 15L, 8L, 6L, 5L, 3L, 1L, 1L, 1L, 0L, 0L, NA, 0L, \",\"NA, 2L, NA, 0L, NA, 1L, 0L, 0L, 1L, 1L, NA, 0L, 1L, 0L, 0L, 0L, \",\"NA, NA, 1L, 1L, 1L, 2L, NA, 2L, 5L, 8L, 7L, 4L, 3L, 3L, 3L, 3L, \",\"3L, 2L, 2L, NA, 3L, NA, 3L, NA, 3L, NA, 3L, 2L, 2L, 0L, 2L, 3L, \",\"7L, 6L, 10L, 9L, 7L, 7L, NA, 3L, 3L, 4L, 5L, 5L, 6L, 5L, 5L, \",\"4L, 7L, 7L, NA, NA, 3L, 2L, NA, 4L, 6L, 4L, 5L, 5L, 5L, 4L, NA, \",\"NA, 1L, 0L, 0L, 2L, 3L, 2L, NA, 4L, 4L, 4L, 4L, NA, NA, NA, 4L, \",\"2L, 2L, 6L, 5L, 2L, 4L, 4L, 3L, NA, NA, NA, 3L, 3L, 2L, 4L, 2L, \",\"3L, 2L, 5L, 1L, 3L, 1L, 2L, NA, NA, NA, NA, NA, NA, NA, NA, NA, \",\"NA, NA, NA, NA, NA, NA, NA, 2L, NA, NA, NA, 3L, 2L, 6L, 4L, 2L, \",\"3L, 2L, NA, NA, 5L, 7L, 9L, 9L, 8L, NA, 9L, 2L, 6L, 10L, 10L, \",\"20L, 28L, NA, NA, 15L, 9L, NA, NA, NA)\"]},{\"type\":\"double\",\"attributes\":{\"tsp\":{\"type\":\"double\",\"attributes\":{},\"value\":[1,360,1]},\"class\":{\"type\":\"character\",\"attributes\":{},\"value\":[\"ts\"]}},\"value\":[0,0,0,0,0,0,0,0,0,0,0,0,0,0,0,0,0,0,0,1,0,1,1,2,1,\"NA\",2,2,2,1,7,14,19,\"NA\",12.58578644,14,12,11,8,9,\"NA\",7.53553391,4,9,17,21,22,23,18,19,13,\"NA\",13.70710678,13,23,14,\"NA\",\"NA\",15.96965511,5,7,13,14,9,\"NA\",\"NA\",12.69059892,15,22,\"NA\",17.82842712,15,\"NA\",13.70710678,13,\"NA\",\"NA\",9.73205081,8,9,\"NA\",\"NA\",14.60769515,25,32,22,\"NA\",\"NA\",24.15470054,23,19,18,26,30,\"NA\",23.8492424,9,34,35,36,22,36,34,26,34,44,32,36,31,27,21,21,19,18,15,\"NA\",13.12132034,\"NA\",\"NA\",11.84529946,13,12,\"NA\",9.87867966,12,\"NA\",\"NA\",7.73205081,\"NA\",7.75735931,12,20,25,31,31,32,18,19,17,15,18,18,\"NA\",24.58578644,\"NA\",21.3137085,10,20,28,\"NA\",32.48528137,24,23,29,61,65,\"NA\",69.26345597,53,40,39,23,16,15,19,20,15,18,22,6,16,18,17,11,11,11,11,9,14,21,22,18,15,8,6,5,3,1,1,1,0,\"NA\",0,\"NA\",0.58578644,\"NA\",1.41421356,\"NA\",0.29289322,1,0,0,1,\"NA\",0.70710678,0,1,0,0,\"NA\",\"NA\",0.42264973,1,1,1,\"NA\",2,2,5,8,7,4,3,3,3,3,3,2,\"NA\",2.29289322,\"NA\",3,\"NA\",3,\"NA\",3,3,2,2,0,2,3,7,6,10,9,7,\"NA\",5.82842712,3,3,4,5,5,6,5,5,4,7,\"NA\",\"NA\",5.30940108,3,\"NA\",2.58578644,4,6,4,5,5,5,\"NA\",\"NA\",2.73205081,1,0,0,2,3,\"NA\",2.58578644,4,4,4,\"NA\",\"NA\",\"NA\",4,4,2,2,6,5,2,4,4,\"NA\",\"NA\",\"NA\",3,3,3,2,4,2,3,2,5,1,3,1,\"NA\",\"NA\",\"NA\",\"NA\",\"NA\",\"NA\",\"NA\",\"NA\",\"NA\",\"NA\",\"NA\",\"NA\",\"NA\",\"NA\",\"NA\",\"NA\",2,\"NA\",\"NA\",\"NA\",2.5,3,2,6,4,2,3,\"NA\",\"NA\",3.26794919,5,7,9,9,\"NA\",8.29289322,9,2,6,10,10,20,\"NA\",\"NA\",22.5055535,15,\"NA\",\"NA\",\"NA\"]},{\"type\":\"double\",\"attributes\":{\"tsp\":{\"type\":\"double\",\"attributes\":{},\"value\":[1,360,1]},\"class\":{\"type\":\"character\",\"attributes\":{},\"value\":[\"ts\"]}},\"value\":[0,0,0,0,0,0,0,0,0,0,0,0,0,0,0,0,0,0,1,-1,1,0,1,-1,1,\"NA\",0,0,-1,6,7,5,-7,\"NA\",1.41421356,-2,-1,-3,1,0,\"NA\",-3.53553391,5,8,4,1,1,-5,1,-6,1,\"NA\",-0.70710678,10,-9,10,\"NA\",\"NA\",-10.96965511,2,6,1,-5,2,\"NA\",\"NA\",2.30940108,7,-3,\"NA\",-2.82842712,-1,\"NA\",-0.70710678,-2,\"NA\",\"NA\",-1.73205081,1,-2,\"NA\",\"NA\",10.39230485,7,-10,3,\"NA\",\"NA\",-1.15470054,-4,-1,8,4,0,\"NA\",-14.8492424,25,1,1,-14,14,-2,-8,8,10,-12,4,-5,-4,-6,0,-2,-1,-3,-1,\"NA\",-2.12132034,\"NA\",\"NA\",1.15470054,-1,-3,\"NA\",2.12132034,-3,\"NA\",\"NA\",-1.73205081,\"NA\",4.24264069,8,5,6,0,1,-14,1,-2,-2,3,0,6,\"NA\",1.41421356,\"NA\",-11.3137085,10,8,8,\"NA\",-8.48528137,-1,6,32,4,11,\"NA\",-16.26345597,-13,-1,-16,-7,-1,4,1,-5,3,4,-16,10,2,-1,-6,0,0,0,-2,5,7,1,-4,-3,-7,-2,-1,-2,-2,0,0,-1,0,\"NA\",0,\"NA\",1.41421356,\"NA\",-1.41421356,\"NA\",0.70710678,-1,0,1,0,\"NA\",-0.70710678,1,-1,0,0,\"NA\",\"NA\",0.57735027,0,0,1,\"NA\",0,3,3,-1,-3,-1,0,0,0,0,-1,0,\"NA\",0.70710678,\"NA\",0,\"NA\",0,\"NA\",0,-1,0,-2,2,1,4,-1,4,-1,-2,0,\"NA\",-2.82842712,0,1,1,0,1,-1,0,-1,3,0,\"NA\",\"NA\",-2.30940108,-1,\"NA\",1.41421356,2,-2,1,0,0,-1,\"NA\",\"NA\",-1.73205081,-1,0,2,1,-1,\"NA\",1.41421356,0,0,0,\"NA\",\"NA\",\"NA\",0,-2,0,4,-1,-3,2,0,-1,\"NA\",\"NA\",\"NA\",0,0,-1,2,-2,1,-1,3,-4,2,-2,1,\"NA\",\"NA\",\"NA\",\"NA\",\"NA\",\"NA\",\"NA\",\"NA\",\"NA\",\"NA\",\"NA\",\"NA\",\"NA\",\"NA\",\"NA\",\"NA\",0,\"NA\",\"NA\",\"NA\",0.5,-1,4,-2,-2,1,-1,\"NA\",\"NA\",1.73205081,2,2,0,-1,\"NA\",0.70710678,-7,4,4,0,10,8,\"NA\",\"NA\",-7.5055535,-6,\"NA\",\"NA\",\"NA\"]}]}"]
