["{\"type\":\"list\",\"attributes\":{\"names\":{\"type\":\"character\",\"attributes\":{},\"value\":[\"method\",\"model\",\"level\",\"mean\",\"lower\",\"upper\",\"x\",\"series\",\"fitted\",\"residuals\"]},\"class\":{\"type\":\"character\",\"attributes\":{},\"value\":[\"forecast\"]}},\"value\":[{\"type\":\"character\",\"attributes\":{},\"value\":[\"ARIMA(0,1,0)\"]},{\"type\":\"list\",\"attributes\":{\"names\":{\"type\":\"character\",\"attributes\":{},\"value\":[\"coef\",\"sigma2\",\"var.coef\",\"mask\",\"loglik\",\"aic\",\"arma\",\"residuals\",\"call\",\"series\",\"code\",\"n.cond\",\"nobs\",\"model\",\"aicc\",\"bic\",\"x\",\"fitted\"]},\"class\":{\"type\":\"character\",\"attributes\":{},\"value\":[\"forecast_ARIMA\",\"ARIMA\",\"Arima\"]}},\"value\":[{\"type\":\"double\",\"attributes\":{},\"value\":[]},{\"type\":\"double\",\"attributes\":{},\"value\":[0.29510155]},{\"type\":\"double\",\"attributes\":{},\"value\":[]},{\"type\":\"logical\",\"attributes\":{},\"value\":[]},{\"type\":\"double\",\"attributes\":{},\"value\":[-245.42484836]},{\"type\":\"double\",\"attributes\":{},\"value\":[492.84969673]},{\"type\":\"integer\",\"attributes\":{},\"value\":[0,0,0,0,1,1,0]},{\"type\":\"double\",\"attributes\":{\"tsp\":{\"type\":\"double\",\"attributes\":{},\"value\":[1,360,1]},\"class\":{\"type\":\"character\",\"attributes\":{},\"value\":[\"ts\"]}},\"value\":[0,0,0,0,0,0,0,0,0,0,0,0,0,0,0,0,0,0,0,0,0,0,0,0,0,\"NA\",0,0,0,0,0,0,0,\"NA\",0,0,0,0,0,0,\"NA\",0,0,0,0,0,0,0,0,0,0,\"NA\",0,0,0,0,\"NA\",\"NA\",0,0,0,0,0,0,\"NA\",\"NA\",0,0,0,\"NA\",0,0,\"NA\",0,0,\"NA\",\"NA\",0,0,0,\"NA\",\"NA\",0,0,0,0,\"NA\",\"NA\",0,0,0,0,0,0,\"NA\",0,0,0,1,0,-1,1,2,-1,0,-2,1,-1,0,0,0,0,0,0,0,\"NA\",0,\"NA\",\"NA\",0,0,0,\"NA\",0,0,\"NA\",\"NA\",0,\"NA\",0,0,0,0,0,0,0,0,0,0,0,0,0,\"NA\",0,\"NA\",0,0,0,0,\"NA\",0,0,0,0,0,0,\"NA\",2.12132034,1,-4,1,-1,1,0,2,1,-1,-3,1,-1,0,0,0,0,0,0,0,1,0,0,-1,0,0,0,0,0,0,0,0,0,0,\"NA\",0,\"NA\",0,\"NA\",0,\"NA\",0,0,0,0,0,\"NA\",0,0,0,0,0,\"NA\",\"NA\",0,0,0,0,\"NA\",0,0,0,0,0,0,0,0,0,0,0,0,\"NA\",0,\"NA\",0,\"NA\",0,\"NA\",0,0,1,-1,0,0,0,0,0,0,0,0,\"NA\",0.70710678,3,-1,-1,-1,2,-1,-1,-1,1,0,\"NA\",\"NA\",-0.57735027,-5.55111512e-17,\"NA\",0,1,0,-1,0,0,0,\"NA\",\"NA\",0,0,0,0,0,0,\"NA\",0,0,0,0,\"NA\",\"NA\",\"NA\",0,0,0,0,0,0,0,0,0,\"NA\",\"NA\",\"NA\",0,0,0,0,0,0,0,0,0,0,0,0,\"NA\",\"NA\",\"NA\",\"NA\",\"NA\",\"NA\",\"NA\",\"NA\",\"NA\",\"NA\",\"NA\",\"NA\",\"NA\",\"NA\",\"NA\",\"NA\",0,\"NA\",\"NA\",\"NA\",0,0,0,0,0,0,0,\"NA\",\"NA\",0,0,0,0,0,\"NA\",0,0,0,0,0,0,0,\"NA\",\"NA\",0,0,\"NA\",\"NA\",\"NA\"]},{\"type\":\"language\",\"attributes\":{},\"value\":[\"Arima(y = c(0L, 0L, 0L, 0L, 0L, 0L, 0L, 0L, 0L, 0L, 0L, 0L, 0L, \",\"0L, 0L, 0L, 0L, 0L, 0L, 0L, 0L, 0L, 0L, 0L, 0L, NA, 0L, 0L, 0L, \",\"0L, 0L, 0L, 0L, NA, 0L, 0L, 0L, 0L, 0L, 0L, NA, 0L, 0L, 0L, 0L, \",\"0L, 0L, 0L, 0L, 0L, 0L, NA, 0L, 0L, 0L, 0L, NA, NA, 0L, 0L, 0L, \",\"0L, 0L, 0L, NA, NA, 0L, 0L, 0L, NA, 0L, 0L, NA, 0L, 0L, NA, NA, \",\"0L, 0L, 0L, NA, NA, 0L, 0L, 0L, 0L, NA, NA, 0L, 0L, 0L, 0L, 0L, \",\"0L, NA, 0L, 0L, 0L, 1L, 1L, 0L, 1L, 3L, 2L, 2L, 0L, 1L, 0L, 0L, \",\"0L, 0L, 0L, 0L, 0L, 0L, NA, 0L, NA, NA, 0L, 0L, 0L, NA, 0L, 0L, \",\"NA, NA, 0L, NA, 0L, 0L, 0L, 0L, 0L, 0L, 0L, 0L, 0L, 0L, 0L, 0L, \",\"0L, NA, 0L, NA, 0L, 0L, 0L, 0L, NA, 0L, 0L, 0L, 0L, 0L, 0L, NA, \",\"3L, 4L, 0L, 1L, 0L, 1L, 1L, 3L, 4L, 3L, 0L, 1L, 0L, 0L, 0L, 0L, \",\"0L, 0L, 0L, 0L, 1L, 1L, 1L, 0L, 0L, 0L, 0L, 0L, 0L, 0L, 0L, 0L, \",\"0L, 0L, NA, 0L, NA, 0L, NA, 0L, NA, 0L, 0L, 0L, 0L, 0L, NA, 0L, \",\"0L, 0L, 0L, 0L, NA, NA, 0L, 0L, 0L, 0L, NA, 0L, 0L, 0L, 0L, 0L, \",\"0L, 0L, 0L, 0L, 0L, 0L, 0L, NA, 0L, NA, 0L, NA, 0L, NA, 0L, 0L, \",\"1L, 0L, 0L, 0L, 0L, 0L, 0L, 0L, 0L, 0L, NA, 1L, 4L, 3L, 2L, 1L, \",\"3L, 2L, 1L, 0L, 1L, 1L, NA, NA, 0L, 0L, NA, 0L, 1L, 1L, 0L, 0L, \",\"0L, 0L, NA, NA, 0L, 0L, 0L, 0L, 0L, 0L, NA, 0L, 0L, 0L, 0L, NA, \",\"NA, NA, 0L, 0L, 0L, 0L, 0L, 0L, 0L, 0L, 0L, NA, NA, NA, 0L, 0L, \",\"0L, 0L, 0L, 0L, 0L, 0L, 0L, 0L, 0L, 0L, NA, NA, NA, NA, NA, NA, \",\"NA, NA, NA, NA, NA, NA, NA, NA, NA, NA, 0L, NA, NA, NA, 0L, 0L, \",\"0L, 0L, 0L, 0L, 0L, NA, NA, 0L, 0L, 0L, 0L, 0L, NA, 0L, 0L, 0L, \",\"0L, 0L, 0L, 0L, NA, NA, 0L, 0L, NA, NA, NA), order = c(0, 1, \",\"0))\"]},{\"type\":\"character\",\"attributes\":{},\"value\":[\"c(0L, 0L, 0L, 0L, 0L, 0L, 0L, 0L, 0L, 0L, 0L, 0L, 0L, 0L, 0L, \",\"0L, 0L, 0L, 0L, 0L, 0L, 0L, 0L, 0L, 0L, NA, 0L, 0L, 0L, 0L, 0L, \",\"0L, 0L, NA, 0L, 0L, 0L, 0L, 0L, 0L, NA, 0L, 0L, 0L, 0L, 0L, 0L, \",\"0L, 0L, 0L, 0L, NA, 0L, 0L, 0L, 0L, NA, NA, 0L, 0L, 0L, 0L, 0L, \",\"0L, NA, NA, 0L, 0L, 0L, NA, 0L, 0L, NA, 0L, 0L, NA, NA, 0L, 0L, \",\"0L, NA, NA, 0L, 0L, 0L, 0L, NA, NA, 0L, 0L, 0L, 0L, 0L, 0L, NA, \",\"0L, 0L, 0L, 1L, 1L, 0L, 1L, 3L, 2L, 2L, 0L, 1L, 0L, 0L, 0L, 0L, \",\"0L, 0L, 0L, 0L, NA, 0L, NA, NA, 0L, 0L, 0L, NA, 0L, 0L, NA, NA, \",\"0L, NA, 0L, 0L, 0L, 0L, 0L, 0L, 0L, 0L, 0L, 0L, 0L, 0L, 0L, NA, \",\"0L, NA, 0L, 0L, 0L, 0L, NA, 0L, 0L, 0L, 0L, 0L, 0L, NA, 3L, 4L, \",\"0L, 1L, 0L, 1L, 1L, 3L, 4L, 3L, 0L, 1L, 0L, 0L, 0L, 0L, 0L, 0L, \",\"0L, 0L, 1L, 1L, 1L, 0L, 0L, 0L, 0L, 0L, 0L, 0L, 0L, 0L, 0L, 0L, \",\"NA, 0L, NA, 0L, NA, 0L, NA, 0L, 0L, 0L, 0L, 0L, NA, 0L, 0L, 0L, \",\"0L, 0L, NA, NA, 0L, 0L, 0L, 0L, NA, 0L, 0L, 0L, 0L, 0L, 0L, 0L, \",\"0L, 0L, 0L, 0L, 0L, NA, 0L, NA, 0L, NA, 0L, NA, 0L, 0L, 1L, 0L, \",\"0L, 0L, 0L, 0L, 0L, 0L, 0L, 0L, NA, 1L, 4L, 3L, 2L, 1L, 3L, 2L, \",\"1L, 0L, 1L, 1L, NA, NA, 0L, 0L, NA, 0L, 1L, 1L, 0L, 0L, 0L, 0L, \",\"NA, NA, 0L, 0L, 0L, 0L, 0L, 0L, NA, 0L, 0L, 0L, 0L, NA, NA, NA, \",\"0L, 0L, 0L, 0L, 0L, 0L, 0L, 0L, 0L, NA, NA, NA, 0L, 0L, 0L, 0L, \",\"0L, 0L, 0L, 0L, 0L, 0L, 0L, 0L, NA, NA, NA, NA, NA, NA, NA, NA, \",\"NA, NA, NA, NA, NA, NA, NA, NA, 0L, NA, NA, NA, 0L, 0L, 0L, 0L, \",\"0L, 0L, 0L, NA, NA, 0L, 0L, 0L, 0L, 0L, NA, 0L, 0L, 0L, 0L, 0L, \",\"0L, 0L, NA, NA, 0L, 0L, NA, NA, NA)\"]},{\"type\":\"double\",\"attributes\":{},\"value\":[0]},{\"type\":\"double\",\"attributes\":{},\"value\":[0]},{\"type\":\"integer\",\"attributes\":{},\"value\":[279]},{\"type\":\"list\",\"attributes\":{\"names\":{\"type\":\"character\",\"attributes\":{},\"value\":[\"phi\",\"theta\",\"Delta\",\"Z\",\"a\",\"P\",\"T\",\"V\",\"h\",\"Pn\"]}},\"value\":[{\"type\":\"double\",\"attributes\":{},\"value\":[]},{\"type\":\"double\",\"attributes\":{},\"value\":[]},{\"type\":\"double\",\"attributes\":{},\"value\":[1]},{\"type\":\"double\",\"attributes\":{},\"value\":[1,1]},{\"type\":\"double\",\"attributes\":{},\"value\":[0,0]},{\"type\":\"double\",\"attributes\":{\"dim\":{\"type\":\"integer\",\"attributes\":{},\"value\":[2,2]}},\"value\":[1,0,0,2]},{\"type\":\"double\",\"attributes\":{\"dim\":{\"type\":\"integer\",\"attributes\":{},\"value\":[2,2]}},\"value\":[0,1,0,1]},{\"type\":\"double\",\"attributes\":{\"dim\":{\"type\":\"integer\",\"attributes\":{},\"value\":[2,2]}},\"value\":[1,0,0,0]},{\"type\":\"double\",\"attributes\":{},\"value\":[0]},{\"type\":\"double\",\"attributes\":{\"dim\":{\"type\":\"integer\",\"attributes\":{},\"value\":[2,2]}},\"value\":[1,0,0,2]}]},{\"type\":\"double\",\"attributes\":{},\"value\":[492.86413716]},{\"type\":\"double\",\"attributes\":{},\"value\":[496.48090851]},{\"type\":\"integer\",\"attributes\":{\"tsp\":{\"type\":\"double\",\"attributes\":{},\"value\":[1,360,1]},\"class\":{\"type\":\"character\",\"attributes\":{},\"value\":[\"ts\"]}},\"value\":[0,0,0,0,0,0,0,0,0,0,0,0,0,0,0,0,0,0,0,0,0,0,0,0,0,\"NA\",0,0,0,0,0,0,0,\"NA\",0,0,0,0,0,0,\"NA\",0,0,0,0,0,0,0,0,0,0,\"NA\",0,0,0,0,\"NA\",\"NA\",0,0,0,0,0,0,\"NA\",\"NA\",0,0,0,\"NA\",0,0,\"NA\",0,0,\"NA\",\"NA\",0,0,0,\"NA\",\"NA\",0,0,0,0,\"NA\",\"NA\",0,0,0,0,0,0,\"NA\",0,0,0,1,1,0,1,3,2,2,0,1,0,0,0,0,0,0,0,0,\"NA\",0,\"NA\",\"NA\",0,0,0,\"NA\",0,0,\"NA\",\"NA\",0,\"NA\",0,0,0,0,0,0,0,0,0,0,0,0,0,\"NA\",0,\"NA\",0,0,0,0,\"NA\",0,0,0,0,0,0,\"NA\",3,4,0,1,0,1,1,3,4,3,0,1,0,0,0,0,0,0,0,0,1,1,1,0,0,0,0,0,0,0,0,0,0,0,\"NA\",0,\"NA\",0,\"NA\",0,\"NA\",0,0,0,0,0,\"NA\",0,0,0,0,0,\"NA\",\"NA\",0,0,0,0,\"NA\",0,0,0,0,0,0,0,0,0,0,0,0,\"NA\",0,\"NA\",0,\"NA\",0,\"NA\",0,0,1,0,0,0,0,0,0,0,0,0,\"NA\",1,4,3,2,1,3,2,1,0,1,1,\"NA\",\"NA\",0,0,\"NA\",0,1,1,0,0,0,0,\"NA\",\"NA\",0,0,0,0,0,0,\"NA\",0,0,0,0,\"NA\",\"NA\",\"NA\",0,0,0,0,0,0,0,0,0,\"NA\",\"NA\",\"NA\",0,0,0,0,0,0,0,0,0,0,0,0,\"NA\",\"NA\",\"NA\",\"NA\",\"NA\",\"NA\",\"NA\",\"NA\",\"NA\",\"NA\",\"NA\",\"NA\",\"NA\",\"NA\",\"NA\",\"NA\",0,\"NA\",\"NA\",\"NA\",0,0,0,0,0,0,0,\"NA\",\"NA\",0,0,0,0,0,\"NA\",0,0,0,0,0,0,0,\"NA\",\"NA\",0,0,\"NA\",\"NA\",\"NA\"]},{\"type\":\"double\",\"attributes\":{\"tsp\":{\"type\":\"double\",\"attributes\":{},\"value\":[1,360,1]},\"class\":{\"type\":\"character\",\"attributes\":{},\"value\":[\"ts\"]}},\"value\":[0,0,0,0,0,0,0,0,0,0,0,0,0,0,0,0,0,0,0,0,0,0,0,0,0,\"NA\",0,0,0,0,0,0,0,\"NA\",0,0,0,0,0,0,\"NA\",0,0,0,0,0,0,0,0,0,0,\"NA\",0,0,0,0,\"NA\",\"NA\",0,0,0,0,0,0,\"NA\",\"NA\",0,0,0,\"NA\",0,0,\"NA\",0,0,\"NA\",\"NA\",0,0,0,\"NA\",\"NA\",0,0,0,0,\"NA\",\"NA\",0,0,0,0,0,0,\"NA\",0,0,0,0,1,1,0,1,3,2,2,0,1,0,0,0,0,0,0,0,\"NA\",0,\"NA\",\"NA\",0,0,0,\"NA\",0,0,\"NA\",\"NA\",0,\"NA\",0,0,0,0,0,0,0,0,0,0,0,0,0,\"NA\",0,\"NA\",0,0,0,0,\"NA\",0,0,0,0,0,0,\"NA\",0.87867966,3,4,0,1,0,1,1,3,4,3,0,1,0,0,0,0,0,0,0,0,1,1,1,0,0,0,0,0,0,0,0,0,0,\"NA\",0,\"NA\",0,\"NA\",0,\"NA\",0,0,0,0,0,\"NA\",0,0,0,0,0,\"NA\",\"NA\",0,0,0,0,\"NA\",0,0,0,0,0,0,0,0,0,0,0,0,\"NA\",0,\"NA\",0,\"NA\",0,\"NA\",0,0,0,1,0,0,0,0,0,0,0,0,\"NA\",0.29289322,1,4,3,2,1,3,2,1,0,1,\"NA\",\"NA\",0.57735027,5.55111512e-17,\"NA\",0,0,1,1,0,0,0,\"NA\",\"NA\",0,0,0,0,0,0,\"NA\",0,0,0,0,\"NA\",\"NA\",\"NA\",0,0,0,0,0,0,0,0,0,\"NA\",\"NA\",\"NA\",0,0,0,0,0,0,0,0,0,0,0,0,\"NA\",\"NA\",\"NA\",\"NA\",\"NA\",\"NA\",\"NA\",\"NA\",\"NA\",\"NA\",\"NA\",\"NA\",\"NA\",\"NA\",\"NA\",\"NA\",0,\"NA\",\"NA\",\"NA\",0,0,0,0,0,0,0,\"NA\",\"NA\",0,0,0,0,0,\"NA\",0,0,0,0,0,0,0,\"NA\",\"NA\",0,0,\"NA\",\"NA\",\"NA\"]}]},{\"type\":\"double\",\"attributes\":{},\"value\":[95]},{\"type\":\"double\",\"attributes\":{\"tsp\":{\"type\":\"double\",\"attributes\":{},\"value\":[361,373,1]},\"class\":{\"type\":\"character\",\"attributes\":{},\"value\":[\"ts\"]}},\"value\":[0,0,0,0,0,0,0,0,0,0,0,0,0]},{\"type\":\"double\",\"attributes\":{\"dim\":{\"type\":\"integer\",\"attributes\":{},\"value\":[13,1]},\"dimnames\":{\"type\":\"list\",\"attributes\":{},\"value\":[{\"type\":\"NULL\"},{\"type\":\"character\",\"attributes\":{},\"value\":[\"95%\"]}]},\"tsp\":{\"type\":\"double\",\"attributes\":{},\"value\":[361,373,1]},\"class\":{\"type\":\"character\",\"attributes\":{},\"value\":[\"ts\"]}},\"value\":[-2.12943229,-2.38077767,-2.60801127,-2.81697413,-3.01147202,-3.19414843,-3.36692807,-3.53126395,-3.68828491,-3.83888865,-3.98380302,-4.12362789,-4.25886457]},{\"type\":\"double\",\"attributes\":{\"dim\":{\"type\":\"integer\",\"attributes\":{},\"value\":[13,1]},\"dimnames\":{\"type\":\"list\",\"attributes\":{},\"value\":[{\"type\":\"NULL\"},{\"type\":\"character\",\"attributes\":{},\"value\":[\"95%\"]}]},\"tsp\":{\"type\":\"double\",\"attributes\":{},\"value\":[361,373,1]},\"class\":{\"type\":\"character\",\"attributes\":{},\"value\":[\"ts\"]}},\"value\":[2.12943229,2.38077767,2.60801127,2.81697413,3.01147202,3.19414843,3.36692807,3.53126395,3.68828491,3.83888865,3.98380302,4.12362789,4.25886457]},{\"type\":\"integer\",\"attributes\":{\"tsp\":{\"type\":\"double\",\"attributes\":{},\"value\":[1,360,1]},\"class\":{\"type\":\"character\",\"attributes\":{},\"value\":[\"ts\"]}},\"value\":[0,0,0,0,0,0,0,0,0,0,0,0,0,0,0,0,0,0,0,0,0,0,0,0,0,\"NA\",0,0,0,0,0,0,0,\"NA\",0,0,0,0,0,0,\"NA\",0,0,0,0,0,0,0,0,0,0,\"NA\",0,0,0,0,\"NA\",\"NA\",0,0,0,0,0,0,\"NA\",\"NA\",0,0,0,\"NA\",0,0,\"NA\",0,0,\"NA\",\"NA\",0,0,0,\"NA\",\"NA\",0,0,0,0,\"NA\",\"NA\",0,0,0,0,0,0,\"NA\",0,0,0,1,1,0,1,3,2,2,0,1,0,0,0,0,0,0,0,0,\"NA\",0,\"NA\",\"NA\",0,0,0,\"NA\",0,0,\"NA\",\"NA\",0,\"NA\",0,0,0,0,0,0,0,0,0,0,0,0,0,\"NA\",0,\"NA\",0,0,0,0,\"NA\",0,0,0,0,0,0,\"NA\",3,4,0,1,0,1,1,3,4,3,0,1,0,0,0,0,0,0,0,0,1,1,1,0,0,0,0,0,0,0,0,0,0,0,\"NA\",0,\"NA\",0,\"NA\",0,\"NA\",0,0,0,0,0,\"NA\",0,0,0,0,0,\"NA\",\"NA\",0,0,0,0,\"NA\",0,0,0,0,0,0,0,0,0,0,0,0,\"NA\",0,\"NA\",0,\"NA\",0,\"NA\",0,0,1,0,0,0,0,0,0,0,0,0,\"NA\",1,4,3,2,1,3,2,1,0,1,1,\"NA\",\"NA\",0,0,\"NA\",0,1,1,0,0,0,0,\"NA\",\"NA\",0,0,0,0,0,0,\"NA\",0,0,0,0,\"NA\",\"NA\",\"NA\",0,0,0,0,0,0,0,0,0,\"NA\",\"NA\",\"NA\",0,0,0,0,0,0,0,0,0,0,0,0,\"NA\",\"NA\",\"NA\",\"NA\",\"NA\",\"NA\",\"NA\",\"NA\",\"NA\",\"NA\",\"NA\",\"NA\",\"NA\",\"NA\",\"NA\",\"NA\",0,\"NA\",\"NA\",\"NA\",0,0,0,0,0,0,0,\"NA\",\"NA\",0,0,0,0,0,\"NA\",0,0,0,0,0,0,0,\"NA\",\"NA\",0,0,\"NA\",\"NA\",\"NA\"]},{\"type\":\"character\",\"attributes\":{},\"value\":[\"c(0L, 0L, 0L, 0L, 0L, 0L, 0L, 0L, 0L, 0L, 0L, 0L, 0L, 0L, 0L, \",\"0L, 0L, 0L, 0L, 0L, 0L, 0L, 0L, 0L, 0L, NA, 0L, 0L, 0L, 0L, 0L, \",\"0L, 0L, NA, 0L, 0L, 0L, 0L, 0L, 0L, NA, 0L, 0L, 0L, 0L, 0L, 0L, \",\"0L, 0L, 0L, 0L, NA, 0L, 0L, 0L, 0L, NA, NA, 0L, 0L, 0L, 0L, 0L, \",\"0L, NA, NA, 0L, 0L, 0L, NA, 0L, 0L, NA, 0L, 0L, NA, NA, 0L, 0L, \",\"0L, NA, NA, 0L, 0L, 0L, 0L, NA, NA, 0L, 0L, 0L, 0L, 0L, 0L, NA, \",\"0L, 0L, 0L, 1L, 1L, 0L, 1L, 3L, 2L, 2L, 0L, 1L, 0L, 0L, 0L, 0L, \",\"0L, 0L, 0L, 0L, NA, 0L, NA, NA, 0L, 0L, 0L, NA, 0L, 0L, NA, NA, \",\"0L, NA, 0L, 0L, 0L, 0L, 0L, 0L, 0L, 0L, 0L, 0L, 0L, 0L, 0L, NA, \",\"0L, NA, 0L, 0L, 0L, 0L, NA, 0L, 0L, 0L, 0L, 0L, 0L, NA, 3L, 4L, \",\"0L, 1L, 0L, 1L, 1L, 3L, 4L, 3L, 0L, 1L, 0L, 0L, 0L, 0L, 0L, 0L, \",\"0L, 0L, 1L, 1L, 1L, 0L, 0L, 0L, 0L, 0L, 0L, 0L, 0L, 0L, 0L, 0L, \",\"NA, 0L, NA, 0L, NA, 0L, NA, 0L, 0L, 0L, 0L, 0L, NA, 0L, 0L, 0L, \",\"0L, 0L, NA, NA, 0L, 0L, 0L, 0L, NA, 0L, 0L, 0L, 0L, 0L, 0L, 0L, \",\"0L, 0L, 0L, 0L, 0L, NA, 0L, NA, 0L, NA, 0L, NA, 0L, 0L, 1L, 0L, \",\"0L, 0L, 0L, 0L, 0L, 0L, 0L, 0L, NA, 1L, 4L, 3L, 2L, 1L, 3L, 2L, \",\"1L, 0L, 1L, 1L, NA, NA, 0L, 0L, NA, 0L, 1L, 1L, 0L, 0L, 0L, 0L, \",\"NA, NA, 0L, 0L, 0L, 0L, 0L, 0L, NA, 0L, 0L, 0L, 0L, NA, NA, NA, \",\"0L, 0L, 0L, 0L, 0L, 0L, 0L, 0L, 0L, NA, NA, NA, 0L, 0L, 0L, 0L, \",\"0L, 0L, 0L, 0L, 0L, 0L, 0L, 0L, NA, NA, NA, NA, NA, NA, NA, NA, \",\"NA, NA, NA, NA, NA, NA, NA, NA, 0L, NA, NA, NA, 0L, 0L, 0L, 0L, \",\"0L, 0L, 0L, NA, NA, 0L, 0L, 0L, 0L, 0L, NA, 0L, 0L, 0L, 0L, 0L, \",\"0L, 0L, NA, NA, 0L, 0L, NA, NA, NA)\"]},{\"type\":\"double\",\"attributes\":{\"tsp\":{\"type\":\"double\",\"attributes\":{},\"value\":[1,360,1]},\"class\":{\"type\":\"character\",\"attributes\":{},\"value\":[\"ts\"]}},\"value\":[0,0,0,0,0,0,0,0,0,0,0,0,0,0,0,0,0,0,0,0,0,0,0,0,0,\"NA\",0,0,0,0,0,0,0,\"NA\",0,0,0,0,0,0,\"NA\",0,0,0,0,0,0,0,0,0,0,\"NA\",0,0,0,0,\"NA\",\"NA\",0,0,0,0,0,0,\"NA\",\"NA\",0,0,0,\"NA\",0,0,\"NA\",0,0,\"NA\",\"NA\",0,0,0,\"NA\",\"NA\",0,0,0,0,\"NA\",\"NA\",0,0,0,0,0,0,\"NA\",0,0,0,0,1,1,0,1,3,2,2,0,1,0,0,0,0,0,0,0,\"NA\",0,\"NA\",\"NA\",0,0,0,\"NA\",0,0,\"NA\",\"NA\",0,\"NA\",0,0,0,0,0,0,0,0,0,0,0,0,0,\"NA\",0,\"NA\",0,0,0,0,\"NA\",0,0,0,0,0,0,\"NA\",0.87867966,3,4,0,1,0,1,1,3,4,3,0,1,0,0,0,0,0,0,0,0,1,1,1,0,0,0,0,0,0,0,0,0,0,\"NA\",0,\"NA\",0,\"NA\",0,\"NA\",0,0,0,0,0,\"NA\",0,0,0,0,0,\"NA\",\"NA\",0,0,0,0,\"NA\",0,0,0,0,0,0,0,0,0,0,0,0,\"NA\",0,\"NA\",0,\"NA\",0,\"NA\",0,0,0,1,0,0,0,0,0,0,0,0,\"NA\",0.29289322,1,4,3,2,1,3,2,1,0,1,\"NA\",\"NA\",0.57735027,5.55111512e-17,\"NA\",0,0,1,1,0,0,0,\"NA\",\"NA\",0,0,0,0,0,0,\"NA\",0,0,0,0,\"NA\",\"NA\",\"NA\",0,0,0,0,0,0,0,0,0,\"NA\",\"NA\",\"NA\",0,0,0,0,0,0,0,0,0,0,0,0,\"NA\",\"NA\",\"NA\",\"NA\",\"NA\",\"NA\",\"NA\",\"NA\",\"NA\",\"NA\",\"NA\",\"NA\",\"NA\",\"NA\",\"NA\",\"NA\",0,\"NA\",\"NA\",\"NA\",0,0,0,0,0,0,0,\"NA\",\"NA\",0,0,0,0,0,\"NA\",0,0,0,0,0,0,0,\"NA\",\"NA\",0,0,\"NA\",\"NA\",\"NA\"]},{\"type\":\"double\",\"attributes\":{\"tsp\":{\"type\":\"double\",\"attributes\":{},\"value\":[1,360,1]},\"class\":{\"type\":\"character\",\"attributes\":{},\"value\":[\"ts\"]}},\"value\":[0,0,0,0,0,0,0,0,0,0,0,0,0,0,0,0,0,0,0,0,0,0,0,0,0,\"NA\",0,0,0,0,0,0,0,\"NA\",0,0,0,0,0,0,\"NA\",0,0,0,0,0,0,0,0,0,0,\"NA\",0,0,0,0,\"NA\",\"NA\",0,0,0,0,0,0,\"NA\",\"NA\",0,0,0,\"NA\",0,0,\"NA\",0,0,\"NA\",\"NA\",0,0,0,\"NA\",\"NA\",0,0,0,0,\"NA\",\"NA\",0,0,0,0,0,0,\"NA\",0,0,0,1,0,-1,1,2,-1,0,-2,1,-1,0,0,0,0,0,0,0,\"NA\",0,\"NA\",\"NA\",0,0,0,\"NA\",0,0,\"NA\",\"NA\",0,\"NA\",0,0,0,0,0,0,0,0,0,0,0,0,0,\"NA\",0,\"NA\",0,0,0,0,\"NA\",0,0,0,0,0,0,\"NA\",2.12132034,1,-4,1,-1,1,0,2,1,-1,-3,1,-1,0,0,0,0,0,0,0,1,0,0,-1,0,0,0,0,0,0,0,0,0,0,\"NA\",0,\"NA\",0,\"NA\",0,\"NA\",0,0,0,0,0,\"NA\",0,0,0,0,0,\"NA\",\"NA\",0,0,0,0,\"NA\",0,0,0,0,0,0,0,0,0,0,0,0,\"NA\",0,\"NA\",0,\"NA\",0,\"NA\",0,0,1,-1,0,0,0,0,0,0,0,0,\"NA\",0.70710678,3,-1,-1,-1,2,-1,-1,-1,1,0,\"NA\",\"NA\",-0.57735027,-5.55111512e-17,\"NA\",0,1,0,-1,0,0,0,\"NA\",\"NA\",0,0,0,0,0,0,\"NA\",0,0,0,0,\"NA\",\"NA\",\"NA\",0,0,0,0,0,0,0,0,0,\"NA\",\"NA\",\"NA\",0,0,0,0,0,0,0,0,0,0,0,0,\"NA\",\"NA\",\"NA\",\"NA\",\"NA\",\"NA\",\"NA\",\"NA\",\"NA\",\"NA\",\"NA\",\"NA\",\"NA\",\"NA\",\"NA\",\"NA\",0,\"NA\",\"NA\",\"NA\",0,0,0,0,0,0,0,\"NA\",\"NA\",0,0,0,0,0,\"NA\",0,0,0,0,0,0,0,\"NA\",\"NA\",0,0,\"NA\",\"NA\",\"NA\"]}]}"]
