["{\"type\":\"list\",\"attributes\":{\"names\":{\"type\":\"character\",\"attributes\":{},\"value\":[\"method\",\"model\",\"level\",\"mean\",\"lower\",\"upper\",\"x\",\"series\",\"fitted\",\"residuals\"]},\"class\":{\"type\":\"character\",\"attributes\":{},\"value\":[\"forecast\"]}},\"value\":[{\"type\":\"character\",\"attributes\":{},\"value\":[\"ARIMA(1,1,0)\"]},{\"type\":\"list\",\"attributes\":{\"names\":{\"type\":\"character\",\"attributes\":{},\"value\":[\"coef\",\"sigma2\",\"var.coef\",\"mask\",\"loglik\",\"aic\",\"arma\",\"residuals\",\"call\",\"series\",\"code\",\"n.cond\",\"nobs\",\"model\",\"bic\",\"aicc\",\"x\",\"fitted\"]},\"class\":{\"type\":\"character\",\"attributes\":{},\"value\":[\"forecast_ARIMA\",\"ARIMA\",\"Arima\"]}},\"value\":[{\"type\":\"double\",\"attributes\":{\"names\":{\"type\":\"character\",\"attributes\":{},\"value\":[\"ar1\"]}},\"value\":[-0.51542104]},{\"type\":\"double\",\"attributes\":{},\"value\":[1.4971204]},{\"type\":\"double\",\"attributes\":{\"dim\":{\"type\":\"integer\",\"attributes\":{},\"value\":[1,1]},\"dimnames\":{\"type\":\"list\",\"attributes\":{},\"value\":[{\"type\":\"character\",\"attributes\":{},\"value\":[\"ar1\"]},{\"type\":\"character\",\"attributes\":{},\"value\":[\"ar1\"]}]}},\"value\":[0.00244986]},{\"type\":\"logical\",\"attributes\":{},\"value\":[true]},{\"type\":\"double\",\"attributes\":{},\"value\":[-464.21085964]},{\"type\":\"double\",\"attributes\":{},\"value\":[932.42171928]},{\"type\":\"integer\",\"attributes\":{},\"value\":[1,0,0,0,1,1,0]},{\"type\":\"double\",\"attributes\":{\"tsp\":{\"type\":\"double\",\"attributes\":{},\"value\":[1,360,1]},\"class\":{\"type\":\"character\",\"attributes\":{},\"value\":[\"ts\"]}},\"value\":[0,0,1,1.51542104,-0.48457896,-1.51542104,0.48457896,2.51542104,0.03084208,5.48457896,6.09252623,-3.45373688,-3.5771052,-0.51542104,2,-4.96915792,3.90747377,-2.39205273,1.90747377,1.5771052,-4.51542104,2.93831584,1.5771052,0.48457896,-4.48457896,\"NA\",0.67600201,1.40665838,0.03084208,-2.51542104,-0.03084208,1.51542104,-0.48457896,\"NA\",-1.12467262,-2.29358315,-2.03084208,-0.51542104,0,0,\"NA\",0,0,0,0,1,-0.48457896,-0.51542104,0,0,0,\"NA\",0,0,0,0,\"NA\",\"NA\",0,0,0,0,0,0,\"NA\",\"NA\",0,0,0,\"NA\",0,0,\"NA\",0,0,\"NA\",\"NA\",0.74583814,0.24630752,0,\"NA\",\"NA\",0.74583814,-0.65840531,3.48457896,-2.93831584,\"NA\",\"NA\",-1.4420346,1.65245326,1.03084208,-1,-1.51542104,0.48457896,\"NA\",-0.67514598,0.81825095,0.51542104,0,-1,-0.51542104,2,-0.96915792,-1.03084208,3,-0.45373688,-0.03084208,-0.48457896,-0.51542104,-1,-0.51542104,0,0,0,0,\"NA\",0,\"NA\",\"NA\",0,0,0,\"NA\",0,0,\"NA\",\"NA\",0,\"NA\",0,0,0,0,1,2.51542104,-1.96915792,-1.54626312,0,1,2.51542104,-0.96915792,-1.03084208,\"NA\",0,\"NA\",-0.88204711,-0.24969765,0,0,\"NA\",0,1.8143321,-0.96915792,-0.03084208,-0.48457896,0.48457896,\"NA\",2.02458192,-0.14383193,2.48457896,-3.45373688,-2.5771052,0,0,0,3,1.54626312,2,-2.96915792,-3.06168416,0.48457896,-0.48457896,0.48457896,-0.48457896,-0.51542104,0,0,0,0,0,0,0,0,0,0,0,0,0,0,0,0,\"NA\",0,\"NA\",0,\"NA\",0.87915998,\"NA\",-0.76207877,-0.14626014,-1.44786399e-17,1,0.51542104,\"NA\",-0.8999093,-0.28408307,-5.72232305e-17,0,1,\"NA\",\"NA\",0.28840692,1.84082016,2.03084208,-2.48457896,\"NA\",-0.67428996,-1.49266997,1.48457896,-0.96915792,-1.03084208,0,0,0,0,2,-0.96915792,-1.03084208,\"NA\",0.8999093,\"NA\",-0.74819818,\"NA\",-0.0654897,\"NA\",-0.0260762,-0.02173076,-2.15117936e-18,-1.1087631e-18,0,0,0,0,0,0,0,0,\"NA\",0,0.90716605,-0.48457896,-0.51542104,0,1,-0.48457896,-0.51542104,0,0,0,\"NA\",\"NA\",0,0,\"NA\",0,0,0,0,0,0,0,\"NA\",\"NA\",0,0,0,0,0,0,\"NA\",0,0,0,0,\"NA\",\"NA\",\"NA\",0,0,0,0,0,0,0,0,0,\"NA\",\"NA\",\"NA\",0,0,0,0,0,0,0,0,0,0,0,0,\"NA\",\"NA\",\"NA\",\"NA\",\"NA\",\"NA\",\"NA\",\"NA\",\"NA\",\"NA\",\"NA\",\"NA\",\"NA\",\"NA\",\"NA\",\"NA\",0,\"NA\",\"NA\",\"NA\",0,0,0,0,0,0,0,\"NA\",\"NA\",0,0,0,0,0,\"NA\",0,0,0,0,0,1,-0.48457896,\"NA\",\"NA\",-0.28840692,-0.03139448,\"NA\",\"NA\",\"NA\"]},{\"type\":\"language\",\"attributes\":{},\"value\":[\"auto.arima(y = c(0L, 0L, 1L, 2L, 1L, 0L, 1L, 3L, 2L, 8L, 11L, \",\"6L, 5L, 5L, 7L, 1L, 8L, 2L, 7L, 6L, 2L, 7L, 6L, 7L, 2L, NA, 4L, \",\"6L, 5L, 3L, 4L, 5L, 4L, NA, 3L, 1L, 0L, 0L, 0L, 0L, NA, 0L, 0L, \",\"0L, 0L, 1L, 0L, 0L, 0L, 0L, 0L, NA, 0L, 0L, 0L, 0L, NA, NA, 0L, \",\"0L, 0L, 0L, 0L, 0L, NA, NA, 0L, 0L, 0L, NA, 0L, 0L, NA, 0L, 0L, \",\"NA, NA, 1L, 1L, 1L, NA, NA, 2L, 1L, 5L, 0L, NA, NA, 0L, 2L, 2L, \",\"1L, 0L, 1L, NA, 0L, 1L, 1L, 1L, 0L, 0L, 2L, 0L, 0L, 3L, 1L, 2L, \",\"1L, 1L, 0L, 0L, 0L, 0L, 0L, 0L, NA, 0L, NA, NA, 0L, 0L, 0L, NA, \",\"0L, 0L, NA, NA, 0L, NA, 0L, 0L, 0L, 0L, 1L, 3L, 0L, 0L, 0L, 1L, \",\"3L, 1L, 1L, NA, 1L, NA, 0L, 0L, 0L, 0L, NA, 0L, 2L, 0L, 1L, 0L, \",\"1L, NA, 3L, 2L, 5L, 0L, 0L, 0L, 0L, 0L, 3L, 3L, 5L, 1L, 0L, 1L, \",\"0L, 1L, 0L, 0L, 0L, 0L, 0L, 0L, 0L, 0L, 0L, 0L, 0L, 0L, 0L, 0L, \",\"0L, 0L, 0L, 0L, NA, 0L, NA, 0L, NA, 1L, NA, 0L, 0L, 0L, 1L, 1L, \",\"NA, 0L, 0L, 0L, 0L, 1L, NA, NA, 1L, 3L, 4L, 1L, NA, 1L, 0L, 2L, \",\"0L, 0L, 0L, 0L, 0L, 0L, 2L, 0L, 0L, NA, 1L, NA, 0L, NA, 0L, NA, \",\"0L, 0L, 0L, 0L, 0L, 0L, 0L, 0L, 0L, 0L, 0L, 0L, NA, 0L, 1L, 0L, \",\"0L, 0L, 1L, 0L, 0L, 0L, 0L, 0L, NA, NA, 0L, 0L, NA, 0L, 0L, 0L, \",\"0L, 0L, 0L, 0L, NA, NA, 0L, 0L, 0L, 0L, 0L, 0L, NA, 0L, 0L, 0L, \",\"0L, NA, NA, NA, 0L, 0L, 0L, 0L, 0L, 0L, 0L, 0L, 0L, NA, NA, NA, \",\"0L, 0L, 0L, 0L, 0L, 0L, 0L, 0L, 0L, 0L, 0L, 0L, NA, NA, NA, NA, \",\"NA, NA, NA, NA, NA, NA, NA, NA, NA, NA, NA, NA, 0L, NA, NA, NA, \",\"0L, 0L, 0L, 0L, 0L, 0L, 0L, NA, NA, 0L, 0L, 0L, 0L, 0L, NA, 0L, \",\"0L, 0L, 0L, 0L, 1L, 0L, NA, NA, 0L, 0L, NA, NA, NA), x = structure(list(\",\"    x = structure(c(0L, 0L, 1L, 2L, 1L, 0L, 1L, 3L, 2L, 8L, 11L, \",\"    6L, 5L, 5L, 7L, 1L, 8L, 2L, 7L, 6L, 2L, 7L, 6L, 7L, 2L, NA, \",\"    4L, 6L, 5L, 3L, 4L, 5L, 4L, NA, 3L, 1L, 0L, 0L, 0L, 0L, NA, \",\"    0L, 0L, 0L, 0L, 1L, 0L, 0L, 0L, 0L, 0L, NA, 0L, 0L, 0L, 0L, \",\"    NA, NA, 0L, 0L, 0L, 0L, 0L, 0L, NA, NA, 0L, 0L, 0L, NA, 0L, \",\"    0L, NA, 0L, 0L, NA, NA, 1L, 1L, 1L, NA, NA, 2L, 1L, 5L, 0L, \",\"    NA, NA, 0L, 2L, 2L, 1L, 0L, 1L, NA, 0L, 1L, 1L, 1L, 0L, 0L, \",\"    2L, 0L, 0L, 3L, 1L, 2L, 1L, 1L, 0L, 0L, 0L, 0L, 0L, 0L, NA, \",\"    0L, NA, NA, 0L, 0L, 0L, NA, 0L, 0L, NA, NA, 0L, NA, 0L, 0L, \",\"    0L, 0L, 1L, 3L, 0L, 0L, 0L, 1L, 3L, 1L, 1L, NA, 1L, NA, 0L, \",\"    0L, 0L, 0L, NA, 0L, 2L, 0L, 1L, 0L, 1L, NA, 3L, 2L, 5L, 0L, \",\"    0L, 0L, 0L, 0L, 3L, 3L, 5L, 1L, 0L, 1L, 0L, 1L, 0L, 0L, 0L, \",\"    0L, 0L, 0L, 0L, 0L, 0L, 0L, 0L, 0L, 0L, 0L, 0L, 0L, 0L, 0L, \",\"    NA, 0L, NA, 0L, NA, 1L, NA, 0L, 0L, 0L, 1L, 1L, NA, 0L, 0L, \",\"    0L, 0L, 1L, NA, NA, 1L, 3L, 4L, 1L, NA, 1L, 0L, 2L, 0L, 0L, \",\"    0L, 0L, 0L, 0L, 2L, 0L, 0L, NA, 1L, NA, 0L, NA, 0L, NA, 0L, \",\"    0L, 0L, 0L, 0L, 0L, 0L, 0L, 0L, 0L, 0L, 0L, NA, 0L, 1L, 0L, \",\"    0L, 0L, 1L, 0L, 0L, 0L, 0L, 0L, NA, NA, 0L, 0L, NA, 0L, 0L, \",\"    0L, 0L, 0L, 0L, 0L, NA, NA, 0L, 0L, 0L, 0L, 0L, 0L, NA, 0L, \",\"    0L, 0L, 0L, NA, NA, NA, 0L, 0L, 0L, 0L, 0L, 0L, 0L, 0L, 0L, \",\"    NA, NA, NA, 0L, 0L, 0L, 0L, 0L, 0L, 0L, 0L, 0L, 0L, 0L, 0L, \",\"    NA, NA, NA, NA, NA, NA, NA, NA, NA, NA, NA, NA, NA, NA, NA, \",\"    NA, 0L, NA, NA, NA, 0L, 0L, 0L, 0L, 0L, 0L, 0L, NA, NA, 0L, \",\"    0L, 0L, 0L, 0L, NA, 0L, 0L, 0L, 0L, 0L, 1L, 0L, NA, NA, 0L, \",\"    0L, NA, NA, NA), tsp = c(1, 360, 1), class = \\\"ts\\\")), class = \\\"data.frame\\\", row.names = c(NA, \",\"-360L)))\"]},{\"type\":\"character\",\"attributes\":{},\"value\":[\"c(0L, 0L, 1L, 2L, 1L, 0L, 1L, 3L, 2L, 8L, 11L, 6L, 5L, 5L, 7L, \",\"1L, 8L, 2L, 7L, 6L, 2L, 7L, 6L, 7L, 2L, NA, 4L, 6L, 5L, 3L, 4L, \",\"5L, 4L, NA, 3L, 1L, 0L, 0L, 0L, 0L, NA, 0L, 0L, 0L, 0L, 1L, 0L, \",\"0L, 0L, 0L, 0L, NA, 0L, 0L, 0L, 0L, NA, NA, 0L, 0L, 0L, 0L, 0L, \",\"0L, NA, NA, 0L, 0L, 0L, NA, 0L, 0L, NA, 0L, 0L, NA, NA, 1L, 1L, \",\"1L, NA, NA, 2L, 1L, 5L, 0L, NA, NA, 0L, 2L, 2L, 1L, 0L, 1L, NA, \",\"0L, 1L, 1L, 1L, 0L, 0L, 2L, 0L, 0L, 3L, 1L, 2L, 1L, 1L, 0L, 0L, \",\"0L, 0L, 0L, 0L, NA, 0L, NA, NA, 0L, 0L, 0L, NA, 0L, 0L, NA, NA, \",\"0L, NA, 0L, 0L, 0L, 0L, 1L, 3L, 0L, 0L, 0L, 1L, 3L, 1L, 1L, NA, \",\"1L, NA, 0L, 0L, 0L, 0L, NA, 0L, 2L, 0L, 1L, 0L, 1L, NA, 3L, 2L, \",\"5L, 0L, 0L, 0L, 0L, 0L, 3L, 3L, 5L, 1L, 0L, 1L, 0L, 1L, 0L, 0L, \",\"0L, 0L, 0L, 0L, 0L, 0L, 0L, 0L, 0L, 0L, 0L, 0L, 0L, 0L, 0L, 0L, \",\"NA, 0L, NA, 0L, NA, 1L, NA, 0L, 0L, 0L, 1L, 1L, NA, 0L, 0L, 0L, \",\"0L, 1L, NA, NA, 1L, 3L, 4L, 1L, NA, 1L, 0L, 2L, 0L, 0L, 0L, 0L, \",\"0L, 0L, 2L, 0L, 0L, NA, 1L, NA, 0L, NA, 0L, NA, 0L, 0L, 0L, 0L, \",\"0L, 0L, 0L, 0L, 0L, 0L, 0L, 0L, NA, 0L, 1L, 0L, 0L, 0L, 1L, 0L, \",\"0L, 0L, 0L, 0L, NA, NA, 0L, 0L, NA, 0L, 0L, 0L, 0L, 0L, 0L, 0L, \",\"NA, NA, 0L, 0L, 0L, 0L, 0L, 0L, NA, 0L, 0L, 0L, 0L, NA, NA, NA, \",\"0L, 0L, 0L, 0L, 0L, 0L, 0L, 0L, 0L, NA, NA, NA, 0L, 0L, 0L, 0L, \",\"0L, 0L, 0L, 0L, 0L, 0L, 0L, 0L, NA, NA, NA, NA, NA, NA, NA, NA, \",\"NA, NA, NA, NA, NA, NA, NA, NA, 0L, NA, NA, NA, 0L, 0L, 0L, 0L, \",\"0L, 0L, 0L, NA, NA, 0L, 0L, 0L, 0L, 0L, NA, 0L, 0L, 0L, 0L, 0L, \",\"1L, 0L, NA, NA, 0L, 0L, NA, NA, NA)\"]},{\"type\":\"integer\",\"attributes\":{},\"value\":[0]},{\"type\":\"double\",\"attributes\":{},\"value\":[0]},{\"type\":\"integer\",\"attributes\":{},\"value\":[279]},{\"type\":\"list\",\"attributes\":{\"names\":{\"type\":\"character\",\"attributes\":{},\"value\":[\"phi\",\"theta\",\"Delta\",\"Z\",\"a\",\"P\",\"T\",\"V\",\"h\",\"Pn\"]}},\"value\":[{\"type\":\"double\",\"attributes\":{},\"value\":[-0.51542104]},{\"type\":\"double\",\"attributes\":{},\"value\":[]},{\"type\":\"double\",\"attributes\":{},\"value\":[1]},{\"type\":\"double\",\"attributes\":{},\"value\":[1,1]},{\"type\":\"double\",\"attributes\":{},\"value\":[2.85034827e-18,7.45669398e-18]},{\"type\":\"double\",\"attributes\":{\"dim\":{\"type\":\"integer\",\"attributes\":{},\"value\":[2,2]}},\"value\":[1.33623347,-0.38668835,-0.38668835,1.23481677]},{\"type\":\"double\",\"attributes\":{\"dim\":{\"type\":\"integer\",\"attributes\":{},\"value\":[2,2]}},\"value\":[-0.51542104,1,0,1]},{\"type\":\"double\",\"attributes\":{\"dim\":{\"type\":\"integer\",\"attributes\":{},\"value\":[2,2]}},\"value\":[1,0,0,0]},{\"type\":\"double\",\"attributes\":{},\"value\":[0]},{\"type\":\"double\",\"attributes\":{\"dim\":{\"type\":\"integer\",\"attributes\":{},\"value\":[2,2]}},\"value\":[1.33623347,-0.38668835,-0.38668835,1.23481677]}]},{\"type\":\"double\",\"attributes\":{},\"value\":[939.68414284]},{\"type\":\"double\",\"attributes\":{},\"value\":[932.46519754]},{\"type\":\"integer\",\"attributes\":{\"tsp\":{\"type\":\"double\",\"attributes\":{},\"value\":[1,360,1]},\"class\":{\"type\":\"character\",\"attributes\":{},\"value\":[\"ts\"]}},\"value\":[0,0,1,2,1,0,1,3,2,8,11,6,5,5,7,1,8,2,7,6,2,7,6,7,2,\"NA\",4,6,5,3,4,5,4,\"NA\",3,1,0,0,0,0,\"NA\",0,0,0,0,1,0,0,0,0,0,\"NA\",0,0,0,0,\"NA\",\"NA\",0,0,0,0,0,0,\"NA\",\"NA\",0,0,0,\"NA\",0,0,\"NA\",0,0,\"NA\",\"NA\",1,1,1,\"NA\",\"NA\",2,1,5,0,\"NA\",\"NA\",0,2,2,1,0,1,\"NA\",0,1,1,1,0,0,2,0,0,3,1,2,1,1,0,0,0,0,0,0,\"NA\",0,\"NA\",\"NA\",0,0,0,\"NA\",0,0,\"NA\",\"NA\",0,\"NA\",0,0,0,0,1,3,0,0,0,1,3,1,1,\"NA\",1,\"NA\",0,0,0,0,\"NA\",0,2,0,1,0,1,\"NA\",3,2,5,0,0,0,0,0,3,3,5,1,0,1,0,1,0,0,0,0,0,0,0,0,0,0,0,0,0,0,0,0,0,0,\"NA\",0,\"NA\",0,\"NA\",1,\"NA\",0,0,0,1,1,\"NA\",0,0,0,0,1,\"NA\",\"NA\",1,3,4,1,\"NA\",1,0,2,0,0,0,0,0,0,2,0,0,\"NA\",1,\"NA\",0,\"NA\",0,\"NA\",0,0,0,0,0,0,0,0,0,0,0,0,\"NA\",0,1,0,0,0,1,0,0,0,0,0,\"NA\",\"NA\",0,0,\"NA\",0,0,0,0,0,0,0,\"NA\",\"NA\",0,0,0,0,0,0,\"NA\",0,0,0,0,\"NA\",\"NA\",\"NA\",0,0,0,0,0,0,0,0,0,\"NA\",\"NA\",\"NA\",0,0,0,0,0,0,0,0,0,0,0,0,\"NA\",\"NA\",\"NA\",\"NA\",\"NA\",\"NA\",\"NA\",\"NA\",\"NA\",\"NA\",\"NA\",\"NA\",\"NA\",\"NA\",\"NA\",\"NA\",0,\"NA\",\"NA\",\"NA\",0,0,0,0,0,0,0,\"NA\",\"NA\",0,0,0,0,0,\"NA\",0,0,0,0,0,1,0,\"NA\",\"NA\",0,0,\"NA\",\"NA\",\"NA\"]},{\"type\":\"double\",\"attributes\":{\"tsp\":{\"type\":\"double\",\"attributes\":{},\"value\":[1,360,1]},\"class\":{\"type\":\"character\",\"attributes\":{},\"value\":[\"ts\"]}},\"value\":[0,0,-3.21165317e-12,0.48457896,1.48457896,1.51542104,0.51542104,0.48457896,1.96915792,2.51542104,4.90747377,9.45373688,8.5771052,5.51542104,5,5.96915792,4.09252623,4.39205273,5.09252623,4.4228948,6.51542104,4.06168416,4.4228948,6.51542104,6.48457896,\"NA\",3.32399799,4.59334162,4.96915792,5.51542104,4.03084208,3.48457896,4.48457896,\"NA\",4.12467262,3.29358315,2.03084208,0.51542104,0,0,\"NA\",0,0,0,0,0,0.48457896,0.51542104,0,0,0,\"NA\",0,0,0,0,\"NA\",\"NA\",0,0,0,0,0,0,\"NA\",\"NA\",0,0,0,\"NA\",0,0,\"NA\",0,0,\"NA\",\"NA\",0.25416186,0.75369248,1,\"NA\",\"NA\",1.25416186,1.65840531,1.51542104,2.93831584,\"NA\",\"NA\",1.4420346,0.34754674,0.96915792,2,1.51542104,0.51542104,\"NA\",0.67514598,0.18174905,0.48457896,1,1,0.51542104,0,0.96915792,1.03084208,0,1.45373688,2.03084208,1.48457896,1.51542104,1,0.51542104,0,0,0,0,\"NA\",0,\"NA\",\"NA\",0,0,0,\"NA\",0,0,\"NA\",\"NA\",0,\"NA\",0,0,0,0,0,0.48457896,1.96915792,1.54626312,0,0,0.48457896,1.96915792,2.03084208,\"NA\",1,\"NA\",0.88204711,0.24969765,0,0,\"NA\",0,0.1856679,0.96915792,1.03084208,0.48457896,0.51542104,\"NA\",0.97541808,2.14383193,2.51542104,3.45373688,2.5771052,0,0,0,0,1.45373688,3,3.96915792,3.06168416,0.51542104,0.48457896,0.51542104,0.48457896,0.51542104,0,0,0,0,0,0,0,0,0,0,0,0,0,0,0,0,\"NA\",0,\"NA\",0,\"NA\",0.12084002,\"NA\",0.76207877,0.14626014,1.44786399e-17,0,0.48457896,\"NA\",0.8999093,0.28408307,5.72232305e-17,0,0,\"NA\",\"NA\",0.71159308,1.15917984,1.96915792,3.48457896,\"NA\",1.67428996,1.49266997,0.51542104,0.96915792,1.03084208,0,0,0,0,0,0.96915792,1.03084208,\"NA\",0.1000907,\"NA\",0.74819818,\"NA\",0.0654897,\"NA\",0.0260762,0.02173076,2.15117936e-18,1.1087631e-18,0,0,0,0,0,0,0,0,\"NA\",0,0.09283395,0.48457896,0.51542104,0,0,0.48457896,0.51542104,0,0,0,\"NA\",\"NA\",0,0,\"NA\",0,0,0,0,0,0,0,\"NA\",\"NA\",0,0,0,0,0,0,\"NA\",0,0,0,0,\"NA\",\"NA\",\"NA\",0,0,0,0,0,0,0,0,0,\"NA\",\"NA\",\"NA\",0,0,0,0,0,0,0,0,0,0,0,0,\"NA\",\"NA\",\"NA\",\"NA\",\"NA\",\"NA\",\"NA\",\"NA\",\"NA\",\"NA\",\"NA\",\"NA\",\"NA\",\"NA\",\"NA\",\"NA\",0,\"NA\",\"NA\",\"NA\",0,0,0,0,0,0,0,\"NA\",\"NA\",0,0,0,0,0,\"NA\",0,0,0,0,0,0,0.48457896,\"NA\",\"NA\",0.28840692,0.03139448,\"NA\",\"NA\",\"NA\"]}]},{\"type\":\"double\",\"attributes\":{},\"value\":[95]},{\"type\":\"double\",\"attributes\":{\"tsp\":{\"type\":\"double\",\"attributes\":{},\"value\":[361,373,1]},\"class\":{\"type\":\"character\",\"attributes\":{},\"value\":[\"ts\"]}},\"value\":[8.83791278e-18,9.59513302e-18,9.20484578e-18,9.40600803e-18,9.30232477e-18,9.35576531e-18,9.32822093e-18,9.34241788e-18,9.33510048e-18,9.33887202e-18,9.33692809e-18,9.33793003e-18,9.33741361e-18]},{\"type\":\"double\",\"attributes\":{\"dim\":{\"type\":\"integer\",\"attributes\":{},\"value\":[13,1]},\"dimnames\":{\"type\":\"list\",\"attributes\":{},\"value\":[{\"type\":\"NULL\"},{\"type\":\"character\",\"attributes\":{},\"value\":[\"95%\"]}]},\"tsp\":{\"type\":\"double\",\"attributes\":{},\"value\":[361,373,1]},\"class\":{\"type\":\"character\",\"attributes\":{},\"value\":[\"ts\"]}},\"value\":[-3.53580834,-3.89765891,-4.19559528,-4.48953827,-4.75766423,-5.01523111,-5.25834763,-5.4916242,-5.71493444,-5.93006601,-6.13754957,-6.33830067,-6.53285778]},{\"type\":\"double\",\"attributes\":{\"dim\":{\"type\":\"integer\",\"attributes\":{},\"value\":[13,1]},\"dimnames\":{\"type\":\"list\",\"attributes\":{},\"value\":[{\"type\":\"NULL\"},{\"type\":\"character\",\"attributes\":{},\"value\":[\"95%\"]}]},\"tsp\":{\"type\":\"double\",\"attributes\":{},\"value\":[361,373,1]},\"class\":{\"type\":\"character\",\"attributes\":{},\"value\":[\"ts\"]}},\"value\":[3.53580834,3.89765891,4.19559528,4.48953827,4.75766423,5.01523111,5.25834763,5.4916242,5.71493444,5.93006601,6.13754957,6.33830067,6.53285778]},{\"type\":\"integer\",\"attributes\":{\"tsp\":{\"type\":\"double\",\"attributes\":{},\"value\":[1,360,1]},\"class\":{\"type\":\"character\",\"attributes\":{},\"value\":[\"ts\"]}},\"value\":[0,0,1,2,1,0,1,3,2,8,11,6,5,5,7,1,8,2,7,6,2,7,6,7,2,\"NA\",4,6,5,3,4,5,4,\"NA\",3,1,0,0,0,0,\"NA\",0,0,0,0,1,0,0,0,0,0,\"NA\",0,0,0,0,\"NA\",\"NA\",0,0,0,0,0,0,\"NA\",\"NA\",0,0,0,\"NA\",0,0,\"NA\",0,0,\"NA\",\"NA\",1,1,1,\"NA\",\"NA\",2,1,5,0,\"NA\",\"NA\",0,2,2,1,0,1,\"NA\",0,1,1,1,0,0,2,0,0,3,1,2,1,1,0,0,0,0,0,0,\"NA\",0,\"NA\",\"NA\",0,0,0,\"NA\",0,0,\"NA\",\"NA\",0,\"NA\",0,0,0,0,1,3,0,0,0,1,3,1,1,\"NA\",1,\"NA\",0,0,0,0,\"NA\",0,2,0,1,0,1,\"NA\",3,2,5,0,0,0,0,0,3,3,5,1,0,1,0,1,0,0,0,0,0,0,0,0,0,0,0,0,0,0,0,0,0,0,\"NA\",0,\"NA\",0,\"NA\",1,\"NA\",0,0,0,1,1,\"NA\",0,0,0,0,1,\"NA\",\"NA\",1,3,4,1,\"NA\",1,0,2,0,0,0,0,0,0,2,0,0,\"NA\",1,\"NA\",0,\"NA\",0,\"NA\",0,0,0,0,0,0,0,0,0,0,0,0,\"NA\",0,1,0,0,0,1,0,0,0,0,0,\"NA\",\"NA\",0,0,\"NA\",0,0,0,0,0,0,0,\"NA\",\"NA\",0,0,0,0,0,0,\"NA\",0,0,0,0,\"NA\",\"NA\",\"NA\",0,0,0,0,0,0,0,0,0,\"NA\",\"NA\",\"NA\",0,0,0,0,0,0,0,0,0,0,0,0,\"NA\",\"NA\",\"NA\",\"NA\",\"NA\",\"NA\",\"NA\",\"NA\",\"NA\",\"NA\",\"NA\",\"NA\",\"NA\",\"NA\",\"NA\",\"NA\",0,\"NA\",\"NA\",\"NA\",0,0,0,0,0,0,0,\"NA\",\"NA\",0,0,0,0,0,\"NA\",0,0,0,0,0,1,0,\"NA\",\"NA\",0,0,\"NA\",\"NA\",\"NA\"]},{\"type\":\"character\",\"attributes\":{},\"value\":[\"c(0L, 0L, 1L, 2L, 1L, 0L, 1L, 3L, 2L, 8L, 11L, 6L, 5L, 5L, 7L, \",\"1L, 8L, 2L, 7L, 6L, 2L, 7L, 6L, 7L, 2L, NA, 4L, 6L, 5L, 3L, 4L, \",\"5L, 4L, NA, 3L, 1L, 0L, 0L, 0L, 0L, NA, 0L, 0L, 0L, 0L, 1L, 0L, \",\"0L, 0L, 0L, 0L, NA, 0L, 0L, 0L, 0L, NA, NA, 0L, 0L, 0L, 0L, 0L, \",\"0L, NA, NA, 0L, 0L, 0L, NA, 0L, 0L, NA, 0L, 0L, NA, NA, 1L, 1L, \",\"1L, NA, NA, 2L, 1L, 5L, 0L, NA, NA, 0L, 2L, 2L, 1L, 0L, 1L, NA, \",\"0L, 1L, 1L, 1L, 0L, 0L, 2L, 0L, 0L, 3L, 1L, 2L, 1L, 1L, 0L, 0L, \",\"0L, 0L, 0L, 0L, NA, 0L, NA, NA, 0L, 0L, 0L, NA, 0L, 0L, NA, NA, \",\"0L, NA, 0L, 0L, 0L, 0L, 1L, 3L, 0L, 0L, 0L, 1L, 3L, 1L, 1L, NA, \",\"1L, NA, 0L, 0L, 0L, 0L, NA, 0L, 2L, 0L, 1L, 0L, 1L, NA, 3L, 2L, \",\"5L, 0L, 0L, 0L, 0L, 0L, 3L, 3L, 5L, 1L, 0L, 1L, 0L, 1L, 0L, 0L, \",\"0L, 0L, 0L, 0L, 0L, 0L, 0L, 0L, 0L, 0L, 0L, 0L, 0L, 0L, 0L, 0L, \",\"NA, 0L, NA, 0L, NA, 1L, NA, 0L, 0L, 0L, 1L, 1L, NA, 0L, 0L, 0L, \",\"0L, 1L, NA, NA, 1L, 3L, 4L, 1L, NA, 1L, 0L, 2L, 0L, 0L, 0L, 0L, \",\"0L, 0L, 2L, 0L, 0L, NA, 1L, NA, 0L, NA, 0L, NA, 0L, 0L, 0L, 0L, \",\"0L, 0L, 0L, 0L, 0L, 0L, 0L, 0L, NA, 0L, 1L, 0L, 0L, 0L, 1L, 0L, \",\"0L, 0L, 0L, 0L, NA, NA, 0L, 0L, NA, 0L, 0L, 0L, 0L, 0L, 0L, 0L, \",\"NA, NA, 0L, 0L, 0L, 0L, 0L, 0L, NA, 0L, 0L, 0L, 0L, NA, NA, NA, \",\"0L, 0L, 0L, 0L, 0L, 0L, 0L, 0L, 0L, NA, NA, NA, 0L, 0L, 0L, 0L, \",\"0L, 0L, 0L, 0L, 0L, 0L, 0L, 0L, NA, NA, NA, NA, NA, NA, NA, NA, \",\"NA, NA, NA, NA, NA, NA, NA, NA, 0L, NA, NA, NA, 0L, 0L, 0L, 0L, \",\"0L, 0L, 0L, NA, NA, 0L, 0L, 0L, 0L, 0L, NA, 0L, 0L, 0L, 0L, 0L, \",\"1L, 0L, NA, NA, 0L, 0L, NA, NA, NA)\"]},{\"type\":\"double\",\"attributes\":{\"tsp\":{\"type\":\"double\",\"attributes\":{},\"value\":[1,360,1]},\"class\":{\"type\":\"character\",\"attributes\":{},\"value\":[\"ts\"]}},\"value\":[0,0,-3.21165317e-12,0.48457896,1.48457896,1.51542104,0.51542104,0.48457896,1.96915792,2.51542104,4.90747377,9.45373688,8.5771052,5.51542104,5,5.96915792,4.09252623,4.39205273,5.09252623,4.4228948,6.51542104,4.06168416,4.4228948,6.51542104,6.48457896,\"NA\",3.32399799,4.59334162,4.96915792,5.51542104,4.03084208,3.48457896,4.48457896,\"NA\",4.12467262,3.29358315,2.03084208,0.51542104,0,0,\"NA\",0,0,0,0,0,0.48457896,0.51542104,0,0,0,\"NA\",0,0,0,0,\"NA\",\"NA\",0,0,0,0,0,0,\"NA\",\"NA\",0,0,0,\"NA\",0,0,\"NA\",0,0,\"NA\",\"NA\",0.25416186,0.75369248,1,\"NA\",\"NA\",1.25416186,1.65840531,1.51542104,2.93831584,\"NA\",\"NA\",1.4420346,0.34754674,0.96915792,2,1.51542104,0.51542104,\"NA\",0.67514598,0.18174905,0.48457896,1,1,0.51542104,0,0.96915792,1.03084208,0,1.45373688,2.03084208,1.48457896,1.51542104,1,0.51542104,0,0,0,0,\"NA\",0,\"NA\",\"NA\",0,0,0,\"NA\",0,0,\"NA\",\"NA\",0,\"NA\",0,0,0,0,0,0.48457896,1.96915792,1.54626312,0,0,0.48457896,1.96915792,2.03084208,\"NA\",1,\"NA\",0.88204711,0.24969765,0,0,\"NA\",0,0.1856679,0.96915792,1.03084208,0.48457896,0.51542104,\"NA\",0.97541808,2.14383193,2.51542104,3.45373688,2.5771052,0,0,0,0,1.45373688,3,3.96915792,3.06168416,0.51542104,0.48457896,0.51542104,0.48457896,0.51542104,0,0,0,0,0,0,0,0,0,0,0,0,0,0,0,0,\"NA\",0,\"NA\",0,\"NA\",0.12084002,\"NA\",0.76207877,0.14626014,1.44786399e-17,0,0.48457896,\"NA\",0.8999093,0.28408307,5.72232305e-17,0,0,\"NA\",\"NA\",0.71159308,1.15917984,1.96915792,3.48457896,\"NA\",1.67428996,1.49266997,0.51542104,0.96915792,1.03084208,0,0,0,0,0,0.96915792,1.03084208,\"NA\",0.1000907,\"NA\",0.74819818,\"NA\",0.0654897,\"NA\",0.0260762,0.02173076,2.15117936e-18,1.1087631e-18,0,0,0,0,0,0,0,0,\"NA\",0,0.09283395,0.48457896,0.51542104,0,0,0.48457896,0.51542104,0,0,0,\"NA\",\"NA\",0,0,\"NA\",0,0,0,0,0,0,0,\"NA\",\"NA\",0,0,0,0,0,0,\"NA\",0,0,0,0,\"NA\",\"NA\",\"NA\",0,0,0,0,0,0,0,0,0,\"NA\",\"NA\",\"NA\",0,0,0,0,0,0,0,0,0,0,0,0,\"NA\",\"NA\",\"NA\",\"NA\",\"NA\",\"NA\",\"NA\",\"NA\",\"NA\",\"NA\",\"NA\",\"NA\",\"NA\",\"NA\",\"NA\",\"NA\",0,\"NA\",\"NA\",\"NA\",0,0,0,0,0,0,0,\"NA\",\"NA\",0,0,0,0,0,\"NA\",0,0,0,0,0,0,0.48457896,\"NA\",\"NA\",0.28840692,0.03139448,\"NA\",\"NA\",\"NA\"]},{\"type\":\"double\",\"attributes\":{\"tsp\":{\"type\":\"double\",\"attributes\":{},\"value\":[1,360,1]},\"class\":{\"type\":\"character\",\"attributes\":{},\"value\":[\"ts\"]}},\"value\":[0,0,1,1.51542104,-0.48457896,-1.51542104,0.48457896,2.51542104,0.03084208,5.48457896,6.09252623,-3.45373688,-3.5771052,-0.51542104,2,-4.96915792,3.90747377,-2.39205273,1.90747377,1.5771052,-4.51542104,2.93831584,1.5771052,0.48457896,-4.48457896,\"NA\",0.67600201,1.40665838,0.03084208,-2.51542104,-0.03084208,1.51542104,-0.48457896,\"NA\",-1.12467262,-2.29358315,-2.03084208,-0.51542104,0,0,\"NA\",0,0,0,0,1,-0.48457896,-0.51542104,0,0,0,\"NA\",0,0,0,0,\"NA\",\"NA\",0,0,0,0,0,0,\"NA\",\"NA\",0,0,0,\"NA\",0,0,\"NA\",0,0,\"NA\",\"NA\",0.74583814,0.24630752,0,\"NA\",\"NA\",0.74583814,-0.65840531,3.48457896,-2.93831584,\"NA\",\"NA\",-1.4420346,1.65245326,1.03084208,-1,-1.51542104,0.48457896,\"NA\",-0.67514598,0.81825095,0.51542104,0,-1,-0.51542104,2,-0.96915792,-1.03084208,3,-0.45373688,-0.03084208,-0.48457896,-0.51542104,-1,-0.51542104,0,0,0,0,\"NA\",0,\"NA\",\"NA\",0,0,0,\"NA\",0,0,\"NA\",\"NA\",0,\"NA\",0,0,0,0,1,2.51542104,-1.96915792,-1.54626312,0,1,2.51542104,-0.96915792,-1.03084208,\"NA\",0,\"NA\",-0.88204711,-0.24969765,0,0,\"NA\",0,1.8143321,-0.96915792,-0.03084208,-0.48457896,0.48457896,\"NA\",2.02458192,-0.14383193,2.48457896,-3.45373688,-2.5771052,0,0,0,3,1.54626312,2,-2.96915792,-3.06168416,0.48457896,-0.48457896,0.48457896,-0.48457896,-0.51542104,0,0,0,0,0,0,0,0,0,0,0,0,0,0,0,0,\"NA\",0,\"NA\",0,\"NA\",0.87915998,\"NA\",-0.76207877,-0.14626014,-1.44786399e-17,1,0.51542104,\"NA\",-0.8999093,-0.28408307,-5.72232305e-17,0,1,\"NA\",\"NA\",0.28840692,1.84082016,2.03084208,-2.48457896,\"NA\",-0.67428996,-1.49266997,1.48457896,-0.96915792,-1.03084208,0,0,0,0,2,-0.96915792,-1.03084208,\"NA\",0.8999093,\"NA\",-0.74819818,\"NA\",-0.0654897,\"NA\",-0.0260762,-0.02173076,-2.15117936e-18,-1.1087631e-18,0,0,0,0,0,0,0,0,\"NA\",0,0.90716605,-0.48457896,-0.51542104,0,1,-0.48457896,-0.51542104,0,0,0,\"NA\",\"NA\",0,0,\"NA\",0,0,0,0,0,0,0,\"NA\",\"NA\",0,0,0,0,0,0,\"NA\",0,0,0,0,\"NA\",\"NA\",\"NA\",0,0,0,0,0,0,0,0,0,\"NA\",\"NA\",\"NA\",0,0,0,0,0,0,0,0,0,0,0,0,\"NA\",\"NA\",\"NA\",\"NA\",\"NA\",\"NA\",\"NA\",\"NA\",\"NA\",\"NA\",\"NA\",\"NA\",\"NA\",\"NA\",\"NA\",\"NA\",0,\"NA\",\"NA\",\"NA\",0,0,0,0,0,0,0,\"NA\",\"NA\",0,0,0,0,0,\"NA\",0,0,0,0,0,1,-0.48457896,\"NA\",\"NA\",-0.28840692,-0.03139448,\"NA\",\"NA\",\"NA\"]}]}"]
