["{\"type\":\"list\",\"attributes\":{\"names\":{\"type\":\"character\",\"attributes\":{},\"value\":[\"moon\",\"estimate\",\"lower_pi\",\"upper_pi\",\"species\",\"model\",\"dataset\",\"forecast_id\"]}},\"value\":[{\"type\":\"integer\",\"attributes\":{},\"value\":[\"NA\"]},{\"type\":\"double\",\"attributes\":{},\"value\":[\"NA\"]},{\"type\":\"double\",\"attributes\":{},\"value\":[\"NA\"]},{\"type\":\"double\",\"attributes\":{},\"value\":[\"NA\"]},{\"type\":\"character\",\"attributes\":{},\"value\":[\"SF\"]},{\"type\":\"character\",\"attributes\":{},\"value\":[\"NaiveArima\"]},{\"type\":\"character\",\"attributes\":{},\"value\":[\"controls\"]},{\"type\":\"character\",\"attributes\":{},\"value\":[\"500.17\"]}]}"]
